data.text,data.id,data.edit_history_tweet_ids,meta.result_count,meta.newest_id,meta.oldest_id,meta.next_token
The Fremont Bridge has reopened to traffic at  02:34 PM on 01/01/2025,1874584915649626396,1874584915649626396,50,1875243748533408016,1874584915649626396,
The 1st Ave S Bridge has closed to traffic at  03:39 PM on 01/01/2025,1874601286022426816,1874601286022426816,50,1875243748533408016,1874584915649626396,
The 1st Ave S Bridge has reopened to traffic at  03:49 PM on 01/01/2025,1874603806341935420,1874603806341935420,50,1875243748533408016,1874584915649626396,
The Ballard Bridge has closed to traffic at  09:12 AM on 01/02/2025,1874866312276836802,1874866312276836802,50,1875243748533408016,1874584915649626396,
The Ballard Bridge has reopened to traffic at  09:17 AM on 01/02/2025,1874867509440184506,1874867509440184506,50,1875243748533408016,1874584915649626396,
The Fremont Bridge has closed to traffic at  10:01 AM on 01/02/2025,1874878591269581014,1874878591269581014,50,1875243748533408016,1874584915649626396,
The Fremont Bridge has reopened to traffic at  10:08 AM on 01/02/2025,1874880356501057810,1874880356501057810,50,1875243748533408016,1874584915649626396,
The Fremont Bridge has closed to traffic at  11:12 AM on 01/02/2025,1874896473277804881,1874896473277804881,50,1875243748533408016,1874584915649626396,
The Fremont Bridge has reopened to traffic at  11:17 AM on 01/02/2025,1874897734739890213,1874897734739890213,50,1875243748533408016,1874584915649626396,
The Ballard Bridge has closed to traffic at  11:25 AM on 01/02/2025,1874899752292397118,1874899752292397118,50,1875243748533408016,1874584915649626396,
The Ballard Bridge has reopened to traffic at  11:29 AM on 01/02/2025,1874900760196194539,1874900760196194539,50,1875243748533408016,1874584915649626396,
The 1st Ave S Bridge has closed to traffic at  11:38 AM on 01/02/2025,1874903028740055492,1874903028740055492,50,1875243748533408016,1874584915649626396,
The 1st Ave S Bridge has reopened to traffic at  11:39 AM on 01/02/2025,1874903281287512294,1874903281287512294,50,1875243748533408016,1874584915649626396,
The Montlake Bridge has closed to traffic at  12:03 PM on 01/02/2025,1874909326844043297,1874909326844043297,50,1875243748533408016,1874584915649626396,
The Montlake Bridge has reopened to traffic at  12:10 PM on 01/02/2025,1874911092084031552,1874911092084031552,50,1875243748533408016,1874584915649626396,
The Montlake Bridge has closed to traffic at  12:50 PM on 01/02/2025,1874921167297101920,1874921167297101920,50,1875243748533408016,1874584915649626396,
The Montlake Bridge has reopened to traffic at  12:52 PM on 01/02/2025,1874921608726642723,1874921608726642723,50,1875243748533408016,1874584915649626396,
The 1st Ave S Bridge has closed to traffic at  01:05 PM on 01/02/2025,1874924885321126002,1874924885321126002,50,1875243748533408016,1874584915649626396,
The 1st Ave S Bridge has reopened to traffic at  01:06 PM on 01/02/2025,1874925137885339837,1874925137885339837,50,1875243748533408016,1874584915649626396,
The Ballard Bridge has closed to traffic at  01:11 PM on 01/02/2025,1874926397950763357,1874926397950763357,50,1875243748533408016,1874584915649626396,
The Ballard Bridge has reopened to traffic at  01:18 PM on 01/02/2025,1874928163073249362,1874928163073249362,50,1875243748533408016,1874584915649626396,
The 1st Ave S Bridge has closed to traffic at  01:31 PM on 01/02/2025,1874931439109882002,1874931439109882002,50,1875243748533408016,1874584915649626396,
The Fremont Bridge has closed to traffic at  01:32 PM on 01/02/2025,1874931691636306138,1874931691636306138,50,1875243748533408016,1874584915649626396,
The 1st Ave S Bridge has reopened to traffic at  01:40 PM on 01/02/2025,1874933708811272425,1874933708811272425,50,1875243748533408016,1874584915649626396,
The Fremont Bridge has reopened to traffic at  01:40 PM on 01/02/2025,1874933709645975650,1874933709645975650,50,1875243748533408016,1874584915649626396,
The 1st Ave S Bridge has closed to traffic at  01:54 PM on 01/02/2025,1874937241975619937,1874937241975619937,50,1875243748533408016,1874584915649626396,
The 1st Ave S Bridge has reopened to traffic at  02:05 PM on 01/02/2025,1874940014569902262,1874940014569902262,50,1875243748533408016,1874584915649626396,
The Ballard Bridge has closed to traffic at  02:45 PM on 01/02/2025,1874950088818356619,1874950088818356619,50,1875243748533408016,1874584915649626396,
The Ballard Bridge has reopened to traffic at  02:50 PM on 01/02/2025,1874951348472750340,1874951348472750340,50,1875243748533408016,1874584915649626396,
The Fremont Bridge has closed to traffic at  03:00 PM on 01/02/2025,1874953868649578801,1874953868649578801,50,1875243748533408016,1874584915649626396,
The Fremont Bridge has reopened to traffic at  03:03 PM on 01/02/2025,1874954624752586946,1874954624752586946,50,1875243748533408016,1874584915649626396,
The Ballard Bridge has closed to traffic at  03:25 PM on 01/02/2025,1874960168418725925,1874960168418725925,50,1875243748533408016,1874584915649626396,
The Ballard Bridge has reopened to traffic at  03:31 PM on 01/02/2025,1874961682407338080,1874961682407338080,50,1875243748533408016,1874584915649626396,
The Fremont Bridge has closed to traffic at  03:40 PM on 01/02/2025,1874963950972121262,1874963950972121262,50,1875243748533408016,1874584915649626396,
The Fremont Bridge has reopened to traffic at  03:47 PM on 01/02/2025,1874965653322596559,1874965653322596559,50,1875243748533408016,1874584915649626396,
The University Bridge has closed to traffic at  03:57 PM on 01/02/2025,1874968174262907107,1874968174262907107,50,1875243748533408016,1874584915649626396,
The University Bridge has reopened to traffic at  04:04 PM on 01/02/2025,1874969939314131038,1874969939314131038,50,1875243748533408016,1874584915649626396,
The University Bridge has closed to traffic at  07:40 PM on 01/02/2025,1875024330729644273,1875024330729644273,50,1875243748533408016,1874584915649626396,
The University Bridge has reopened to traffic at  07:46 PM on 01/02/2025,1875025844130988450,1875025844130988450,50,1875243748533408016,1874584915649626396,
The Fremont Bridge has closed to traffic at  07:56 PM on 01/02/2025,1875028364425322520,1875028364425322520,50,1875243748533408016,1874584915649626396,
The Fremont Bridge has reopened to traffic at  08:02 PM on 01/02/2025,1875029877562437814,1875029877562437814,50,1875243748533408016,1874584915649626396,
The Ballard Bridge has closed to traffic at  08:09 PM on 01/02/2025,1875031642408108055,1875031642408108055,50,1875243748533408016,1874584915649626396,
The Ballard Bridge has reopened to traffic at  08:14 PM on 01/02/2025,1875032901898920137,1875032901898920137,50,1875243748533408016,1874584915649626396,
The Ballard Bridge has reopened to traffic at  05:43 AM on 01/03/2025,1875176065938972906,1875176065938972906,50,1875243748533408016,1874584915649626396,
The University Bridge has closed to traffic at  06:48 AM on 01/03/2025,1875192435195949172,1875192435195949172,50,1875243748533408016,1874584915649626396,
The University Bridge has reopened to traffic at  06:52 AM on 01/03/2025,1875193442965549526,1875193442965549526,50,1875243748533408016,1874584915649626396,
The Ballard Bridge has reopened to traffic at  07:00 AM on 01/03/2025,1875195459645682150,1875195459645682150,50,1875243748533408016,1874584915649626396,
The Fremont Bridge has closed to traffic at  09:42 AM on 01/03/2025,1875236189890085169,1875236189890085169,50,1875243748533408016,1874584915649626396,
The Fremont Bridge has reopened to traffic at  09:48 AM on 01/03/2025,1875237703044010164,1875237703044010164,50,1875243748533408016,1874584915649626396,
The 1st Ave S Bridge has closed to traffic at  10:12 AM on 01/03/2025,1875243748533408016,1875243748533408016,50,1875243748533408016,1874584915649626396,
The 1st Ave S Bridge has reopened to traffic at  10:20 AM on 01/03/2025,1875245765293125901,1875245765293125901,100,1875940381776617825,1875245765293125901,7140dibdnow9c7btw4b2tlhglrbiorgdhbk5cjakebigh
The 1st Ave S Bridge has closed to traffic at  11:01 AM on 01/03/2025,1875256091350876327,1875256091350876327,100,1875940381776617825,1875245765293125901,7140dibdnow9c7btw4b2tlhglrbiorgdhbk5cjakebigh
The 1st Ave S Bridge has reopened to traffic at  11:02 AM on 01/03/2025,1875256343776674097,1875256343776674097,100,1875940381776617825,1875245765293125901,7140dibdnow9c7btw4b2tlhglrbiorgdhbk5cjakebigh
The 1st Ave S Bridge has closed to traffic at  11:26 AM on 01/03/2025,1875262389266055564,1875262389266055564,100,1875940381776617825,1875245765293125901,7140dibdnow9c7btw4b2tlhglrbiorgdhbk5cjakebigh
The Fremont Bridge has closed to traffic at  11:29 AM on 01/03/2025,1875263145260020055,1875263145260020055,100,1875940381776617825,1875245765293125901,7140dibdnow9c7btw4b2tlhglrbiorgdhbk5cjakebigh
The Fremont Bridge has reopened to traffic at  11:35 AM on 01/03/2025,1875264658367770968,1875264658367770968,100,1875940381776617825,1875245765293125901,7140dibdnow9c7btw4b2tlhglrbiorgdhbk5cjakebigh
The 1st Ave S Bridge has reopened to traffic at  11:39 AM on 01/03/2025,1875265666279993708,1875265666279993708,100,1875940381776617825,1875245765293125901,7140dibdnow9c7btw4b2tlhglrbiorgdhbk5cjakebigh
The Fremont Bridge has closed to traffic at  12:00 PM on 01/03/2025,1875270957394481482,1875270957394481482,100,1875940381776617825,1875245765293125901,7140dibdnow9c7btw4b2tlhglrbiorgdhbk5cjakebigh
The Fremont Bridge has reopened to traffic at  12:04 PM on 01/03/2025,1875271965382197315,1875271965382197315,100,1875940381776617825,1875245765293125901,7140dibdnow9c7btw4b2tlhglrbiorgdhbk5cjakebigh
The Fremont Bridge has closed to traffic at  12:11 PM on 01/03/2025,1875273730303390205,1875273730303390205,100,1875940381776617825,1875245765293125901,7140dibdnow9c7btw4b2tlhglrbiorgdhbk5cjakebigh
The Fremont Bridge has reopened to traffic at  12:15 PM on 01/03/2025,1875274738094026801,1875274738094026801,100,1875940381776617825,1875245765293125901,7140dibdnow9c7btw4b2tlhglrbiorgdhbk5cjakebigh
The Ballard Bridge has closed to traffic at  12:16 PM on 01/03/2025,1875274990595248487,1875274990595248487,100,1875940381776617825,1875245765293125901,7140dibdnow9c7btw4b2tlhglrbiorgdhbk5cjakebigh
The Ballard Bridge has reopened to traffic at  12:21 PM on 01/03/2025,1875276250144747523,1875276250144747523,100,1875940381776617825,1875245765293125901,7140dibdnow9c7btw4b2tlhglrbiorgdhbk5cjakebigh
The 1st Ave S Bridge has closed to traffic at  12:22 PM on 01/03/2025,1875276504244081141,1875276504244081141,100,1875940381776617825,1875245765293125901,7140dibdnow9c7btw4b2tlhglrbiorgdhbk5cjakebigh
The University Bridge has closed to traffic at  12:23 PM on 01/03/2025,1875276756598583394,1875276756598583394,100,1875940381776617825,1875245765293125901,7140dibdnow9c7btw4b2tlhglrbiorgdhbk5cjakebigh
The University Bridge has reopened to traffic at  12:28 PM on 01/03/2025,1875278016198443200,1875278016198443200,100,1875940381776617825,1875245765293125901,7140dibdnow9c7btw4b2tlhglrbiorgdhbk5cjakebigh
The 1st Ave S Bridge has reopened to traffic at  12:33 PM on 01/03/2025,1875279278457467022,1875279278457467022,100,1875940381776617825,1875245765293125901,7140dibdnow9c7btw4b2tlhglrbiorgdhbk5cjakebigh
The Ballard Bridge has closed to traffic at  12:33 PM on 01/03/2025,1875279279602462952,1875279279602462952,100,1875940381776617825,1875245765293125901,7140dibdnow9c7btw4b2tlhglrbiorgdhbk5cjakebigh
The Ballard Bridge has reopened to traffic at  12:37 PM on 01/03/2025,1875280225401262181,1875280225401262181,100,1875940381776617825,1875245765293125901,7140dibdnow9c7btw4b2tlhglrbiorgdhbk5cjakebigh
The Fremont Bridge has closed to traffic at  12:42 PM on 01/03/2025,1875281485688926452,1875281485688926452,100,1875940381776617825,1875245765293125901,7140dibdnow9c7btw4b2tlhglrbiorgdhbk5cjakebigh
The Fremont Bridge has reopened to traffic at  12:46 PM on 01/03/2025,1875282495572529320,1875282495572529320,100,1875940381776617825,1875245765293125901,7140dibdnow9c7btw4b2tlhglrbiorgdhbk5cjakebigh
The Ballard Bridge has closed to traffic at  12:55 PM on 01/03/2025,1875284764686741950,1875284764686741950,100,1875940381776617825,1875245765293125901,7140dibdnow9c7btw4b2tlhglrbiorgdhbk5cjakebigh
The Ballard Bridge has reopened to traffic at  12:58 PM on 01/03/2025,1875285520831721906,1875285520831721906,100,1875940381776617825,1875245765293125901,7140dibdnow9c7btw4b2tlhglrbiorgdhbk5cjakebigh
The Ballard Bridge has closed to traffic at  01:35 PM on 01/03/2025,1875294839841169728,1875294839841169728,100,1875940381776617825,1875245765293125901,7140dibdnow9c7btw4b2tlhglrbiorgdhbk5cjakebigh
The Fremont Bridge has closed to traffic at  01:37 PM on 01/03/2025,1875295344172658741,1875295344172658741,100,1875940381776617825,1875245765293125901,7140dibdnow9c7btw4b2tlhglrbiorgdhbk5cjakebigh
The Ballard Bridge has reopened to traffic at  01:39 PM on 01/03/2025,1875295848445440198,1875295848445440198,100,1875940381776617825,1875245765293125901,7140dibdnow9c7btw4b2tlhglrbiorgdhbk5cjakebigh
The Fremont Bridge has reopened to traffic at  01:43 PM on 01/03/2025,1875296856089227627,1875296856089227627,100,1875940381776617825,1875245765293125901,7140dibdnow9c7btw4b2tlhglrbiorgdhbk5cjakebigh
The University Bridge has closed to traffic at  01:45 PM on 01/03/2025,1875297360240374093,1875297360240374093,100,1875940381776617825,1875245765293125901,7140dibdnow9c7btw4b2tlhglrbiorgdhbk5cjakebigh
The University Bridge has reopened to traffic at  01:49 PM on 01/03/2025,1875298368181956797,1875298368181956797,100,1875940381776617825,1875245765293125901,7140dibdnow9c7btw4b2tlhglrbiorgdhbk5cjakebigh
The Fremont Bridge has closed to traffic at  01:50 PM on 01/03/2025,1875298620729389312,1875298620729389312,100,1875940381776617825,1875245765293125901,7140dibdnow9c7btw4b2tlhglrbiorgdhbk5cjakebigh
The Fremont Bridge has reopened to traffic at  01:54 PM on 01/03/2025,1875299628540948818,1875299628540948818,100,1875940381776617825,1875245765293125901,7140dibdnow9c7btw4b2tlhglrbiorgdhbk5cjakebigh
The Fremont Bridge has closed to traffic at  02:00 PM on 01/03/2025,1875301141682253936,1875301141682253936,100,1875940381776617825,1875245765293125901,7140dibdnow9c7btw4b2tlhglrbiorgdhbk5cjakebigh
The Fremont Bridge has reopened to traffic at  02:04 PM on 01/03/2025,1875302149498011747,1875302149498011747,100,1875940381776617825,1875245765293125901,7140dibdnow9c7btw4b2tlhglrbiorgdhbk5cjakebigh
The Ballard Bridge has closed to traffic at  02:12 PM on 01/03/2025,1875304166014513423,1875304166014513423,100,1875940381776617825,1875245765293125901,7140dibdnow9c7btw4b2tlhglrbiorgdhbk5cjakebigh
The 1st Ave S Bridge has closed to traffic at  02:15 PM on 01/03/2025,1875304921966494080,1875304921966494080,100,1875940381776617825,1875245765293125901,7140dibdnow9c7btw4b2tlhglrbiorgdhbk5cjakebigh
The Ballard Bridge has reopened to traffic at  02:16 PM on 01/03/2025,1875305174442635763,1875305174442635763,100,1875940381776617825,1875245765293125901,7140dibdnow9c7btw4b2tlhglrbiorgdhbk5cjakebigh
The 1st Ave S Bridge has reopened to traffic at  02:24 PM on 01/03/2025,1875307194436219096,1875307194436219096,100,1875940381776617825,1875245765293125901,7140dibdnow9c7btw4b2tlhglrbiorgdhbk5cjakebigh
The Ballard Bridge has closed to traffic at  03:47 PM on 01/03/2025,1875328096657924417,1875328096657924417,100,1875940381776617825,1875245765293125901,7140dibdnow9c7btw4b2tlhglrbiorgdhbk5cjakebigh
The Ballard Bridge has reopened to traffic at  03:51 PM on 01/03/2025,1875329104490434803,1875329104490434803,100,1875940381776617825,1875245765293125901,7140dibdnow9c7btw4b2tlhglrbiorgdhbk5cjakebigh
The Ballard Bridge has closed to traffic at  06:00 PM on 01/03/2025,1875361527869673914,1875361527869673914,100,1875940381776617825,1875245765293125901,7140dibdnow9c7btw4b2tlhglrbiorgdhbk5cjakebigh
The Ballard Bridge has reopened to traffic at  06:04 PM on 01/03/2025,1875362535903547440,1875362535903547440,100,1875940381776617825,1875245765293125901,7140dibdnow9c7btw4b2tlhglrbiorgdhbk5cjakebigh
The Fremont Bridge has closed to traffic at  06:15 PM on 01/03/2025,1875365307797442766,1875365307797442766,100,1875940381776617825,1875245765293125901,7140dibdnow9c7btw4b2tlhglrbiorgdhbk5cjakebigh
The Fremont Bridge has reopened to traffic at  06:21 PM on 01/03/2025,1875366821043507612,1875366821043507612,100,1875940381776617825,1875245765293125901,7140dibdnow9c7btw4b2tlhglrbiorgdhbk5cjakebigh
The University Bridge has closed to traffic at  06:31 PM on 01/03/2025,1875369341392450038,1875369341392450038,100,1875940381776617825,1875245765293125901,7140dibdnow9c7btw4b2tlhglrbiorgdhbk5cjakebigh
The University Bridge has reopened to traffic at  06:37 PM on 01/03/2025,1875370854827356633,1875370854827356633,100,1875940381776617825,1875245765293125901,7140dibdnow9c7btw4b2tlhglrbiorgdhbk5cjakebigh
The University Bridge has closed to traffic at  10:02 PM on 01/03/2025,1875422414492070011,1875422414492070011,100,1875940381776617825,1875245765293125901,7140dibdnow9c7btw4b2tlhglrbiorgdhbk5cjakebigh
The University Bridge has reopened to traffic at  10:08 PM on 01/03/2025,1875423942422491429,1875423942422491429,100,1875940381776617825,1875245765293125901,7140dibdnow9c7btw4b2tlhglrbiorgdhbk5cjakebigh
The Fremont Bridge has closed to traffic at  10:18 PM on 01/03/2025,1875426467787804869,1875426467787804869,100,1875940381776617825,1875245765293125901,7140dibdnow9c7btw4b2tlhglrbiorgdhbk5cjakebigh
The Fremont Bridge has reopened to traffic at  10:24 PM on 01/03/2025,1875427981415620819,1875427981415620819,100,1875940381776617825,1875245765293125901,7140dibdnow9c7btw4b2tlhglrbiorgdhbk5cjakebigh
The Ballard Bridge has closed to traffic at  10:30 PM on 01/03/2025,1875429494405955869,1875429494405955869,100,1875940381776617825,1875245765293125901,7140dibdnow9c7btw4b2tlhglrbiorgdhbk5cjakebigh
The Ballard Bridge has reopened to traffic at  10:35 PM on 01/03/2025,1875430753926050181,1875430753926050181,100,1875940381776617825,1875245765293125901,7140dibdnow9c7btw4b2tlhglrbiorgdhbk5cjakebigh
The Fremont Bridge has closed to traffic at  10:57 PM on 01/03/2025,1875436296677814481,1875436296677814481,100,1875940381776617825,1875245765293125901,7140dibdnow9c7btw4b2tlhglrbiorgdhbk5cjakebigh
The Fremont Bridge has reopened to traffic at  11:01 PM on 01/03/2025,1875437304409678242,1875437304409678242,100,1875940381776617825,1875245765293125901,7140dibdnow9c7btw4b2tlhglrbiorgdhbk5cjakebigh
The 1st Ave S Bridge has closed to traffic at  07:28 AM on 01/04/2025,1875564857300566225,1875564857300566225,100,1875940381776617825,1875245765293125901,7140dibdnow9c7btw4b2tlhglrbiorgdhbk5cjakebigh
The 1st Ave S Bridge has reopened to traffic at  07:36 AM on 01/04/2025,1875566873829621774,1875566873829621774,100,1875940381776617825,1875245765293125901,7140dibdnow9c7btw4b2tlhglrbiorgdhbk5cjakebigh
The 1st Ave S Bridge has closed to traffic at  08:06 AM on 01/04/2025,1875574430195446047,1875574430195446047,100,1875940381776617825,1875245765293125901,7140dibdnow9c7btw4b2tlhglrbiorgdhbk5cjakebigh
The 1st Ave S Bridge has reopened to traffic at  08:13 AM on 01/04/2025,1875576195074683275,1875576195074683275,100,1875940381776617825,1875245765293125901,7140dibdnow9c7btw4b2tlhglrbiorgdhbk5cjakebigh
The Fremont Bridge has closed to traffic at  08:17 AM on 01/04/2025,1875577202894688581,1875577202894688581,100,1875940381776617825,1875245765293125901,7140dibdnow9c7btw4b2tlhglrbiorgdhbk5cjakebigh
The Fremont Bridge has reopened to traffic at  08:23 AM on 01/04/2025,1875578721597636862,1875578721597636862,100,1875940381776617825,1875245765293125901,7140dibdnow9c7btw4b2tlhglrbiorgdhbk5cjakebigh
The University Bridge has closed to traffic at  08:40 AM on 01/04/2025,1875583004871160105,1875583004871160105,100,1875940381776617825,1875245765293125901,7140dibdnow9c7btw4b2tlhglrbiorgdhbk5cjakebigh
The University Bridge has reopened to traffic at  08:45 AM on 01/04/2025,1875584264517099533,1875584264517099533,100,1875940381776617825,1875245765293125901,7140dibdnow9c7btw4b2tlhglrbiorgdhbk5cjakebigh
The Montlake Bridge has closed to traffic at  08:50 AM on 01/04/2025,1875585525647863986,1875585525647863986,100,1875940381776617825,1875245765293125901,7140dibdnow9c7btw4b2tlhglrbiorgdhbk5cjakebigh
The Montlake Bridge has reopened to traffic at  08:56 AM on 01/04/2025,1875587038780780775,1875587038780780775,100,1875940381776617825,1875245765293125901,7140dibdnow9c7btw4b2tlhglrbiorgdhbk5cjakebigh
The 1st Ave S Bridge has closed to traffic at  10:11 AM on 01/04/2025,1875605928109801878,1875605928109801878,100,1875940381776617825,1875245765293125901,7140dibdnow9c7btw4b2tlhglrbiorgdhbk5cjakebigh
The University Bridge has closed to traffic at  10:11 AM on 01/04/2025,1875605929070358659,1875605929070358659,100,1875940381776617825,1875245765293125901,7140dibdnow9c7btw4b2tlhglrbiorgdhbk5cjakebigh
The University Bridge has reopened to traffic at  10:15 AM on 01/04/2025,1875606874097381554,1875606874097381554,100,1875940381776617825,1875245765293125901,7140dibdnow9c7btw4b2tlhglrbiorgdhbk5cjakebigh
The 1st Ave S Bridge has reopened to traffic at  10:21 AM on 01/04/2025,1875608387200909695,1875608387200909695,100,1875940381776617825,1875245765293125901,7140dibdnow9c7btw4b2tlhglrbiorgdhbk5cjakebigh
The University Bridge has closed to traffic at  10:37 AM on 01/04/2025,1875612418841481417,1875612418841481417,100,1875940381776617825,1875245765293125901,7140dibdnow9c7btw4b2tlhglrbiorgdhbk5cjakebigh
The University Bridge has reopened to traffic at  10:41 AM on 01/04/2025,1875613426644652109,1875613426644652109,100,1875940381776617825,1875245765293125901,7140dibdnow9c7btw4b2tlhglrbiorgdhbk5cjakebigh
The Fremont Bridge has closed to traffic at  10:59 AM on 01/04/2025,1875617961240859122,1875617961240859122,100,1875940381776617825,1875245765293125901,7140dibdnow9c7btw4b2tlhglrbiorgdhbk5cjakebigh
The Fremont Bridge has reopened to traffic at  11:03 AM on 01/04/2025,1875618969086013751,1875618969086013751,100,1875940381776617825,1875245765293125901,7140dibdnow9c7btw4b2tlhglrbiorgdhbk5cjakebigh
The Ballard Bridge has closed to traffic at  11:12 AM on 01/04/2025,1875621237420101759,1875621237420101759,100,1875940381776617825,1875245765293125901,7140dibdnow9c7btw4b2tlhglrbiorgdhbk5cjakebigh
The Ballard Bridge has reopened to traffic at  11:16 AM on 01/04/2025,1875622245206520282,1875622245206520282,100,1875940381776617825,1875245765293125901,7140dibdnow9c7btw4b2tlhglrbiorgdhbk5cjakebigh
The Ballard Bridge has closed to traffic at  11:41 AM on 01/04/2025,1875628543784493535,1875628543784493535,100,1875940381776617825,1875245765293125901,7140dibdnow9c7btw4b2tlhglrbiorgdhbk5cjakebigh
The Ballard Bridge has reopened to traffic at  11:46 AM on 01/04/2025,1875629803505905689,1875629803505905689,100,1875940381776617825,1875245765293125901,7140dibdnow9c7btw4b2tlhglrbiorgdhbk5cjakebigh
The Fremont Bridge has closed to traffic at  12:00 PM on 01/04/2025,1875633331041386586,1875633331041386586,100,1875940381776617825,1875245765293125901,7140dibdnow9c7btw4b2tlhglrbiorgdhbk5cjakebigh
The Fremont Bridge has reopened to traffic at  12:05 PM on 01/04/2025,1875634590758711395,1875634590758711395,100,1875940381776617825,1875245765293125901,7140dibdnow9c7btw4b2tlhglrbiorgdhbk5cjakebigh
The Fremont Bridge has closed to traffic at  12:12 PM on 01/04/2025,1875636355759534434,1875636355759534434,100,1875940381776617825,1875245765293125901,7140dibdnow9c7btw4b2tlhglrbiorgdhbk5cjakebigh
The Fremont Bridge has reopened to traffic at  12:16 PM on 01/04/2025,1875637363524956576,1875637363524956576,100,1875940381776617825,1875245765293125901,7140dibdnow9c7btw4b2tlhglrbiorgdhbk5cjakebigh
The Fremont Bridge has closed to traffic at  02:12 PM on 01/04/2025,1875666575115858341,1875666575115858341,100,1875940381776617825,1875245765293125901,7140dibdnow9c7btw4b2tlhglrbiorgdhbk5cjakebigh
The Fremont Bridge has reopened to traffic at  02:16 PM on 01/04/2025,1875667582927474927,1875667582927474927,100,1875940381776617825,1875245765293125901,7140dibdnow9c7btw4b2tlhglrbiorgdhbk5cjakebigh
The Ballard Bridge has closed to traffic at  04:21 PM on 01/04/2025,1875699000785142094,1875699000785142094,100,1875940381776617825,1875245765293125901,7140dibdnow9c7btw4b2tlhglrbiorgdhbk5cjakebigh
The Ballard Bridge has reopened to traffic at  04:26 PM on 01/04/2025,1875700260410101853,1875700260410101853,100,1875940381776617825,1875245765293125901,7140dibdnow9c7btw4b2tlhglrbiorgdhbk5cjakebigh
The Fremont Bridge has closed to traffic at  04:36 PM on 01/04/2025,1875702780624793917,1875702780624793917,100,1875940381776617825,1875245765293125901,7140dibdnow9c7btw4b2tlhglrbiorgdhbk5cjakebigh
The Fremont Bridge has reopened to traffic at  04:43 PM on 01/04/2025,1875704545306939659,1875704545306939659,100,1875940381776617825,1875245765293125901,7140dibdnow9c7btw4b2tlhglrbiorgdhbk5cjakebigh
The Ballard Bridge has closed to traffic at  04:47 PM on 01/04/2025,1875705553110040799,1875705553110040799,100,1875940381776617825,1875245765293125901,7140dibdnow9c7btw4b2tlhglrbiorgdhbk5cjakebigh
The Ballard Bridge has reopened to traffic at  04:51 PM on 01/04/2025,1875706561013907573,1875706561013907573,100,1875940381776617825,1875245765293125901,7140dibdnow9c7btw4b2tlhglrbiorgdhbk5cjakebigh
The University Bridge has closed to traffic at  04:56 PM on 01/04/2025,1875707820731199501,1875707820731199501,100,1875940381776617825,1875245765293125901,7140dibdnow9c7btw4b2tlhglrbiorgdhbk5cjakebigh
The Fremont Bridge has closed to traffic at  05:02 PM on 01/04/2025,1875709334166106314,1875709334166106314,100,1875940381776617825,1875245765293125901,7140dibdnow9c7btw4b2tlhglrbiorgdhbk5cjakebigh
The University Bridge has reopened to traffic at  05:03 PM on 01/04/2025,1875709586629620077,1875709586629620077,100,1875940381776617825,1875245765293125901,7140dibdnow9c7btw4b2tlhglrbiorgdhbk5cjakebigh
The Fremont Bridge has reopened to traffic at  05:07 PM on 01/04/2025,1875710595074584872,1875710595074584872,100,1875940381776617825,1875245765293125901,7140dibdnow9c7btw4b2tlhglrbiorgdhbk5cjakebigh
The University Bridge has closed to traffic at  05:18 PM on 01/04/2025,1875713367660482745,1875713367660482745,100,1875940381776617825,1875245765293125901,7140dibdnow9c7btw4b2tlhglrbiorgdhbk5cjakebigh
The University Bridge has reopened to traffic at  05:21 PM on 01/04/2025,1875714123587342459,1875714123587342459,100,1875940381776617825,1875245765293125901,7140dibdnow9c7btw4b2tlhglrbiorgdhbk5cjakebigh
The University Bridge has closed to traffic at  08:35 PM on 01/04/2025,1875762915497959894,1875762915497959894,100,1875940381776617825,1875245765293125901,7140dibdnow9c7btw4b2tlhglrbiorgdhbk5cjakebigh
The University Bridge has reopened to traffic at  08:40 PM on 01/04/2025,1875764175097753823,1875764175097753823,100,1875940381776617825,1875245765293125901,7140dibdnow9c7btw4b2tlhglrbiorgdhbk5cjakebigh
The Fremont Bridge has closed to traffic at  08:52 PM on 01/04/2025,1875767198914167152,1875767198914167152,100,1875940381776617825,1875245765293125901,7140dibdnow9c7btw4b2tlhglrbiorgdhbk5cjakebigh
The Fremont Bridge has reopened to traffic at  08:58 PM on 01/04/2025,1875768711883452652,1875768711883452652,100,1875940381776617825,1875245765293125901,7140dibdnow9c7btw4b2tlhglrbiorgdhbk5cjakebigh
The Ballard Bridge has closed to traffic at  09:05 PM on 01/04/2025,1875770476695581120,1875770476695581120,100,1875940381776617825,1875245765293125901,7140dibdnow9c7btw4b2tlhglrbiorgdhbk5cjakebigh
The Ballard Bridge has reopened to traffic at  09:09 PM on 01/04/2025,1875771484381311089,1875771484381311089,100,1875940381776617825,1875245765293125901,7140dibdnow9c7btw4b2tlhglrbiorgdhbk5cjakebigh
The University Bridge has closed to traffic at  08:20 AM on 01/05/2025,1875940381776617825,1875940381776617825,100,1875940381776617825,1875245765293125901,7140dibdnow9c7btw4b2tlhglrbiorgdhbk5cjakebigh
The University Bridge has reopened to traffic at  08:25 AM on 01/05/2025,1875941641535832083,1875941641535832083,100,1876705422855594033,1875941641535832083,7140dibdnow9c7btw4b2tljk4q383vypuvok6d2cppw6r
The University Bridge has closed to traffic at  08:57 AM on 01/05/2025,1875949640367079737,1875949640367079737,100,1876705422855594033,1875941641535832083,7140dibdnow9c7btw4b2tljk4q383vypuvok6d2cppw6r
The University Bridge has reopened to traffic at  09:02 AM on 01/05/2025,1875950899891519593,1875950899891519593,100,1876705422855594033,1875941641535832083,7140dibdnow9c7btw4b2tljk4q383vypuvok6d2cppw6r
The 1st Ave S Bridge has closed to traffic at  11:24 AM on 01/05/2025,1875986662469316836,1875986662469316836,100,1876705422855594033,1875941641535832083,7140dibdnow9c7btw4b2tljk4q383vypuvok6d2cppw6r
The 1st Ave S Bridge has reopened to traffic at  11:33 AM on 01/05/2025,1875988931243876556,1875988931243876556,100,1876705422855594033,1875941641535832083,7140dibdnow9c7btw4b2tljk4q383vypuvok6d2cppw6r
The Fremont Bridge has closed to traffic at  11:47 AM on 01/05/2025,1875992458246635723,1875992458246635723,100,1876705422855594033,1875941641535832083,7140dibdnow9c7btw4b2tljk4q383vypuvok6d2cppw6r
The Fremont Bridge has reopened to traffic at  11:51 AM on 01/05/2025,1875993465894609181,1875993465894609181,100,1876705422855594033,1875941641535832083,7140dibdnow9c7btw4b2tljk4q383vypuvok6d2cppw6r
The Ballard Bridge has closed to traffic at  01:05 PM on 01/05/2025,1876012102781124965,1876012102781124965,100,1876705422855594033,1875941641535832083,7140dibdnow9c7btw4b2tljk4q383vypuvok6d2cppw6r
The Ballard Bridge has reopened to traffic at  01:08 PM on 01/05/2025,1876012859123257431,1876012859123257431,100,1876705422855594033,1875941641535832083,7140dibdnow9c7btw4b2tljk4q383vypuvok6d2cppw6r
The Fremont Bridge has closed to traffic at  01:20 PM on 01/05/2025,1876015883396768255,1876015883396768255,100,1876705422855594033,1875941641535832083,7140dibdnow9c7btw4b2tljk4q383vypuvok6d2cppw6r
The Fremont Bridge has reopened to traffic at  01:24 PM on 01/05/2025,1876016828243427668,1876016828243427668,100,1876705422855594033,1875941641535832083,7140dibdnow9c7btw4b2tljk4q383vypuvok6d2cppw6r
The University Bridge has closed to traffic at  01:37 PM on 01/05/2025,1876020105630601441,1876020105630601441,100,1876705422855594033,1875941641535832083,7140dibdnow9c7btw4b2tljk4q383vypuvok6d2cppw6r
The University Bridge has reopened to traffic at  01:41 PM on 01/05/2025,1876021113618342361,1876021113618342361,100,1876705422855594033,1875941641535832083,7140dibdnow9c7btw4b2tljk4q383vypuvok6d2cppw6r
The Ballard Bridge has closed to traffic at  02:14 PM on 01/05/2025,1876029427261579677,1876029427261579677,100,1876705422855594033,1875941641535832083,7140dibdnow9c7btw4b2tljk4q383vypuvok6d2cppw6r
The Ballard Bridge has reopened to traffic at  02:19 PM on 01/05/2025,1876030686936871231,1876030686936871231,100,1876705422855594033,1875941641535832083,7140dibdnow9c7btw4b2tljk4q383vypuvok6d2cppw6r
The Ballard Bridge has closed to traffic at  02:28 PM on 01/05/2025,1876032960962711879,1876032960962711879,100,1876705422855594033,1875941641535832083,7140dibdnow9c7btw4b2tljk4q383vypuvok6d2cppw6r
The Ballard Bridge has reopened to traffic at  02:31 PM on 01/05/2025,1876033717313130898,1876033717313130898,100,1876705422855594033,1875941641535832083,7140dibdnow9c7btw4b2tljk4q383vypuvok6d2cppw6r
The Fremont Bridge has closed to traffic at  02:42 PM on 01/05/2025,1876036489961976072,1876036489961976072,100,1876705422855594033,1875941641535832083,7140dibdnow9c7btw4b2tljk4q383vypuvok6d2cppw6r
The Fremont Bridge has reopened to traffic at  02:46 PM on 01/05/2025,1876037497878381047,1876037497878381047,100,1876705422855594033,1875941641535832083,7140dibdnow9c7btw4b2tljk4q383vypuvok6d2cppw6r
The University Bridge has closed to traffic at  02:57 PM on 01/05/2025,1876040270887960991,1876040270887960991,100,1876705422855594033,1875941641535832083,7140dibdnow9c7btw4b2tljk4q383vypuvok6d2cppw6r
The University Bridge has reopened to traffic at  03:00 PM on 01/05/2025,1876041027091677426,1876041027091677426,100,1876705422855594033,1875941641535832083,7140dibdnow9c7btw4b2tljk4q383vypuvok6d2cppw6r
The Ballard Bridge has closed to traffic at  04:59 PM on 01/05/2025,1876070994978447658,1876070994978447658,100,1876705422855594033,1875941641535832083,7140dibdnow9c7btw4b2tljk4q383vypuvok6d2cppw6r
The Ballard Bridge has reopened to traffic at  05:02 PM on 01/05/2025,1876071688242360763,1876071688242360763,100,1876705422855594033,1875941641535832083,7140dibdnow9c7btw4b2tljk4q383vypuvok6d2cppw6r
The Fremont Bridge has closed to traffic at  05:12 PM on 01/05/2025,1876074209056874828,1876074209056874828,100,1876705422855594033,1875941641535832083,7140dibdnow9c7btw4b2tljk4q383vypuvok6d2cppw6r
The Fremont Bridge has reopened to traffic at  05:15 PM on 01/05/2025,1876074965201772776,1876074965201772776,100,1876705422855594033,1875941641535832083,7140dibdnow9c7btw4b2tljk4q383vypuvok6d2cppw6r
The University Bridge has closed to traffic at  05:32 PM on 01/05/2025,1876079249108705510,1876079249108705510,100,1876705422855594033,1875941641535832083,7140dibdnow9c7btw4b2tljk4q383vypuvok6d2cppw6r
The University Bridge has reopened to traffic at  05:36 PM on 01/05/2025,1876080257234776451,1876080257234776451,100,1876705422855594033,1875941641535832083,7140dibdnow9c7btw4b2tljk4q383vypuvok6d2cppw6r
The Ballard Bridge has closed to traffic at  06:15 PM on 01/05/2025,1876090081125318894,1876090081125318894,100,1876705422855594033,1875941641535832083,7140dibdnow9c7btw4b2tljk4q383vypuvok6d2cppw6r
The Ballard Bridge has reopened to traffic at  06:20 PM on 01/05/2025,1876091340611829958,1876091340611829958,100,1876705422855594033,1875941641535832083,7140dibdnow9c7btw4b2tljk4q383vypuvok6d2cppw6r
The Fremont Bridge has closed to traffic at  06:29 PM on 01/05/2025,1876093609356984340,1876093609356984340,100,1876705422855594033,1875941641535832083,7140dibdnow9c7btw4b2tljk4q383vypuvok6d2cppw6r
The Fremont Bridge has reopened to traffic at  06:36 PM on 01/05/2025,1876095374081098014,1876095374081098014,100,1876705422855594033,1875941641535832083,7140dibdnow9c7btw4b2tljk4q383vypuvok6d2cppw6r
The University Bridge has closed to traffic at  06:47 PM on 01/05/2025,1876098146411131153,1876098146411131153,100,1876705422855594033,1875941641535832083,7140dibdnow9c7btw4b2tljk4q383vypuvok6d2cppw6r
The University Bridge has reopened to traffic at  06:53 PM on 01/05/2025,1876099659304997187,1876099659304997187,100,1876705422855594033,1875941641535832083,7140dibdnow9c7btw4b2tljk4q383vypuvok6d2cppw6r
The University Bridge has closed to traffic at  10:33 PM on 01/05/2025,1876155001476911484,1876155001476911484,100,1876705422855594033,1875941641535832083,7140dibdnow9c7btw4b2tljk4q383vypuvok6d2cppw6r
The University Bridge has reopened to traffic at  10:40 PM on 01/05/2025,1876156766721065057,1876156766721065057,100,1876705422855594033,1875941641535832083,7140dibdnow9c7btw4b2tljk4q383vypuvok6d2cppw6r
The Fremont Bridge has closed to traffic at  10:48 PM on 01/05/2025,1876158783678033940,1876158783678033940,100,1876705422855594033,1875941641535832083,7140dibdnow9c7btw4b2tljk4q383vypuvok6d2cppw6r
The Fremont Bridge has reopened to traffic at  10:53 PM on 01/05/2025,1876160044242497719,1876160044242497719,100,1876705422855594033,1875941641535832083,7140dibdnow9c7btw4b2tljk4q383vypuvok6d2cppw6r
The Ballard Bridge has closed to traffic at  11:00 PM on 01/05/2025,1876161809591447785,1876161809591447785,100,1876705422855594033,1875941641535832083,7140dibdnow9c7btw4b2tljk4q383vypuvok6d2cppw6r
The Ballard Bridge has reopened to traffic at  11:04 PM on 01/05/2025,1876162817352732950,1876162817352732950,100,1876705422855594033,1875941641535832083,7140dibdnow9c7btw4b2tljk4q383vypuvok6d2cppw6r
The Ballard Bridge has closed to traffic at  06:22 AM on 01/06/2025,1876273057079398487,1876273057079398487,100,1876705422855594033,1875941641535832083,7140dibdnow9c7btw4b2tljk4q383vypuvok6d2cppw6r
The Ballard Bridge has reopened to traffic at  06:27 AM on 01/06/2025,1876274316859617395,1876274316859617395,100,1876705422855594033,1875941641535832083,7140dibdnow9c7btw4b2tljk4q383vypuvok6d2cppw6r
The University Bridge has closed to traffic at  06:50 AM on 01/06/2025,1876280110527152172,1876280110527152172,100,1876705422855594033,1875941641535832083,7140dibdnow9c7btw4b2tljk4q383vypuvok6d2cppw6r
The University Bridge has reopened to traffic at  06:55 AM on 01/06/2025,1876281370370314511,1876281370370314511,100,1876705422855594033,1875941641535832083,7140dibdnow9c7btw4b2tljk4q383vypuvok6d2cppw6r
The Montlake Bridge has closed to traffic at  06:58 AM on 01/06/2025,1876282128251715760,1876282128251715760,100,1876705422855594033,1875941641535832083,7140dibdnow9c7btw4b2tljk4q383vypuvok6d2cppw6r
The Montlake Bridge has reopened to traffic at  07:04 AM on 01/06/2025,1876283641531433105,1876283641531433105,100,1876705422855594033,1875941641535832083,7140dibdnow9c7btw4b2tljk4q383vypuvok6d2cppw6r
The Fremont Bridge has closed to traffic at  09:01 AM on 01/06/2025,1876313047868088622,1876313047868088622,100,1876705422855594033,1875941641535832083,7140dibdnow9c7btw4b2tljk4q383vypuvok6d2cppw6r
The Fremont Bridge has reopened to traffic at  09:06 AM on 01/06/2025,1876314307547603059,1876314307547603059,100,1876705422855594033,1875941641535832083,7140dibdnow9c7btw4b2tljk4q383vypuvok6d2cppw6r
The Ballard Bridge has closed to traffic at  09:14 AM on 01/06/2025,1876316324487700634,1876316324487700634,100,1876705422855594033,1875941641535832083,7140dibdnow9c7btw4b2tljk4q383vypuvok6d2cppw6r
The University Bridge has closed to traffic at  09:15 AM on 01/06/2025,1876316576955367917,1876316576955367917,100,1876705422855594033,1875941641535832083,7140dibdnow9c7btw4b2tljk4q383vypuvok6d2cppw6r
The University Bridge has reopened to traffic at  09:17 AM on 01/06/2025,1876317081102434684,1876317081102434684,100,1876705422855594033,1875941641535832083,7140dibdnow9c7btw4b2tljk4q383vypuvok6d2cppw6r
The Ballard Bridge has reopened to traffic at  09:18 AM on 01/06/2025,1876317333515551032,1876317333515551032,100,1876705422855594033,1875941641535832083,7140dibdnow9c7btw4b2tljk4q383vypuvok6d2cppw6r
The University Bridge has closed to traffic at  09:22 AM on 01/06/2025,1876318341578870827,1876318341578870827,100,1876705422855594033,1875941641535832083,7140dibdnow9c7btw4b2tljk4q383vypuvok6d2cppw6r
The University Bridge has reopened to traffic at  09:24 AM on 01/06/2025,1876318845746782537,1876318845746782537,100,1876705422855594033,1875941641535832083,7140dibdnow9c7btw4b2tljk4q383vypuvok6d2cppw6r
The University Bridge has closed to traffic at  09:34 AM on 01/06/2025,1876321366892499227,1876321366892499227,100,1876705422855594033,1875941641535832083,7140dibdnow9c7btw4b2tljk4q383vypuvok6d2cppw6r
The University Bridge has reopened to traffic at  09:35 AM on 01/06/2025,1876321619314086061,1876321619314086061,100,1876705422855594033,1875941641535832083,7140dibdnow9c7btw4b2tljk4q383vypuvok6d2cppw6r
The University Bridge has closed to traffic at  09:41 AM on 01/06/2025,1876323132983963951,1876323132983963951,100,1876705422855594033,1875941641535832083,7140dibdnow9c7btw4b2tljk4q383vypuvok6d2cppw6r
The University Bridge has reopened to traffic at  09:42 AM on 01/06/2025,1876323386072383998,1876323386072383998,100,1876705422855594033,1875941641535832083,7140dibdnow9c7btw4b2tljk4q383vypuvok6d2cppw6r
The 1st Ave S Bridge has closed to traffic at  09:51 AM on 01/06/2025,1876325654725366070,1876325654725366070,100,1876705422855594033,1875941641535832083,7140dibdnow9c7btw4b2tljk4q383vypuvok6d2cppw6r
The 1st Ave S Bridge has reopened to traffic at  09:58 AM on 01/06/2025,1876327419696812153,1876327419696812153,100,1876705422855594033,1875941641535832083,7140dibdnow9c7btw4b2tljk4q383vypuvok6d2cppw6r
The Ballard Bridge has closed to traffic at  10:03 AM on 01/06/2025,1876328679380562271,1876328679380562271,100,1876705422855594033,1875941641535832083,7140dibdnow9c7btw4b2tljk4q383vypuvok6d2cppw6r
The Ballard Bridge has reopened to traffic at  10:13 AM on 01/06/2025,1876331199888793962,1876331199888793962,100,1876705422855594033,1875941641535832083,7140dibdnow9c7btw4b2tljk4q383vypuvok6d2cppw6r
The Ballard Bridge has closed to traffic at  11:19 AM on 01/06/2025,1876347760620057050,1876347760620057050,100,1876705422855594033,1875941641535832083,7140dibdnow9c7btw4b2tljk4q383vypuvok6d2cppw6r
The Ballard Bridge has reopened to traffic at  11:24 AM on 01/06/2025,1876349020450455668,1876349020450455668,100,1876705422855594033,1875941641535832083,7140dibdnow9c7btw4b2tljk4q383vypuvok6d2cppw6r
The University Bridge has closed to traffic at  11:28 AM on 01/06/2025,1876350030103429122,1876350030103429122,100,1876705422855594033,1875941641535832083,7140dibdnow9c7btw4b2tljk4q383vypuvok6d2cppw6r
The Fremont Bridge has closed to traffic at  11:31 AM on 01/06/2025,1876350785950568651,1876350785950568651,100,1876705422855594033,1875941641535832083,7140dibdnow9c7btw4b2tljk4q383vypuvok6d2cppw6r
The University Bridge has reopened to traffic at  11:33 AM on 01/06/2025,1876351290378531088,1876351290378531088,100,1876705422855594033,1875941641535832083,7140dibdnow9c7btw4b2tljk4q383vypuvok6d2cppw6r
The Fremont Bridge has reopened to traffic at  11:36 AM on 01/06/2025,1876352046468890737,1876352046468890737,100,1876705422855594033,1875941641535832083,7140dibdnow9c7btw4b2tljk4q383vypuvok6d2cppw6r
The Fremont Bridge has closed to traffic at  12:22 PM on 01/06/2025,1876363631648280677,1876363631648280677,100,1876705422855594033,1875941641535832083,7140dibdnow9c7btw4b2tljk4q383vypuvok6d2cppw6r
The Fremont Bridge has reopened to traffic at  12:29 PM on 01/06/2025,1876365396661719476,1876365396661719476,100,1876705422855594033,1875941641535832083,7140dibdnow9c7btw4b2tljk4q383vypuvok6d2cppw6r
The Ballard Bridge has closed to traffic at  02:30 PM on 01/06/2025,1876395868942991799,1876395868942991799,100,1876705422855594033,1875941641535832083,7140dibdnow9c7btw4b2tljk4q383vypuvok6d2cppw6r
The Ballard Bridge has reopened to traffic at  02:34 PM on 01/06/2025,1876396876939104628,1876396876939104628,100,1876705422855594033,1875941641535832083,7140dibdnow9c7btw4b2tljk4q383vypuvok6d2cppw6r
The Ballard Bridge has closed to traffic at  02:59 PM on 01/06/2025,1876403175567310894,1876403175567310894,100,1876705422855594033,1875941641535832083,7140dibdnow9c7btw4b2tljk4q383vypuvok6d2cppw6r
The Ballard Bridge has reopened to traffic at  03:04 PM on 01/06/2025,1876404435196473390,1876404435196473390,100,1876705422855594033,1875941641535832083,7140dibdnow9c7btw4b2tljk4q383vypuvok6d2cppw6r
The Fremont Bridge has closed to traffic at  03:12 PM on 01/06/2025,1876406452350562705,1876406452350562705,100,1876705422855594033,1875941641535832083,7140dibdnow9c7btw4b2tljk4q383vypuvok6d2cppw6r
The Fremont Bridge has reopened to traffic at  03:18 PM on 01/06/2025,1876407965374366086,1876407965374366086,100,1876705422855594033,1875941641535832083,7140dibdnow9c7btw4b2tljk4q383vypuvok6d2cppw6r
The University Bridge has closed to traffic at  03:28 PM on 01/06/2025,1876410423953785134,1876410423953785134,100,1876705422855594033,1875941641535832083,7140dibdnow9c7btw4b2tljk4q383vypuvok6d2cppw6r
The University Bridge has reopened to traffic at  03:34 PM on 01/06/2025,1876411937669656831,1876411937669656831,100,1876705422855594033,1875941641535832083,7140dibdnow9c7btw4b2tljk4q383vypuvok6d2cppw6r
The University Bridge has closed to traffic at  08:16 PM on 01/06/2025,1876482951661453357,1876482951661453357,100,1876705422855594033,1875941641535832083,7140dibdnow9c7btw4b2tljk4q383vypuvok6d2cppw6r
The University Bridge has reopened to traffic at  08:23 PM on 01/06/2025,1876484716733620267,1876484716733620267,100,1876705422855594033,1875941641535832083,7140dibdnow9c7btw4b2tljk4q383vypuvok6d2cppw6r
The Fremont Bridge has closed to traffic at  08:30 PM on 01/06/2025,1876486481566662809,1876486481566662809,100,1876705422855594033,1875941641535832083,7140dibdnow9c7btw4b2tljk4q383vypuvok6d2cppw6r
The Fremont Bridge has reopened to traffic at  08:37 PM on 01/06/2025,1876488246773092534,1876488246773092534,100,1876705422855594033,1875941641535832083,7140dibdnow9c7btw4b2tljk4q383vypuvok6d2cppw6r
The Ballard Bridge has closed to traffic at  08:43 PM on 01/06/2025,1876489698094555528,1876489698094555528,100,1876705422855594033,1875941641535832083,7140dibdnow9c7btw4b2tljk4q383vypuvok6d2cppw6r
The Ballard Bridge has reopened to traffic at  08:49 PM on 01/06/2025,1876491211474882677,1876491211474882677,100,1876705422855594033,1875941641535832083,7140dibdnow9c7btw4b2tljk4q383vypuvok6d2cppw6r
The University Bridge has closed to traffic at  09:21 AM on 01/07/2025,1876680464356016391,1876680464356016391,100,1876705422855594033,1875941641535832083,7140dibdnow9c7btw4b2tljk4q383vypuvok6d2cppw6r
The University Bridge has reopened to traffic at  09:23 AM on 01/07/2025,1876680972282081564,1876680972282081564,100,1876705422855594033,1875941641535832083,7140dibdnow9c7btw4b2tljk4q383vypuvok6d2cppw6r
The Fremont Bridge has closed to traffic at  09:39 AM on 01/07/2025,1876685003620544912,1876685003620544912,100,1876705422855594033,1875941641535832083,7140dibdnow9c7btw4b2tljk4q383vypuvok6d2cppw6r
The 1st Ave S Bridge has closed to traffic at  09:48 AM on 01/07/2025,1876687273112310217,1876687273112310217,100,1876705422855594033,1875941641535832083,7140dibdnow9c7btw4b2tljk4q383vypuvok6d2cppw6r
The Fremont Bridge has reopened to traffic at  09:49 AM on 01/07/2025,1876687525634576849,1876687525634576849,100,1876705422855594033,1875941641535832083,7140dibdnow9c7btw4b2tljk4q383vypuvok6d2cppw6r
The Ballard Bridge has closed to traffic at  09:56 AM on 01/07/2025,1876689291226828946,1876689291226828946,100,1876705422855594033,1875941641535832083,7140dibdnow9c7btw4b2tljk4q383vypuvok6d2cppw6r
The Ballard Bridge has reopened to traffic at  10:00 AM on 01/07/2025,1876690299902394746,1876690299902394746,100,1876705422855594033,1875941641535832083,7140dibdnow9c7btw4b2tljk4q383vypuvok6d2cppw6r
The 1st Ave S Bridge has reopened to traffic at  10:07 AM on 01/07/2025,1876692064978833619,1876692064978833619,100,1876705422855594033,1875941641535832083,7140dibdnow9c7btw4b2tljk4q383vypuvok6d2cppw6r
The Ballard Bridge has closed to traffic at  10:07 AM on 01/07/2025,1876692065612116009,1876692065612116009,100,1876705422855594033,1875941641535832083,7140dibdnow9c7btw4b2tljk4q383vypuvok6d2cppw6r
The 1st Ave S Bridge has closed to traffic at  10:08 AM on 01/07/2025,1876692318029574514,1876692318029574514,100,1876705422855594033,1875941641535832083,7140dibdnow9c7btw4b2tljk4q383vypuvok6d2cppw6r
The 1st Ave S Bridge has reopened to traffic at  10:09 AM on 01/07/2025,1876692570467930497,1876692570467930497,100,1876705422855594033,1875941641535832083,7140dibdnow9c7btw4b2tljk4q383vypuvok6d2cppw6r
The Ballard Bridge has reopened to traffic at  10:15 AM on 01/07/2025,1876694084292898905,1876694084292898905,100,1876705422855594033,1875941641535832083,7140dibdnow9c7btw4b2tljk4q383vypuvok6d2cppw6r
The 1st Ave S Bridge has closed to traffic at  10:24 AM on 01/07/2025,1876696353302265867,1876696353302265867,100,1876705422855594033,1875941641535832083,7140dibdnow9c7btw4b2tljk4q383vypuvok6d2cppw6r
The 1st Ave S Bridge has reopened to traffic at  10:27 AM on 01/07/2025,1876697109434597557,1876697109434597557,100,1876705422855594033,1875941641535832083,7140dibdnow9c7btw4b2tljk4q383vypuvok6d2cppw6r
The University Bridge has closed to traffic at  10:52 AM on 01/07/2025,1876703407001706729,1876703407001706729,100,1876705422855594033,1875941641535832083,7140dibdnow9c7btw4b2tljk4q383vypuvok6d2cppw6r
The University Bridge has reopened to traffic at  10:56 AM on 01/07/2025,1876704415094345906,1876704415094345906,100,1876705422855594033,1875941641535832083,7140dibdnow9c7btw4b2tljk4q383vypuvok6d2cppw6r
The Ballard Bridge has reopened to traffic at  11:00 AM on 01/07/2025,1876705422855594033,1876705422855594033,100,1876705422855594033,1875941641535832083,7140dibdnow9c7btw4b2tljk4q383vypuvok6d2cppw6r
The Fremont Bridge has closed to traffic at  11:18 AM on 01/07/2025,1876709895720112185,1876709895720112185,100,1877764656137458089,1876709895720112185,7140dibdnow9c7btw4b2tnnoj6ioxgwme9iu1b5rhihx1
The Fremont Bridge has reopened to traffic at  11:21 AM on 01/07/2025,1876710652196319336,1876710652196319336,100,1877764656137458089,1876709895720112185,7140dibdnow9c7btw4b2tnnoj6ioxgwme9iu1b5rhihx1
The University Bridge has closed to traffic at  01:13 PM on 01/07/2025,1876738861231116492,1876738861231116492,100,1877764656137458089,1876709895720112185,7140dibdnow9c7btw4b2tnnoj6ioxgwme9iu1b5rhihx1
The University Bridge has reopened to traffic at  01:17 PM on 01/07/2025,1876739869072089417,1876739869072089417,100,1877764656137458089,1876709895720112185,7140dibdnow9c7btw4b2tnnoj6ioxgwme9iu1b5rhihx1
The Fremont Bridge has closed to traffic at  01:26 PM on 01/07/2025,1876742138027000060,1876742138027000060,100,1877764656137458089,1876709895720112185,7140dibdnow9c7btw4b2tnnoj6ioxgwme9iu1b5rhihx1
The Fremont Bridge has reopened to traffic at  01:30 PM on 01/07/2025,1876743145976987682,1876743145976987682,100,1877764656137458089,1876709895720112185,7140dibdnow9c7btw4b2tnnoj6ioxgwme9iu1b5rhihx1
The Ballard Bridge has closed to traffic at  01:40 PM on 01/07/2025,1876745667147956457,1876745667147956457,100,1877764656137458089,1876709895720112185,7140dibdnow9c7btw4b2tnnoj6ioxgwme9iu1b5rhihx1
The Fremont Bridge has closed to traffic at  01:43 PM on 01/07/2025,1876746424228155661,1876746424228155661,100,1877764656137458089,1876709895720112185,7140dibdnow9c7btw4b2tnnoj6ioxgwme9iu1b5rhihx1
The Ballard Bridge has reopened to traffic at  01:46 PM on 01/07/2025,1876747180767379493,1876747180767379493,100,1877764656137458089,1876709895720112185,7140dibdnow9c7btw4b2tnnoj6ioxgwme9iu1b5rhihx1
The Fremont Bridge has reopened to traffic at  01:49 PM on 01/07/2025,1876747937080123702,1876747937080123702,100,1877764656137458089,1876709895720112185,7140dibdnow9c7btw4b2tnnoj6ioxgwme9iu1b5rhihx1
The 1st Ave S Bridge has closed to traffic at  02:21 PM on 01/07/2025,1876755999216083328,1876755999216083328,100,1877764656137458089,1876709895720112185,7140dibdnow9c7btw4b2tnnoj6ioxgwme9iu1b5rhihx1
The 1st Ave S Bridge has reopened to traffic at  02:37 PM on 01/07/2025,1876760030986518935,1876760030986518935,100,1877764656137458089,1876709895720112185,7140dibdnow9c7btw4b2tnnoj6ioxgwme9iu1b5rhihx1
The Ballard Bridge has closed to traffic at  02:51 PM on 01/07/2025,1876763496014283182,1876763496014283182,100,1877764656137458089,1876709895720112185,7140dibdnow9c7btw4b2tnnoj6ioxgwme9iu1b5rhihx1
The Ballard Bridge has reopened to traffic at  02:55 PM on 01/07/2025,1876764503985291363,1876764503985291363,100,1877764656137458089,1876709895720112185,7140dibdnow9c7btw4b2tnnoj6ioxgwme9iu1b5rhihx1
The Ballard Bridge has closed to traffic at  03:33 PM on 01/07/2025,1876774076787904646,1876774076787904646,100,1877764656137458089,1876709895720112185,7140dibdnow9c7btw4b2tnnoj6ioxgwme9iu1b5rhihx1
The Ballard Bridge has reopened to traffic at  03:39 PM on 01/07/2025,1876775593100145016,1876775593100145016,100,1877764656137458089,1876709895720112185,7140dibdnow9c7btw4b2tnnoj6ioxgwme9iu1b5rhihx1
The Fremont Bridge has closed to traffic at  03:47 PM on 01/07/2025,1876777609788637632,1876777609788637632,100,1877764656137458089,1876709895720112185,7140dibdnow9c7btw4b2tnnoj6ioxgwme9iu1b5rhihx1
The Fremont Bridge has reopened to traffic at  03:52 PM on 01/07/2025,1876778869837238492,1876778869837238492,100,1877764656137458089,1876709895720112185,7140dibdnow9c7btw4b2tnnoj6ioxgwme9iu1b5rhihx1
The University Bridge has closed to traffic at  04:02 PM on 01/07/2025,1876781390324437287,1876781390324437287,100,1877764656137458089,1876709895720112185,7140dibdnow9c7btw4b2tnnoj6ioxgwme9iu1b5rhihx1
The University Bridge has reopened to traffic at  04:08 PM on 01/07/2025,1876782903377698878,1876782903377698878,100,1877764656137458089,1876709895720112185,7140dibdnow9c7btw4b2tnnoj6ioxgwme9iu1b5rhihx1
The Ballard Bridge has reopened to traffic at  06:03 PM on 01/07/2025,1876811872160358759,1876811872160358759,100,1877764656137458089,1876709895720112185,7140dibdnow9c7btw4b2tnnoj6ioxgwme9iu1b5rhihx1
The University Bridge has closed to traffic at  07:40 PM on 01/07/2025,1876836238638104907,1876836238638104907,100,1877764656137458089,1876709895720112185,7140dibdnow9c7btw4b2tnnoj6ioxgwme9iu1b5rhihx1
The University Bridge has reopened to traffic at  07:46 PM on 01/07/2025,1876837752156930541,1876837752156930541,100,1877764656137458089,1876709895720112185,7140dibdnow9c7btw4b2tnnoj6ioxgwme9iu1b5rhihx1
The Fremont Bridge has closed to traffic at  07:55 PM on 01/07/2025,1876840020767830493,1876840020767830493,100,1877764656137458089,1876709895720112185,7140dibdnow9c7btw4b2tnnoj6ioxgwme9iu1b5rhihx1
The Fremont Bridge has reopened to traffic at  08:00 PM on 01/07/2025,1876841280376029672,1876841280376029672,100,1877764656137458089,1876709895720112185,7140dibdnow9c7btw4b2tnnoj6ioxgwme9iu1b5rhihx1
The Ballard Bridge has closed to traffic at  08:07 PM on 01/07/2025,1876843045456642119,1876843045456642119,100,1877764656137458089,1876709895720112185,7140dibdnow9c7btw4b2tnnoj6ioxgwme9iu1b5rhihx1
The Ballard Bridge has reopened to traffic at  08:12 PM on 01/07/2025,1876844305295487258,1876844305295487258,100,1877764656137458089,1876709895720112185,7140dibdnow9c7btw4b2tnnoj6ioxgwme9iu1b5rhihx1
The Ballard Bridge has reopened to traffic at  07:18 AM on 01/08/2025,1877011899403145707,1877011899403145707,100,1877764656137458089,1876709895720112185,7140dibdnow9c7btw4b2tnnoj6ioxgwme9iu1b5rhihx1
The Ballard Bridge has closed to traffic at  09:01 AM on 01/08/2025,1877037841223659612,1877037841223659612,100,1877764656137458089,1876709895720112185,7140dibdnow9c7btw4b2tnnoj6ioxgwme9iu1b5rhihx1
The Ballard Bridge has reopened to traffic at  09:05 AM on 01/08/2025,1877038849265959231,1877038849265959231,100,1877764656137458089,1876709895720112185,7140dibdnow9c7btw4b2tnnoj6ioxgwme9iu1b5rhihx1
The University Bridge has closed to traffic at  10:22 AM on 01/08/2025,1877058243606045014,1877058243606045014,100,1877764656137458089,1876709895720112185,7140dibdnow9c7btw4b2tnnoj6ioxgwme9iu1b5rhihx1
The Fremont Bridge has closed to traffic at  10:26 AM on 01/08/2025,1877059251920842899,1877059251920842899,100,1877764656137458089,1876709895720112185,7140dibdnow9c7btw4b2tnnoj6ioxgwme9iu1b5rhihx1
The University Bridge has reopened to traffic at  10:26 AM on 01/08/2025,1877059252721955185,1877059252721955185,100,1877764656137458089,1876709895720112185,7140dibdnow9c7btw4b2tnnoj6ioxgwme9iu1b5rhihx1
The Fremont Bridge has reopened to traffic at  10:32 AM on 01/08/2025,1877060767486455905,1877060767486455905,100,1877764656137458089,1876709895720112185,7140dibdnow9c7btw4b2tnnoj6ioxgwme9iu1b5rhihx1
The Ballard Bridge has closed to traffic at  10:42 AM on 01/08/2025,1877063227022209472,1877063227022209472,100,1877764656137458089,1876709895720112185,7140dibdnow9c7btw4b2tnnoj6ioxgwme9iu1b5rhihx1
The Ballard Bridge has reopened to traffic at  10:47 AM on 01/08/2025,1877064488039624934,1877064488039624934,100,1877764656137458089,1876709895720112185,7140dibdnow9c7btw4b2tnnoj6ioxgwme9iu1b5rhihx1
The 1st Ave S Bridge has closed to traffic at  10:52 AM on 01/08/2025,1877065750537805949,1877065750537805949,100,1877764656137458089,1876709895720112185,7140dibdnow9c7btw4b2tnnoj6ioxgwme9iu1b5rhihx1
The 1st Ave S Bridge has reopened to traffic at  10:55 AM on 01/08/2025,1877066536801992858,1877066536801992858,100,1877764656137458089,1876709895720112185,7140dibdnow9c7btw4b2tnnoj6ioxgwme9iu1b5rhihx1
The Fremont Bridge has closed to traffic at  11:00 AM on 01/08/2025,1877067796473065897,1877067796473065897,100,1877764656137458089,1876709895720112185,7140dibdnow9c7btw4b2tnnoj6ioxgwme9iu1b5rhihx1
The Fremont Bridge has reopened to traffic at  11:05 AM on 01/08/2025,1877069060510461962,1877069060510461962,100,1877764656137458089,1876709895720112185,7140dibdnow9c7btw4b2tnnoj6ioxgwme9iu1b5rhihx1
The Ballard Bridge has closed to traffic at  12:22 PM on 01/08/2025,1877088394335105323,1877088394335105323,100,1877764656137458089,1876709895720112185,7140dibdnow9c7btw4b2tnnoj6ioxgwme9iu1b5rhihx1
The Ballard Bridge has reopened to traffic at  12:28 PM on 01/08/2025,1877089909888135407,1877089909888135407,100,1877764656137458089,1876709895720112185,7140dibdnow9c7btw4b2tnnoj6ioxgwme9iu1b5rhihx1
The Ballard Bridge has closed to traffic at  03:51 PM on 01/08/2025,1877141036620984811,1877141036620984811,100,1877764656137458089,1876709895720112185,7140dibdnow9c7btw4b2tnnoj6ioxgwme9iu1b5rhihx1
The Ballard Bridge has reopened to traffic at  03:56 PM on 01/08/2025,1877142296480854372,1877142296480854372,100,1877764656137458089,1876709895720112185,7140dibdnow9c7btw4b2tnnoj6ioxgwme9iu1b5rhihx1
The Ballard Bridge has closed to traffic at  06:01 PM on 01/08/2025,1877173719564693532,1877173719564693532,100,1877764656137458089,1876709895720112185,7140dibdnow9c7btw4b2tnnoj6ioxgwme9iu1b5rhihx1
The Ballard Bridge has reopened to traffic at  06:05 PM on 01/08/2025,1877174727799939304,1877174727799939304,100,1877764656137458089,1876709895720112185,7140dibdnow9c7btw4b2tnnoj6ioxgwme9iu1b5rhihx1
The Fremont Bridge has closed to traffic at  06:13 PM on 01/08/2025,1877176744547111208,1877176744547111208,100,1877764656137458089,1876709895720112185,7140dibdnow9c7btw4b2tnnoj6ioxgwme9iu1b5rhihx1
The Fremont Bridge has reopened to traffic at  06:19 PM on 01/08/2025,1877178257617162682,1877178257617162682,100,1877764656137458089,1876709895720112185,7140dibdnow9c7btw4b2tnnoj6ioxgwme9iu1b5rhihx1
The University Bridge has closed to traffic at  06:29 PM on 01/08/2025,1877180778536382758,1877180778536382758,100,1877764656137458089,1876709895720112185,7140dibdnow9c7btw4b2tnnoj6ioxgwme9iu1b5rhihx1
The University Bridge has reopened to traffic at  06:35 PM on 01/08/2025,1877182292176810192,1877182292176810192,100,1877764656137458089,1876709895720112185,7140dibdnow9c7btw4b2tnnoj6ioxgwme9iu1b5rhihx1
The University Bridge has closed to traffic at  06:48 PM on 01/08/2025,1877185567978643503,1877185567978643503,100,1877764656137458089,1876709895720112185,7140dibdnow9c7btw4b2tnnoj6ioxgwme9iu1b5rhihx1
The University Bridge has reopened to traffic at  06:52 PM on 01/08/2025,1877186575857234320,1877186575857234320,100,1877764656137458089,1876709895720112185,7140dibdnow9c7btw4b2tnnoj6ioxgwme9iu1b5rhihx1
The Ballard Bridge has closed to traffic at  07:00 PM on 01/08/2025,1877188593917272211,1877188593917272211,100,1877764656137458089,1876709895720112185,7140dibdnow9c7btw4b2tnnoj6ioxgwme9iu1b5rhihx1
The Montlake Bridge has closed to traffic at  07:01 PM on 01/08/2025,1877188846422732998,1877188846422732998,100,1877764656137458089,1876709895720112185,7140dibdnow9c7btw4b2tnnoj6ioxgwme9iu1b5rhihx1
The Ballard Bridge has reopened to traffic at  07:05 PM on 01/08/2025,1877189854305689690,1877189854305689690,100,1877764656137458089,1876709895720112185,7140dibdnow9c7btw4b2tnnoj6ioxgwme9iu1b5rhihx1
The Montlake Bridge has reopened to traffic at  07:06 PM on 01/08/2025,1877190106773336343,1877190106773336343,100,1877764656137458089,1876709895720112185,7140dibdnow9c7btw4b2tnnoj6ioxgwme9iu1b5rhihx1
The Montlake Bridge has closed to traffic at  07:39 PM on 01/08/2025,1877198419388936337,1877198419388936337,100,1877764656137458089,1876709895720112185,7140dibdnow9c7btw4b2tnnoj6ioxgwme9iu1b5rhihx1
The Montlake Bridge has reopened to traffic at  07:44 PM on 01/08/2025,1877199679039107418,1877199679039107418,100,1877764656137458089,1876709895720112185,7140dibdnow9c7btw4b2tnnoj6ioxgwme9iu1b5rhihx1
The University Bridge has closed to traffic at  07:46 PM on 01/08/2025,1877200184809341254,1877200184809341254,100,1877764656137458089,1876709895720112185,7140dibdnow9c7btw4b2tnnoj6ioxgwme9iu1b5rhihx1
The University Bridge has reopened to traffic at  07:51 PM on 01/08/2025,1877201381754556607,1877201381754556607,100,1877764656137458089,1876709895720112185,7140dibdnow9c7btw4b2tnnoj6ioxgwme9iu1b5rhihx1
The University Bridge has closed to traffic at  10:23 PM on 01/08/2025,1877239665100730413,1877239665100730413,100,1877764656137458089,1876709895720112185,7140dibdnow9c7btw4b2tnnoj6ioxgwme9iu1b5rhihx1
The University Bridge has reopened to traffic at  10:30 PM on 01/08/2025,1877241429782835391,1877241429782835391,100,1877764656137458089,1876709895720112185,7140dibdnow9c7btw4b2tnnoj6ioxgwme9iu1b5rhihx1
The Fremont Bridge has closed to traffic at  10:37 PM on 01/08/2025,1877243194779513169,1877243194779513169,100,1877764656137458089,1876709895720112185,7140dibdnow9c7btw4b2tnnoj6ioxgwme9iu1b5rhihx1
The Fremont Bridge has reopened to traffic at  10:44 PM on 01/08/2025,1877244961651044499,1877244961651044499,100,1877764656137458089,1876709895720112185,7140dibdnow9c7btw4b2tnnoj6ioxgwme9iu1b5rhihx1
The Ballard Bridge has closed to traffic at  10:50 PM on 01/08/2025,1877246475165692010,1877246475165692010,100,1877764656137458089,1876709895720112185,7140dibdnow9c7btw4b2tnnoj6ioxgwme9iu1b5rhihx1
The Ballard Bridge has reopened to traffic at  10:55 PM on 01/08/2025,1877247735113593281,1877247735113593281,100,1877764656137458089,1876709895720112185,7140dibdnow9c7btw4b2tnnoj6ioxgwme9iu1b5rhihx1
The 1st Ave S Bridge has closed to traffic at  03:44 AM on 01/09/2025,1877320429565878315,1877320429565878315,100,1877764656137458089,1876709895720112185,7140dibdnow9c7btw4b2tnnoj6ioxgwme9iu1b5rhihx1
The 1st Ave S Bridge has reopened to traffic at  03:47 AM on 01/09/2025,1877321186549576080,1877321186549576080,100,1877764656137458089,1876709895720112185,7140dibdnow9c7btw4b2tnnoj6ioxgwme9iu1b5rhihx1
The 1st Ave S Bridge has closed to traffic at  04:06 AM on 01/09/2025,1877325973085106384,1877325973085106384,100,1877764656137458089,1876709895720112185,7140dibdnow9c7btw4b2tnnoj6ioxgwme9iu1b5rhihx1
The 1st Ave S Bridge has reopened to traffic at  04:08 AM on 01/09/2025,1877326477299208209,1877326477299208209,100,1877764656137458089,1876709895720112185,7140dibdnow9c7btw4b2tnnoj6ioxgwme9iu1b5rhihx1
The 1st Ave S Bridge has closed to traffic at  04:53 AM on 01/09/2025,1877337812531556608,1877337812531556608,100,1877764656137458089,1876709895720112185,7140dibdnow9c7btw4b2tnnoj6ioxgwme9iu1b5rhihx1
The 1st Ave S Bridge has reopened to traffic at  04:57 AM on 01/09/2025,1877338820490006856,1877338820490006856,100,1877764656137458089,1876709895720112185,7140dibdnow9c7btw4b2tnnoj6ioxgwme9iu1b5rhihx1
The 1st Ave S Bridge has closed to traffic at  05:37 AM on 01/09/2025,1877348897397551428,1877348897397551428,100,1877764656137458089,1876709895720112185,7140dibdnow9c7btw4b2tnnoj6ioxgwme9iu1b5rhihx1
The 1st Ave S Bridge has reopened to traffic at  05:38 AM on 01/09/2025,1877349149932400938,1877349149932400938,100,1877764656137458089,1876709895720112185,7140dibdnow9c7btw4b2tnnoj6ioxgwme9iu1b5rhihx1
The 1st Ave S Bridge has closed to traffic at  05:42 AM on 01/09/2025,1877350158033416325,1877350158033416325,100,1877764656137458089,1876709895720112185,7140dibdnow9c7btw4b2tnnoj6ioxgwme9iu1b5rhihx1
The 1st Ave S Bridge has reopened to traffic at  05:49 AM on 01/09/2025,1877351923126513885,1877351923126513885,100,1877764656137458089,1876709895720112185,7140dibdnow9c7btw4b2tnnoj6ioxgwme9iu1b5rhihx1
The Fremont Bridge has closed to traffic at  06:25 AM on 01/09/2025,1877360990003802291,1877360990003802291,100,1877764656137458089,1876709895720112185,7140dibdnow9c7btw4b2tnnoj6ioxgwme9iu1b5rhihx1
The Fremont Bridge has reopened to traffic at  06:33 AM on 01/09/2025,1877363006650343701,1877363006650343701,100,1877764656137458089,1876709895720112185,7140dibdnow9c7btw4b2tnnoj6ioxgwme9iu1b5rhihx1
The 1st Ave S Bridge has closed to traffic at  09:47 AM on 01/09/2025,1877411775269974404,1877411775269974404,100,1877764656137458089,1876709895720112185,7140dibdnow9c7btw4b2tnnoj6ioxgwme9iu1b5rhihx1
The Ballard Bridge has closed to traffic at  09:49 AM on 01/09/2025,1877412287021199546,1877412287021199546,100,1877764656137458089,1876709895720112185,7140dibdnow9c7btw4b2tnnoj6ioxgwme9iu1b5rhihx1
The Fremont Bridge has reopened to traffic at  10:49 AM on 01/09/2025,1877427388700831867,1877427388700831867,100,1877764656137458089,1876709895720112185,7140dibdnow9c7btw4b2tnnoj6ioxgwme9iu1b5rhihx1
The Ballard Bridge has closed to traffic at  11:40 AM on 01/09/2025,1877440234939650526,1877440234939650526,100,1877764656137458089,1876709895720112185,7140dibdnow9c7btw4b2tnnoj6ioxgwme9iu1b5rhihx1
The Ballard Bridge has reopened to traffic at  11:46 AM on 01/09/2025,1877441748286451902,1877441748286451902,100,1877764656137458089,1876709895720112185,7140dibdnow9c7btw4b2tnnoj6ioxgwme9iu1b5rhihx1
The Fremont Bridge has closed to traffic at  02:48 PM on 01/09/2025,1877487533220942012,1877487533220942012,100,1877764656137458089,1876709895720112185,7140dibdnow9c7btw4b2tnnoj6ioxgwme9iu1b5rhihx1
The Fremont Bridge has reopened to traffic at  02:52 PM on 01/09/2025,1877488542919831756,1877488542919831756,100,1877764656137458089,1876709895720112185,7140dibdnow9c7btw4b2tnnoj6ioxgwme9iu1b5rhihx1
The Ballard Bridge has closed to traffic at  06:01 PM on 01/09/2025,1877536151449506034,1877536151449506034,100,1877764656137458089,1876709895720112185,7140dibdnow9c7btw4b2tnnoj6ioxgwme9iu1b5rhihx1
The Ballard Bridge has reopened to traffic at  06:05 PM on 01/09/2025,1877537096812146999,1877537096812146999,100,1877764656137458089,1876709895720112185,7140dibdnow9c7btw4b2tnnoj6ioxgwme9iu1b5rhihx1
The Fremont Bridge has closed to traffic at  06:15 PM on 01/09/2025,1877539617873998063,1877539617873998063,100,1877764656137458089,1876709895720112185,7140dibdnow9c7btw4b2tnnoj6ioxgwme9iu1b5rhihx1
The Fremont Bridge has reopened to traffic at  06:21 PM on 01/09/2025,1877541131170537541,1877541131170537541,100,1877764656137458089,1876709895720112185,7140dibdnow9c7btw4b2tnnoj6ioxgwme9iu1b5rhihx1
The University Bridge has closed to traffic at  06:33 PM on 01/09/2025,1877544155657928726,1877544155657928726,100,1877764656137458089,1876709895720112185,7140dibdnow9c7btw4b2tnnoj6ioxgwme9iu1b5rhihx1
The University Bridge has reopened to traffic at  06:39 PM on 01/09/2025,1877545669680115976,1877545669680115976,100,1877764656137458089,1876709895720112185,7140dibdnow9c7btw4b2tnnoj6ioxgwme9iu1b5rhihx1
The Fremont Bridge has closed to traffic at  06:43 PM on 01/09/2025,1877546679400018048,1877546679400018048,100,1877764656137458089,1876709895720112185,7140dibdnow9c7btw4b2tnnoj6ioxgwme9iu1b5rhihx1
The Fremont Bridge has reopened to traffic at  06:47 PM on 01/09/2025,1877547687215771846,1877547687215771846,100,1877764656137458089,1876709895720112185,7140dibdnow9c7btw4b2tnnoj6ioxgwme9iu1b5rhihx1
The University Bridge has closed to traffic at  10:13 PM on 01/09/2025,1877599511742435826,1877599511742435826,100,1877764656137458089,1876709895720112185,7140dibdnow9c7btw4b2tnnoj6ioxgwme9iu1b5rhihx1
The University Bridge has reopened to traffic at  10:20 PM on 01/09/2025,1877601276722385086,1877601276722385086,100,1877764656137458089,1876709895720112185,7140dibdnow9c7btw4b2tnnoj6ioxgwme9iu1b5rhihx1
The Fremont Bridge has closed to traffic at  10:29 PM on 01/09/2025,1877603546344108375,1877603546344108375,100,1877764656137458089,1876709895720112185,7140dibdnow9c7btw4b2tnnoj6ioxgwme9iu1b5rhihx1
The Fremont Bridge has reopened to traffic at  10:34 PM on 01/09/2025,1877604806615068702,1877604806615068702,100,1877764656137458089,1876709895720112185,7140dibdnow9c7btw4b2tnnoj6ioxgwme9iu1b5rhihx1
The Ballard Bridge has closed to traffic at  10:40 PM on 01/09/2025,1877606319299109314,1877606319299109314,100,1877764656137458089,1876709895720112185,7140dibdnow9c7btw4b2tnnoj6ioxgwme9iu1b5rhihx1
The Ballard Bridge has reopened to traffic at  10:45 PM on 01/09/2025,1877607578743755260,1877607578743755260,100,1877764656137458089,1876709895720112185,7140dibdnow9c7btw4b2tnnoj6ioxgwme9iu1b5rhihx1
The Fremont Bridge has closed to traffic at  09:09 AM on 01/10/2025,1877764656137458089,1877764656137458089,100,1877764656137458089,1876709895720112185,7140dibdnow9c7btw4b2tnnoj6ioxgwme9iu1b5rhihx1
The Fremont Bridge has reopened to traffic at  09:13 AM on 01/10/2025,1877765601634156862,1877765601634156862,100,1878580976626119106,1877765601634156862,7140dibdnow9c7btw4b2tpsexlcz09cdal162xcqcfgoi
The 1st Ave S Bridge has closed to traffic at  09:18 AM on 01/10/2025,1877766862270021907,1877766862270021907,100,1878580976626119106,1877765601634156862,7140dibdnow9c7btw4b2tpsexlcz09cdal162xcqcfgoi
The 1st Ave S Bridge has reopened to traffic at  09:24 AM on 01/10/2025,1877768375876964436,1877768375876964436,100,1878580976626119106,1877765601634156862,7140dibdnow9c7btw4b2tpsexlcz09cdal162xcqcfgoi
The Fremont Bridge has closed to traffic at  10:02 AM on 01/10/2025,1877777957521117660,1877777957521117660,100,1878580976626119106,1877765601634156862,7140dibdnow9c7btw4b2tpsexlcz09cdal162xcqcfgoi
The Ballard Bridge has closed to traffic at  10:06 AM on 01/10/2025,1877778966632919108,1877778966632919108,100,1878580976626119106,1877765601634156862,7140dibdnow9c7btw4b2tpsexlcz09cdal162xcqcfgoi
The Fremont Bridge has reopened to traffic at  10:06 AM on 01/10/2025,1877778967325000158,1877778967325000158,100,1878580976626119106,1877765601634156862,7140dibdnow9c7btw4b2tpsexlcz09cdal162xcqcfgoi
The Ballard Bridge has reopened to traffic at  10:13 AM on 01/10/2025,1877780734238429651,1877780734238429651,100,1878580976626119106,1877765601634156862,7140dibdnow9c7btw4b2tpsexlcz09cdal162xcqcfgoi
The 1st Ave S Bridge has closed to traffic at  10:35 AM on 01/10/2025,1877786284305043686,1877786284305043686,100,1878580976626119106,1877765601634156862,7140dibdnow9c7btw4b2tpsexlcz09cdal162xcqcfgoi
The 1st Ave S Bridge has reopened to traffic at  10:43 AM on 01/10/2025,1877788303212310769,1877788303212310769,100,1878580976626119106,1877765601634156862,7140dibdnow9c7btw4b2tpsexlcz09cdal162xcqcfgoi
The Ballard Bridge has closed to traffic at  11:10 AM on 01/10/2025,1877795104867651976,1877795104867651976,100,1878580976626119106,1877765601634156862,7140dibdnow9c7btw4b2tpsexlcz09cdal162xcqcfgoi
The Ballard Bridge has reopened to traffic at  11:17 AM on 01/10/2025,1877796807331520687,1877796807331520687,100,1878580976626119106,1877765601634156862,7140dibdnow9c7btw4b2tpsexlcz09cdal162xcqcfgoi
The Fremont Bridge has closed to traffic at  02:18 PM on 01/10/2025,1877842403941613770,1877842403941613770,100,1878580976626119106,1877765601634156862,7140dibdnow9c7btw4b2tpsexlcz09cdal162xcqcfgoi
The Fremont Bridge has reopened to traffic at  02:22 PM on 01/10/2025,1877843412071977108,1877843412071977108,100,1878580976626119106,1877765601634156862,7140dibdnow9c7btw4b2tpsexlcz09cdal162xcqcfgoi
The Ballard Bridge has closed to traffic at  02:25 PM on 01/10/2025,1877844169915576742,1877844169915576742,100,1878580976626119106,1877765601634156862,7140dibdnow9c7btw4b2tpsexlcz09cdal162xcqcfgoi
The Ballard Bridge has reopened to traffic at  02:36 PM on 01/10/2025,1877846945588560251,1877846945588560251,100,1878580976626119106,1877765601634156862,7140dibdnow9c7btw4b2tpsexlcz09cdal162xcqcfgoi
The Fremont Bridge has closed to traffic at  02:41 PM on 01/10/2025,1877848206484361658,1877848206484361658,100,1878580976626119106,1877765601634156862,7140dibdnow9c7btw4b2tpsexlcz09cdal162xcqcfgoi
The Fremont Bridge has reopened to traffic at  02:48 PM on 01/10/2025,1877849909191450959,1877849909191450959,100,1878580976626119106,1877765601634156862,7140dibdnow9c7btw4b2tpsexlcz09cdal162xcqcfgoi
The University Bridge has closed to traffic at  02:59 PM on 01/10/2025,1877852683249565765,1877852683249565765,100,1878580976626119106,1877765601634156862,7140dibdnow9c7btw4b2tpsexlcz09cdal162xcqcfgoi
The University Bridge has reopened to traffic at  03:06 PM on 01/10/2025,1877854448795705572,1877854448795705572,100,1878580976626119106,1877765601634156862,7140dibdnow9c7btw4b2tpsexlcz09cdal162xcqcfgoi
The Ballard Bridge has closed to traffic at  04:31 PM on 01/10/2025,1877875876748292102,1877875876748292102,100,1878580976626119106,1877765601634156862,7140dibdnow9c7btw4b2tpsexlcz09cdal162xcqcfgoi
The Ballard Bridge has reopened to traffic at  04:38 PM on 01/10/2025,1877877642046955999,1877877642046955999,100,1878580976626119106,1877765601634156862,7140dibdnow9c7btw4b2tpsexlcz09cdal162xcqcfgoi
The University Bridge has closed to traffic at  07:37 PM on 01/10/2025,1877922644642955593,1877922644642955593,100,1878580976626119106,1877765601634156862,7140dibdnow9c7btw4b2tpsexlcz09cdal162xcqcfgoi
The University Bridge has reopened to traffic at  07:43 PM on 01/10/2025,1877924157486473360,1877924157486473360,100,1878580976626119106,1877765601634156862,7140dibdnow9c7btw4b2tpsexlcz09cdal162xcqcfgoi
The Fremont Bridge has closed to traffic at  07:53 PM on 01/10/2025,1877926677789151656,1877926677789151656,100,1878580976626119106,1877765601634156862,7140dibdnow9c7btw4b2tpsexlcz09cdal162xcqcfgoi
The Fremont Bridge has reopened to traffic at  07:58 PM on 01/10/2025,1877927937372303680,1877927937372303680,100,1878580976626119106,1877765601634156862,7140dibdnow9c7btw4b2tpsexlcz09cdal162xcqcfgoi
The Ballard Bridge has closed to traffic at  08:05 PM on 01/10/2025,1877929702201172260,1877929702201172260,100,1878580976626119106,1877765601634156862,7140dibdnow9c7btw4b2tpsexlcz09cdal162xcqcfgoi
The Ballard Bridge has reopened to traffic at  08:10 PM on 01/10/2025,1877930962442678598,1877930962442678598,100,1878580976626119106,1877765601634156862,7140dibdnow9c7btw4b2tpsexlcz09cdal162xcqcfgoi
The Fremont Bridge has closed to traffic at  08:22 AM on 01/11/2025,1878115159950213243,1878115159950213243,100,1878580976626119106,1877765601634156862,7140dibdnow9c7btw4b2tpsexlcz09cdal162xcqcfgoi
The Fremont Bridge has reopened to traffic at  08:27 AM on 01/11/2025,1878116421307072546,1878116421307072546,100,1878580976626119106,1877765601634156862,7140dibdnow9c7btw4b2tpsexlcz09cdal162xcqcfgoi
The Fremont Bridge has closed to traffic at  09:19 AM on 01/11/2025,1878129525382656363,1878129525382656363,100,1878580976626119106,1877765601634156862,7140dibdnow9c7btw4b2tpsexlcz09cdal162xcqcfgoi
The Fremont Bridge has reopened to traffic at  09:27 AM on 01/11/2025,1878131541605556308,1878131541605556308,100,1878580976626119106,1877765601634156862,7140dibdnow9c7btw4b2tpsexlcz09cdal162xcqcfgoi
The Ballard Bridge has closed to traffic at  09:41 AM on 01/11/2025,1878135071003344995,1878135071003344995,100,1878580976626119106,1877765601634156862,7140dibdnow9c7btw4b2tpsexlcz09cdal162xcqcfgoi
The Ballard Bridge has reopened to traffic at  09:48 AM on 01/11/2025,1878136836822020515,1878136836822020515,100,1878580976626119106,1877765601634156862,7140dibdnow9c7btw4b2tpsexlcz09cdal162xcqcfgoi
The Fremont Bridge has closed to traffic at  11:48 AM on 01/11/2025,1878167008396845538,1878167008396845538,100,1878580976626119106,1877765601634156862,7140dibdnow9c7btw4b2tpsexlcz09cdal162xcqcfgoi
The Fremont Bridge has reopened to traffic at  11:51 AM on 01/11/2025,1878167765183508887,1878167765183508887,100,1878580976626119106,1877765601634156862,7140dibdnow9c7btw4b2tpsexlcz09cdal162xcqcfgoi
The Ballard Bridge has closed to traffic at  11:55 AM on 01/11/2025,1878168773355860400,1878168773355860400,100,1878580976626119106,1877765601634156862,7140dibdnow9c7btw4b2tpsexlcz09cdal162xcqcfgoi
The Ballard Bridge has reopened to traffic at  11:59 AM on 01/11/2025,1878169781498708360,1878169781498708360,100,1878580976626119106,1877765601634156862,7140dibdnow9c7btw4b2tpsexlcz09cdal162xcqcfgoi
The Ballard Bridge has closed to traffic at  12:09 PM on 01/11/2025,1878172302111875314,1878172302111875314,100,1878580976626119106,1877765601634156862,7140dibdnow9c7btw4b2tpsexlcz09cdal162xcqcfgoi
The Fremont Bridge has closed to traffic at  12:10 PM on 01/11/2025,1878172554566992045,1878172554566992045,100,1878580976626119106,1877765601634156862,7140dibdnow9c7btw4b2tpsexlcz09cdal162xcqcfgoi
The Ballard Bridge has reopened to traffic at  12:13 PM on 01/11/2025,1878173310414164100,1878173310414164100,100,1878580976626119106,1877765601634156862,7140dibdnow9c7btw4b2tpsexlcz09cdal162xcqcfgoi
The Fremont Bridge has reopened to traffic at  12:15 PM on 01/11/2025,1878173814670205214,1878173814670205214,100,1878580976626119106,1877765601634156862,7140dibdnow9c7btw4b2tpsexlcz09cdal162xcqcfgoi
The University Bridge has closed to traffic at  12:58 PM on 01/11/2025,1878184652940394889,1878184652940394889,100,1878580976626119106,1877765601634156862,7140dibdnow9c7btw4b2tpsexlcz09cdal162xcqcfgoi
The University Bridge has reopened to traffic at  01:02 PM on 01/11/2025,1878185660726841551,1878185660726841551,100,1878580976626119106,1877765601634156862,7140dibdnow9c7btw4b2tpsexlcz09cdal162xcqcfgoi
The Ballard Bridge has closed to traffic at  02:00 PM on 01/11/2025,1878200223732035896,1878200223732035896,100,1878580976626119106,1877765601634156862,7140dibdnow9c7btw4b2tpsexlcz09cdal162xcqcfgoi
The Ballard Bridge has reopened to traffic at  02:07 PM on 01/11/2025,1878201988296634727,1878201988296634727,100,1878580976626119106,1877765601634156862,7140dibdnow9c7btw4b2tpsexlcz09cdal162xcqcfgoi
The Fremont Bridge has closed to traffic at  02:17 PM on 01/11/2025,1878204508611985684,1878204508611985684,100,1878580976626119106,1877765601634156862,7140dibdnow9c7btw4b2tpsexlcz09cdal162xcqcfgoi
The Fremont Bridge has reopened to traffic at  02:23 PM on 01/11/2025,1878206022285939118,1878206022285939118,100,1878580976626119106,1877765601634156862,7140dibdnow9c7btw4b2tpsexlcz09cdal162xcqcfgoi
The University Bridge has closed to traffic at  02:35 PM on 01/11/2025,1878209048681873912,1878209048681873912,100,1878580976626119106,1877765601634156862,7140dibdnow9c7btw4b2tpsexlcz09cdal162xcqcfgoi
The University Bridge has reopened to traffic at  02:42 PM on 01/11/2025,1878210818460045504,1878210818460045504,100,1878580976626119106,1877765601634156862,7140dibdnow9c7btw4b2tpsexlcz09cdal162xcqcfgoi
The Fremont Bridge has closed to traffic at  03:44 PM on 01/11/2025,1878226389104763163,1878226389104763163,100,1878580976626119106,1877765601634156862,7140dibdnow9c7btw4b2tpsexlcz09cdal162xcqcfgoi
The Fremont Bridge has reopened to traffic at  03:47 PM on 01/11/2025,1878227145455231277,1878227145455231277,100,1878580976626119106,1877765601634156862,7140dibdnow9c7btw4b2tpsexlcz09cdal162xcqcfgoi
The University Bridge has closed to traffic at  09:20 PM on 01/11/2025,1878311003605405885,1878311003605405885,100,1878580976626119106,1877765601634156862,7140dibdnow9c7btw4b2tpsexlcz09cdal162xcqcfgoi
The University Bridge has reopened to traffic at  09:26 PM on 01/11/2025,1878312454243144111,1878312454243144111,100,1878580976626119106,1877765601634156862,7140dibdnow9c7btw4b2tpsexlcz09cdal162xcqcfgoi
The Fremont Bridge has closed to traffic at  09:34 PM on 01/11/2025,1878314472739311722,1878314472739311722,100,1878580976626119106,1877765601634156862,7140dibdnow9c7btw4b2tpsexlcz09cdal162xcqcfgoi
The Fremont Bridge has reopened to traffic at  09:41 PM on 01/11/2025,1878316238172254350,1878316238172254350,100,1878580976626119106,1877765601634156862,7140dibdnow9c7btw4b2tpsexlcz09cdal162xcqcfgoi
The Ballard Bridge has closed to traffic at  09:47 PM on 01/11/2025,1878317752458563642,1878317752458563642,100,1878580976626119106,1877765601634156862,7140dibdnow9c7btw4b2tpsexlcz09cdal162xcqcfgoi
The Ballard Bridge has reopened to traffic at  09:52 PM on 01/11/2025,1878319011936759883,1878319011936759883,100,1878580976626119106,1877765601634156862,7140dibdnow9c7btw4b2tpsexlcz09cdal162xcqcfgoi
The Fremont Bridge has closed to traffic at  07:24 AM on 01/12/2025,1878462997657682059,1878462997657682059,100,1878580976626119106,1877765601634156862,7140dibdnow9c7btw4b2tpsexlcz09cdal162xcqcfgoi
The Fremont Bridge has reopened to traffic at  07:30 AM on 01/12/2025,1878464515043729878,1878464515043729878,100,1878580976626119106,1877765601634156862,7140dibdnow9c7btw4b2tpsexlcz09cdal162xcqcfgoi
The Ballard Bridge has closed to traffic at  07:39 AM on 01/12/2025,1878466732668649903,1878466732668649903,100,1878580976626119106,1877765601634156862,7140dibdnow9c7btw4b2tpsexlcz09cdal162xcqcfgoi
The Ballard Bridge has reopened to traffic at  07:43 AM on 01/12/2025,1878467744221516150,1878467744221516150,100,1878580976626119106,1877765601634156862,7140dibdnow9c7btw4b2tpsexlcz09cdal162xcqcfgoi
The University Bridge has closed to traffic at  09:54 AM on 01/12/2025,1878500713833406736,1878500713833406736,100,1878580976626119106,1877765601634156862,7140dibdnow9c7btw4b2tpsexlcz09cdal162xcqcfgoi
The University Bridge has reopened to traffic at  09:58 AM on 01/12/2025,1878501724325044733,1878501724325044733,100,1878580976626119106,1877765601634156862,7140dibdnow9c7btw4b2tpsexlcz09cdal162xcqcfgoi
The Fremont Bridge has closed to traffic at  10:12 AM on 01/12/2025,1878505262316970044,1878505262316970044,100,1878580976626119106,1877765601634156862,7140dibdnow9c7btw4b2tpsexlcz09cdal162xcqcfgoi
The Fremont Bridge has reopened to traffic at  10:16 AM on 01/12/2025,1878506271017709700,1878506271017709700,100,1878580976626119106,1877765601634156862,7140dibdnow9c7btw4b2tpsexlcz09cdal162xcqcfgoi
The Ballard Bridge has closed to traffic at  10:33 AM on 01/12/2025,1878510565519471025,1878510565519471025,100,1878580976626119106,1877765601634156862,7140dibdnow9c7btw4b2tpsexlcz09cdal162xcqcfgoi
The Ballard Bridge has reopened to traffic at  10:38 AM on 01/12/2025,1878511831976947985,1878511831976947985,100,1878580976626119106,1877765601634156862,7140dibdnow9c7btw4b2tpsexlcz09cdal162xcqcfgoi
The Fremont Bridge has closed to traffic at  10:53 AM on 01/12/2025,1878515567994564951,1878515567994564951,100,1878580976626119106,1877765601634156862,7140dibdnow9c7btw4b2tpsexlcz09cdal162xcqcfgoi
The Fremont Bridge has reopened to traffic at  10:58 AM on 01/12/2025,1878516829913767975,1878516829913767975,100,1878580976626119106,1877765601634156862,7140dibdnow9c7btw4b2tpsexlcz09cdal162xcqcfgoi
The Montlake Bridge has closed to traffic at  11:17 AM on 01/12/2025,1878521631834083739,1878521631834083739,100,1878580976626119106,1877765601634156862,7140dibdnow9c7btw4b2tpsexlcz09cdal162xcqcfgoi
The Montlake Bridge has reopened to traffic at  11:22 AM on 01/12/2025,1878522895309426777,1878522895309426777,100,1878580976626119106,1877765601634156862,7140dibdnow9c7btw4b2tpsexlcz09cdal162xcqcfgoi
The University Bridge has closed to traffic at  11:27 AM on 01/12/2025,1878524162656112726,1878524162656112726,100,1878580976626119106,1877765601634156862,7140dibdnow9c7btw4b2tpsexlcz09cdal162xcqcfgoi
The University Bridge has reopened to traffic at  11:32 AM on 01/12/2025,1878525369743216741,1878525369743216741,100,1878580976626119106,1877765601634156862,7140dibdnow9c7btw4b2tpsexlcz09cdal162xcqcfgoi
The Ballard Bridge has closed to traffic at  11:55 AM on 01/12/2025,1878531187368681758,1878531187368681758,100,1878580976626119106,1877765601634156862,7140dibdnow9c7btw4b2tpsexlcz09cdal162xcqcfgoi
The Ballard Bridge has reopened to traffic at  12:00 PM on 01/12/2025,1878532522289844464,1878532522289844464,100,1878580976626119106,1877765601634156862,7140dibdnow9c7btw4b2tpsexlcz09cdal162xcqcfgoi
The Fremont Bridge has closed to traffic at  12:09 PM on 01/12/2025,1878534675888837005,1878534675888837005,100,1878580976626119106,1877765601634156862,7140dibdnow9c7btw4b2tpsexlcz09cdal162xcqcfgoi
The Fremont Bridge has reopened to traffic at  12:13 PM on 01/12/2025,1878535691048747025,1878535691048747025,100,1878580976626119106,1877765601634156862,7140dibdnow9c7btw4b2tpsexlcz09cdal162xcqcfgoi
The University Bridge has closed to traffic at  12:16 PM on 01/12/2025,1878536450263880004,1878536450263880004,100,1878580976626119106,1877765601634156862,7140dibdnow9c7btw4b2tpsexlcz09cdal162xcqcfgoi
The University Bridge has reopened to traffic at  12:21 PM on 01/12/2025,1878537716012663293,1878537716012663293,100,1878580976626119106,1877765601634156862,7140dibdnow9c7btw4b2tpsexlcz09cdal162xcqcfgoi
The Ballard Bridge has closed to traffic at  12:54 PM on 01/12/2025,1878546001797275716,1878546001797275716,100,1878580976626119106,1877765601634156862,7140dibdnow9c7btw4b2tpsexlcz09cdal162xcqcfgoi
The University Bridge has closed to traffic at  12:55 PM on 01/12/2025,1878546255191961841,1878546255191961841,100,1878580976626119106,1877765601634156862,7140dibdnow9c7btw4b2tpsexlcz09cdal162xcqcfgoi
The University Bridge has reopened to traffic at  12:59 PM on 01/12/2025,1878547266237268425,1878547266237268425,100,1878580976626119106,1877765601634156862,7140dibdnow9c7btw4b2tpsexlcz09cdal162xcqcfgoi
The Ballard Bridge has reopened to traffic at  01:00 PM on 01/12/2025,1878547518801522820,1878547518801522820,100,1878580976626119106,1877765601634156862,7140dibdnow9c7btw4b2tpsexlcz09cdal162xcqcfgoi
The Fremont Bridge has closed to traffic at  01:01 PM on 01/12/2025,1878547772590436675,1878547772590436675,100,1878580976626119106,1877765601634156862,7140dibdnow9c7btw4b2tpsexlcz09cdal162xcqcfgoi
The Fremont Bridge has reopened to traffic at  01:05 PM on 01/12/2025,1878548787641106902,1878548787641106902,100,1878580976626119106,1877765601634156862,7140dibdnow9c7btw4b2tpsexlcz09cdal162xcqcfgoi
The Fremont Bridge has closed to traffic at  01:10 PM on 01/12/2025,1878550056602898833,1878550056602898833,100,1878580976626119106,1877765601634156862,7140dibdnow9c7btw4b2tpsexlcz09cdal162xcqcfgoi
The Fremont Bridge has reopened to traffic at  01:16 PM on 01/12/2025,1878551573313523725,1878551573313523725,100,1878580976626119106,1877765601634156862,7140dibdnow9c7btw4b2tpsexlcz09cdal162xcqcfgoi
The Ballard Bridge has closed to traffic at  01:18 PM on 01/12/2025,1878552079746388215,1878552079746388215,100,1878580976626119106,1877765601634156862,7140dibdnow9c7btw4b2tpsexlcz09cdal162xcqcfgoi
The Ballard Bridge has reopened to traffic at  01:21 PM on 01/12/2025,1878552838886015393,1878552838886015393,100,1878580976626119106,1877765601634156862,7140dibdnow9c7btw4b2tpsexlcz09cdal162xcqcfgoi
The Fremont Bridge has closed to traffic at  01:28 PM on 01/12/2025,1878554608622321838,1878554608622321838,100,1878580976626119106,1877765601634156862,7140dibdnow9c7btw4b2tpsexlcz09cdal162xcqcfgoi
The University Bridge has closed to traffic at  01:28 PM on 01/12/2025,1878554608987193406,1878554608987193406,100,1878580976626119106,1877765601634156862,7140dibdnow9c7btw4b2tpsexlcz09cdal162xcqcfgoi
The Fremont Bridge has reopened to traffic at  01:33 PM on 01/12/2025,1878555812895096899,1878555812895096899,100,1878580976626119106,1877765601634156862,7140dibdnow9c7btw4b2tpsexlcz09cdal162xcqcfgoi
The University Bridge has reopened to traffic at  01:34 PM on 01/12/2025,1878556066134577223,1878556066134577223,100,1878580976626119106,1877765601634156862,7140dibdnow9c7btw4b2tpsexlcz09cdal162xcqcfgoi
The Ballard Bridge has closed to traffic at  01:53 PM on 01/12/2025,1878560872387481980,1878560872387481980,100,1878580976626119106,1877765601634156862,7140dibdnow9c7btw4b2tpsexlcz09cdal162xcqcfgoi
The Ballard Bridge has reopened to traffic at  01:57 PM on 01/12/2025,1878561882161713578,1878561882161713578,100,1878580976626119106,1877765601634156862,7140dibdnow9c7btw4b2tpsexlcz09cdal162xcqcfgoi
The Ballard Bridge has closed to traffic at  03:05 PM on 01/12/2025,1878579012173492433,1878579012173492433,100,1878580976626119106,1877765601634156862,7140dibdnow9c7btw4b2tpsexlcz09cdal162xcqcfgoi
The University Bridge has closed to traffic at  03:07 PM on 01/12/2025,1878579519256440987,1878579519256440987,100,1878580976626119106,1877765601634156862,7140dibdnow9c7btw4b2tpsexlcz09cdal162xcqcfgoi
The Ballard Bridge has reopened to traffic at  03:09 PM on 01/12/2025,1878580024586174620,1878580024586174620,100,1878580976626119106,1877765601634156862,7140dibdnow9c7btw4b2tpsexlcz09cdal162xcqcfgoi
The University Bridge has reopened to traffic at  03:10 PM on 01/12/2025,1878580277917921659,1878580277917921659,100,1878580976626119106,1877765601634156862,7140dibdnow9c7btw4b2tpsexlcz09cdal162xcqcfgoi
The University Bridge has closed to traffic at  03:13 PM on 01/12/2025,1878580976626119106,1878580976626119106,100,1878580976626119106,1877765601634156862,7140dibdnow9c7btw4b2tpsexlcz09cdal162xcqcfgoi
The University Bridge has reopened to traffic at  03:17 PM on 01/12/2025,1878581987365314650,1878581987365314650,100,1879251916406022297,1878581987365314650,7140dibdnow9c7btw4b2trwjl2yrm1nm2plw0ebfh8180
The Montlake Bridge has closed to traffic at  03:24 PM on 01/12/2025,1878583758120747011,1878583758120747011,100,1879251916406022297,1878581987365314650,7140dibdnow9c7btw4b2trwjl2yrm1nm2plw0ebfh8180
The Fremont Bridge has closed to traffic at  03:28 PM on 01/12/2025,1878584768159498382,1878584768159498382,100,1879251916406022297,1878581987365314650,7140dibdnow9c7btw4b2trwjl2yrm1nm2plw0ebfh8180
The Montlake Bridge has reopened to traffic at  03:28 PM on 01/12/2025,1878584768578925006,1878584768578925006,100,1879251916406022297,1878581987365314650,7140dibdnow9c7btw4b2trwjl2yrm1nm2plw0ebfh8180
The 1st Ave S Bridge has closed to traffic at  03:29 PM on 01/12/2025,1878585022242021460,1878585022242021460,100,1879251916406022297,1878581987365314650,7140dibdnow9c7btw4b2trwjl2yrm1nm2plw0ebfh8180
The Fremont Bridge has reopened to traffic at  03:32 PM on 01/12/2025,1878585779150360840,1878585779150360840,100,1879251916406022297,1878581987365314650,7140dibdnow9c7btw4b2trwjl2yrm1nm2plw0ebfh8180
The 1st Ave S Bridge has reopened to traffic at  03:40 PM on 01/12/2025,1878587798829310366,1878587798829310366,100,1879251916406022297,1878581987365314650,7140dibdnow9c7btw4b2trwjl2yrm1nm2plw0ebfh8180
The Fremont Bridge has closed to traffic at  03:58 PM on 01/12/2025,1878592350664212851,1878592350664212851,100,1879251916406022297,1878581987365314650,7140dibdnow9c7btw4b2trwjl2yrm1nm2plw0ebfh8180
The Fremont Bridge has reopened to traffic at  04:03 PM on 01/12/2025,1878593616228032601,1878593616228032601,100,1879251916406022297,1878581987365314650,7140dibdnow9c7btw4b2trwjl2yrm1nm2plw0ebfh8180
The Ballard Bridge has closed to traffic at  04:05 PM on 01/12/2025,1878594124133318982,1878594124133318982,100,1879251916406022297,1878581987365314650,7140dibdnow9c7btw4b2trwjl2yrm1nm2plw0ebfh8180
The Ballard Bridge has reopened to traffic at  04:09 PM on 01/12/2025,1878595072956268851,1878595072956268851,100,1879251916406022297,1878581987365314650,7140dibdnow9c7btw4b2trwjl2yrm1nm2plw0ebfh8180
The Fremont Bridge has closed to traffic at  07:53 PM on 01/12/2025,1878651440283230537,1878651440283230537,100,1879251916406022297,1878581987365314650,7140dibdnow9c7btw4b2trwjl2yrm1nm2plw0ebfh8180
The Fremont Bridge has reopened to traffic at  08:00 PM on 01/12/2025,1878653210409472145,1878653210409472145,100,1879251916406022297,1878581987365314650,7140dibdnow9c7btw4b2trwjl2yrm1nm2plw0ebfh8180
The Ballard Bridge has closed to traffic at  08:10 PM on 01/12/2025,1878655736492007559,1878655736492007559,100,1879251916406022297,1878581987365314650,7140dibdnow9c7btw4b2trwjl2yrm1nm2plw0ebfh8180
The Ballard Bridge has reopened to traffic at  08:15 PM on 01/12/2025,1878656999946392053,1878656999946392053,100,1879251916406022297,1878581987365314650,7140dibdnow9c7btw4b2trwjl2yrm1nm2plw0ebfh8180
The University Bridge has closed to traffic at  09:06 PM on 01/12/2025,1878669822118203762,1878669822118203762,100,1879251916406022297,1878581987365314650,7140dibdnow9c7btw4b2trwjl2yrm1nm2plw0ebfh8180
The University Bridge has reopened to traffic at  09:12 PM on 01/12/2025,1878671336756912221,1878671336756912221,100,1879251916406022297,1878581987365314650,7140dibdnow9c7btw4b2trwjl2yrm1nm2plw0ebfh8180
The Fremont Bridge has closed to traffic at  09:19 PM on 01/12/2025,1878673103800479971,1878673103800479971,100,1879251916406022297,1878581987365314650,7140dibdnow9c7btw4b2trwjl2yrm1nm2plw0ebfh8180
The Fremont Bridge has reopened to traffic at  09:26 PM on 01/12/2025,1878674872127402261,1878674872127402261,100,1879251916406022297,1878581987365314650,7140dibdnow9c7btw4b2trwjl2yrm1nm2plw0ebfh8180
The Ballard Bridge has closed to traffic at  09:33 PM on 01/12/2025,1878676641066701297,1878676641066701297,100,1879251916406022297,1878581987365314650,7140dibdnow9c7btw4b2trwjl2yrm1nm2plw0ebfh8180
The Ballard Bridge has reopened to traffic at  09:38 PM on 01/12/2025,1878677904097464576,1878677904097464576,100,1879251916406022297,1878581987365314650,7140dibdnow9c7btw4b2trwjl2yrm1nm2plw0ebfh8180
The Ballard Bridge has closed to traffic at  02:12 AM on 01/13/2025,1878746837672509940,1878746837672509940,100,1879251916406022297,1878581987365314650,7140dibdnow9c7btw4b2trwjl2yrm1nm2plw0ebfh8180
The Ballard Bridge has reopened to traffic at  02:21 AM on 01/13/2025,1878749113170419819,1878749113170419819,100,1879251916406022297,1878581987365314650,7140dibdnow9c7btw4b2trwjl2yrm1nm2plw0ebfh8180
The Fremont Bridge has closed to traffic at  02:40 AM on 01/13/2025,1878753916676137469,1878753916676137469,100,1879251916406022297,1878581987365314650,7140dibdnow9c7btw4b2trwjl2yrm1nm2plw0ebfh8180
The Fremont Bridge has reopened to traffic at  02:48 AM on 01/13/2025,1878755880071737638,1878755880071737638,100,1879251916406022297,1878581987365314650,7140dibdnow9c7btw4b2trwjl2yrm1nm2plw0ebfh8180
The Ballard Bridge has closed to traffic at  07:40 AM on 01/13/2025,1878829394355261672,1878829394355261672,100,1879251916406022297,1878581987365314650,7140dibdnow9c7btw4b2trwjl2yrm1nm2plw0ebfh8180
The Ballard Bridge has reopened to traffic at  07:46 AM on 01/13/2025,1878830911191708120,1878830911191708120,100,1879251916406022297,1878581987365314650,7140dibdnow9c7btw4b2trwjl2yrm1nm2plw0ebfh8180
The Fremont Bridge has closed to traffic at  09:01 AM on 01/13/2025,1878849752189804843,1878849752189804843,100,1879251916406022297,1878581987365314650,7140dibdnow9c7btw4b2trwjl2yrm1nm2plw0ebfh8180
The Fremont Bridge has reopened to traffic at  09:07 AM on 01/13/2025,1878851274512236808,1878851274512236808,100,1879251916406022297,1878581987365314650,7140dibdnow9c7btw4b2trwjl2yrm1nm2plw0ebfh8180
The Fremont Bridge has closed to traffic at  09:17 AM on 01/13/2025,1878853805623955840,1878853805623955840,100,1879251916406022297,1878581987365314650,7140dibdnow9c7btw4b2trwjl2yrm1nm2plw0ebfh8180
The Ballard Bridge has closed to traffic at  09:18 AM on 01/13/2025,1878854058410446892,1878854058410446892,100,1879251916406022297,1878581987365314650,7140dibdnow9c7btw4b2trwjl2yrm1nm2plw0ebfh8180
The Fremont Bridge has reopened to traffic at  09:21 AM on 01/13/2025,1878854814932803723,1878854814932803723,100,1879251916406022297,1878581987365314650,7140dibdnow9c7btw4b2trwjl2yrm1nm2plw0ebfh8180
The Ballard Bridge has reopened to traffic at  09:24 AM on 01/13/2025,1878855572931682454,1878855572931682454,100,1879251916406022297,1878581987365314650,7140dibdnow9c7btw4b2trwjl2yrm1nm2plw0ebfh8180
The 1st Ave S Bridge has closed to traffic at  09:43 AM on 01/13/2025,1878860369437118865,1878860369437118865,100,1879251916406022297,1878581987365314650,7140dibdnow9c7btw4b2trwjl2yrm1nm2plw0ebfh8180
The 1st Ave S Bridge has reopened to traffic at  09:57 AM on 01/13/2025,1878863903771533675,1878863903771533675,100,1879251916406022297,1878581987365314650,7140dibdnow9c7btw4b2trwjl2yrm1nm2plw0ebfh8180
The 1st Ave S Bridge has closed to traffic at  10:16 AM on 01/13/2025,1878868645386064243,1878868645386064243,100,1879251916406022297,1878581987365314650,7140dibdnow9c7btw4b2trwjl2yrm1nm2plw0ebfh8180
The 1st Ave S Bridge has reopened to traffic at  10:23 AM on 01/13/2025,1878870415634006235,1878870415634006235,100,1879251916406022297,1878581987365314650,7140dibdnow9c7btw4b2trwjl2yrm1nm2plw0ebfh8180
The University Bridge has closed to traffic at  11:14 AM on 01/13/2025,1878883239181570199,1878883239181570199,100,1879251916406022297,1878581987365314650,7140dibdnow9c7btw4b2trwjl2yrm1nm2plw0ebfh8180
The University Bridge has reopened to traffic at  11:18 AM on 01/13/2025,1878884250210255336,1878884250210255336,100,1879251916406022297,1878581987365314650,7140dibdnow9c7btw4b2trwjl2yrm1nm2plw0ebfh8180
The 1st Ave S Bridge has closed to traffic at  11:48 AM on 01/13/2025,1878891827677557230,1878891827677557230,100,1879251916406022297,1878581987365314650,7140dibdnow9c7btw4b2trwjl2yrm1nm2plw0ebfh8180
The 1st Ave S Bridge has reopened to traffic at  11:59 AM on 01/13/2025,1878894545947205646,1878894545947205646,100,1879251916406022297,1878581987365314650,7140dibdnow9c7btw4b2trwjl2yrm1nm2plw0ebfh8180
The Fremont Bridge has closed to traffic at  12:01 PM on 01/13/2025,1878895051641962684,1878895051641962684,100,1879251916406022297,1878581987365314650,7140dibdnow9c7btw4b2trwjl2yrm1nm2plw0ebfh8180
The Fremont Bridge has reopened to traffic at  12:05 PM on 01/13/2025,1878896063891095616,1878896063891095616,100,1879251916406022297,1878581987365314650,7140dibdnow9c7btw4b2trwjl2yrm1nm2plw0ebfh8180
The Fremont Bridge has closed to traffic at  12:25 PM on 01/13/2025,1878901123849081201,1878901123849081201,100,1879251916406022297,1878581987365314650,7140dibdnow9c7btw4b2trwjl2yrm1nm2plw0ebfh8180
The Fremont Bridge has reopened to traffic at  12:34 PM on 01/13/2025,1878903462098084157,1878903462098084157,100,1879251916406022297,1878581987365314650,7140dibdnow9c7btw4b2trwjl2yrm1nm2plw0ebfh8180
The Ballard Bridge has closed to traffic at  12:39 PM on 01/13/2025,1878904792761950425,1878904792761950425,100,1879251916406022297,1878581987365314650,7140dibdnow9c7btw4b2trwjl2yrm1nm2plw0ebfh8180
The Ballard Bridge has reopened to traffic at  12:44 PM on 01/13/2025,1878905935151943912,1878905935151943912,100,1879251916406022297,1878581987365314650,7140dibdnow9c7btw4b2trwjl2yrm1nm2plw0ebfh8180
The Fremont Bridge has closed to traffic at  12:48 PM on 01/13/2025,1878906883685433778,1878906883685433778,100,1879251916406022297,1878581987365314650,7140dibdnow9c7btw4b2trwjl2yrm1nm2plw0ebfh8180
The Fremont Bridge has reopened to traffic at  12:52 PM on 01/13/2025,1878907893912862996,1878907893912862996,100,1879251916406022297,1878581987365314650,7140dibdnow9c7btw4b2trwjl2yrm1nm2plw0ebfh8180
The Ballard Bridge has closed to traffic at  01:05 PM on 01/13/2025,1878911178812121559,1878911178812121559,100,1879251916406022297,1878581987365314650,7140dibdnow9c7btw4b2trwjl2yrm1nm2plw0ebfh8180
The Ballard Bridge has reopened to traffic at  01:12 PM on 01/13/2025,1878912950700040539,1878912950700040539,100,1879251916406022297,1878581987365314650,7140dibdnow9c7btw4b2trwjl2yrm1nm2plw0ebfh8180
The Fremont Bridge has closed to traffic at  01:22 PM on 01/13/2025,1878915541022519716,1878915541022519716,100,1879251916406022297,1878581987365314650,7140dibdnow9c7btw4b2trwjl2yrm1nm2plw0ebfh8180
The Fremont Bridge has reopened to traffic at  01:28 PM on 01/13/2025,1878916995510665375,1878916995510665375,100,1879251916406022297,1878581987365314650,7140dibdnow9c7btw4b2trwjl2yrm1nm2plw0ebfh8180
The University Bridge has closed to traffic at  01:28 PM on 01/13/2025,1878916996039098541,1878916996039098541,100,1879251916406022297,1878581987365314650,7140dibdnow9c7btw4b2trwjl2yrm1nm2plw0ebfh8180
The University Bridge has reopened to traffic at  01:30 PM on 01/13/2025,1878917440291389478,1878917440291389478,100,1879251916406022297,1878581987365314650,7140dibdnow9c7btw4b2trwjl2yrm1nm2plw0ebfh8180
The University Bridge has closed to traffic at  01:34 PM on 01/13/2025,1878918451416469615,1878918451416469615,100,1879251916406022297,1878581987365314650,7140dibdnow9c7btw4b2trwjl2yrm1nm2plw0ebfh8180
The Fremont Bridge has closed to traffic at  01:37 PM on 01/13/2025,1878919273021837344,1878919273021837344,100,1879251916406022297,1878581987365314650,7140dibdnow9c7btw4b2trwjl2yrm1nm2plw0ebfh8180
The University Bridge has reopened to traffic at  01:38 PM on 01/13/2025,1878919463061565633,1878919463061565633,100,1879251916406022297,1878581987365314650,7140dibdnow9c7btw4b2trwjl2yrm1nm2plw0ebfh8180
The Fremont Bridge has reopened to traffic at  01:42 PM on 01/13/2025,1878920473054183869,1878920473054183869,100,1879251916406022297,1878581987365314650,7140dibdnow9c7btw4b2trwjl2yrm1nm2plw0ebfh8180
The Montlake Bridge has closed to traffic at  02:00 PM on 01/13/2025,1878925078748152240,1878925078748152240,100,1879251916406022297,1878581987365314650,7140dibdnow9c7btw4b2trwjl2yrm1nm2plw0ebfh8180
The Ballard Bridge has closed to traffic at  02:07 PM on 01/13/2025,1878926786563887593,1878926786563887593,100,1879251916406022297,1878581987365314650,7140dibdnow9c7btw4b2trwjl2yrm1nm2plw0ebfh8180
The Montlake Bridge has reopened to traffic at  02:07 PM on 01/13/2025,1878926786945560770,1878926786945560770,100,1879251916406022297,1878581987365314650,7140dibdnow9c7btw4b2trwjl2yrm1nm2plw0ebfh8180
The University Bridge has closed to traffic at  02:10 PM on 01/13/2025,1878927608370680217,1878927608370680217,100,1879251916406022297,1878581987365314650,7140dibdnow9c7btw4b2trwjl2yrm1nm2plw0ebfh8180
The Ballard Bridge has reopened to traffic at  02:13 PM on 01/13/2025,1878928303593251211,1878928303593251211,100,1879251916406022297,1878581987365314650,7140dibdnow9c7btw4b2trwjl2yrm1nm2plw0ebfh8180
The University Bridge has reopened to traffic at  02:16 PM on 01/13/2025,1878929062259044361,1878929062259044361,100,1879251916406022297,1878581987365314650,7140dibdnow9c7btw4b2trwjl2yrm1nm2plw0ebfh8180
The Fremont Bridge has closed to traffic at  02:23 PM on 01/13/2025,1878930831873552435,1878930831873552435,100,1879251916406022297,1878581987365314650,7140dibdnow9c7btw4b2trwjl2yrm1nm2plw0ebfh8180
The Fremont Bridge has reopened to traffic at  02:29 PM on 01/13/2025,1878932413004616129,1878932413004616129,100,1879251916406022297,1878581987365314650,7140dibdnow9c7btw4b2trwjl2yrm1nm2plw0ebfh8180
The Fremont Bridge has closed to traffic at  02:34 PM on 01/13/2025,1878933553255420245,1878933553255420245,100,1879251916406022297,1878581987365314650,7140dibdnow9c7btw4b2trwjl2yrm1nm2plw0ebfh8180
The Fremont Bridge has reopened to traffic at  02:40 PM on 01/13/2025,1878935069764788397,1878935069764788397,100,1879251916406022297,1878581987365314650,7140dibdnow9c7btw4b2trwjl2yrm1nm2plw0ebfh8180
The University Bridge has closed to traffic at  02:41 PM on 01/13/2025,1878935322769461430,1878935322769461430,100,1879251916406022297,1878581987365314650,7140dibdnow9c7btw4b2trwjl2yrm1nm2plw0ebfh8180
The University Bridge has reopened to traffic at  02:47 PM on 01/13/2025,1878936841782730825,1878936841782730825,100,1879251916406022297,1878581987365314650,7140dibdnow9c7btw4b2trwjl2yrm1nm2plw0ebfh8180
The Fremont Bridge has closed to traffic at  06:01 PM on 01/13/2025,1878985667885363617,1878985667885363617,100,1879251916406022297,1878581987365314650,7140dibdnow9c7btw4b2trwjl2yrm1nm2plw0ebfh8180
The Fremont Bridge has reopened to traffic at  06:05 PM on 01/13/2025,1878986678838374454,1878986678838374454,100,1879251916406022297,1878581987365314650,7140dibdnow9c7btw4b2trwjl2yrm1nm2plw0ebfh8180
The Fremont Bridge has closed to traffic at  06:30 PM on 01/13/2025,1878992999742668962,1878992999742668962,100,1879251916406022297,1878581987365314650,7140dibdnow9c7btw4b2trwjl2yrm1nm2plw0ebfh8180
The Fremont Bridge has reopened to traffic at  06:35 PM on 01/13/2025,1878994199619727613,1878994199619727613,100,1879251916406022297,1878581987365314650,7140dibdnow9c7btw4b2trwjl2yrm1nm2plw0ebfh8180
The University Bridge has closed to traffic at  09:09 PM on 01/13/2025,1879032987188367570,1879032987188367570,100,1879251916406022297,1878581987365314650,7140dibdnow9c7btw4b2trwjl2yrm1nm2plw0ebfh8180
The University Bridge has reopened to traffic at  09:15 PM on 01/13/2025,1879034503395676204,1879034503395676204,100,1879251916406022297,1878581987365314650,7140dibdnow9c7btw4b2trwjl2yrm1nm2plw0ebfh8180
The Fremont Bridge has closed to traffic at  09:24 PM on 01/13/2025,1879036775873831264,1879036775873831264,100,1879251916406022297,1878581987365314650,7140dibdnow9c7btw4b2trwjl2yrm1nm2plw0ebfh8180
The Fremont Bridge has reopened to traffic at  09:31 PM on 01/13/2025,1879038543462613007,1879038543462613007,100,1879251916406022297,1878581987365314650,7140dibdnow9c7btw4b2trwjl2yrm1nm2plw0ebfh8180
The Ballard Bridge has closed to traffic at  09:37 PM on 01/13/2025,1879040059258937785,1879040059258937785,100,1879251916406022297,1878581987365314650,7140dibdnow9c7btw4b2trwjl2yrm1nm2plw0ebfh8180
The Ballard Bridge has reopened to traffic at  09:43 PM on 01/13/2025,1879041514275541059,1879041514275541059,100,1879251916406022297,1878581987365314650,7140dibdnow9c7btw4b2trwjl2yrm1nm2plw0ebfh8180
The Ballard Bridge has closed to traffic at  06:03 AM on 01/14/2025,1879167400178032919,1879167400178032919,100,1879251916406022297,1878581987365314650,7140dibdnow9c7btw4b2trwjl2yrm1nm2plw0ebfh8180
The Ballard Bridge has reopened to traffic at  06:11 AM on 01/14/2025,1879169361556238795,1879169361556238795,100,1879251916406022297,1878581987365314650,7140dibdnow9c7btw4b2trwjl2yrm1nm2plw0ebfh8180
The 1st Ave S Bridge has closed to traffic at  09:30 AM on 01/14/2025,1879219443496292523,1879219443496292523,100,1879251916406022297,1878581987365314650,7140dibdnow9c7btw4b2trwjl2yrm1nm2plw0ebfh8180
The 1st Ave S Bridge has reopened to traffic at  09:40 AM on 01/14/2025,1879221972141490519,1879221972141490519,100,1879251916406022297,1878581987365314650,7140dibdnow9c7btw4b2trwjl2yrm1nm2plw0ebfh8180
The Fremont Bridge has closed to traffic at  09:41 AM on 01/14/2025,1879222226140188746,1879222226140188746,100,1879251916406022297,1878581987365314650,7140dibdnow9c7btw4b2trwjl2yrm1nm2plw0ebfh8180
The Fremont Bridge has reopened to traffic at  09:45 AM on 01/14/2025,1879223236657074535,1879223236657074535,100,1879251916406022297,1878581987365314650,7140dibdnow9c7btw4b2trwjl2yrm1nm2plw0ebfh8180
The 1st Ave S Bridge has closed to traffic at  10:07 AM on 01/14/2025,1879228792071180409,1879228792071180409,100,1879251916406022297,1878581987365314650,7140dibdnow9c7btw4b2trwjl2yrm1nm2plw0ebfh8180
The 1st Ave S Bridge has reopened to traffic at  10:14 AM on 01/14/2025,1879230560297783576,1879230560297783576,100,1879251916406022297,1878581987365314650,7140dibdnow9c7btw4b2trwjl2yrm1nm2plw0ebfh8180
The 1st Ave S Bridge has closed to traffic at  10:48 AM on 01/14/2025,1879239086948634996,1879239086948634996,100,1879251916406022297,1878581987365314650,7140dibdnow9c7btw4b2trwjl2yrm1nm2plw0ebfh8180
The 1st Ave S Bridge has reopened to traffic at  10:55 AM on 01/14/2025,1879240855569252593,1879240855569252593,100,1879251916406022297,1878581987365314650,7140dibdnow9c7btw4b2trwjl2yrm1nm2plw0ebfh8180
The Fremont Bridge has closed to traffic at  11:10 AM on 01/14/2025,1879244646590906415,1879244646590906415,100,1879251916406022297,1878581987365314650,7140dibdnow9c7btw4b2trwjl2yrm1nm2plw0ebfh8180
The Fremont Bridge has reopened to traffic at  11:15 AM on 01/14/2025,1879245909374181600,1879245909374181600,100,1879251916406022297,1878581987365314650,7140dibdnow9c7btw4b2trwjl2yrm1nm2plw0ebfh8180
The Ballard Bridge has closed to traffic at  11:19 AM on 01/14/2025,1879246921451356531,1879246921451356531,100,1879251916406022297,1878581987365314650,7140dibdnow9c7btw4b2trwjl2yrm1nm2plw0ebfh8180
The Ballard Bridge has reopened to traffic at  11:23 AM on 01/14/2025,1879247871817748934,1879247871817748934,100,1879251916406022297,1878581987365314650,7140dibdnow9c7btw4b2trwjl2yrm1nm2plw0ebfh8180
The University Bridge has closed to traffic at  11:30 AM on 01/14/2025,1879249640320913653,1879249640320913653,100,1879251916406022297,1878581987365314650,7140dibdnow9c7btw4b2trwjl2yrm1nm2plw0ebfh8180
The Fremont Bridge has closed to traffic at  11:32 AM on 01/14/2025,1879250145113722885,1879250145113722885,100,1879251916406022297,1878581987365314650,7140dibdnow9c7btw4b2trwjl2yrm1nm2plw0ebfh8180
The University Bridge has reopened to traffic at  11:35 AM on 01/14/2025,1879250905847279995,1879250905847279995,100,1879251916406022297,1878581987365314650,7140dibdnow9c7btw4b2trwjl2yrm1nm2plw0ebfh8180
The Fremont Bridge has reopened to traffic at  11:37 AM on 01/14/2025,1879251411281781009,1879251411281781009,100,1879251916406022297,1878581987365314650,7140dibdnow9c7btw4b2trwjl2yrm1nm2plw0ebfh8180
The Montlake Bridge has closed to traffic at  11:39 AM on 01/14/2025,1879251916406022297,1879251916406022297,100,1879251916406022297,1878581987365314650,7140dibdnow9c7btw4b2trwjl2yrm1nm2plw0ebfh8180
The 1st Ave S Bridge has closed to traffic at  11:45 AM on 01/14/2025,1879253435897557041,1879253435897557041,100,1880358690412548538,1879253435897557041,7140dibdnow9c7btw4b2tu0d8lcupbfjuw9lno1klo1td
The Montlake Bridge has reopened to traffic at  11:45 AM on 01/14/2025,1879253436468019628,1879253436468019628,100,1880358690412548538,1879253435897557041,7140dibdnow9c7btw4b2tu0d8lcupbfjuw9lno1klo1td
The 1st Ave S Bridge has reopened to traffic at  11:55 AM on 01/14/2025,1879255964538523845,1879255964538523845,100,1880358690412548538,1879253435897557041,7140dibdnow9c7btw4b2tu0d8lcupbfjuw9lno1klo1td
The Fremont Bridge has closed to traffic at  12:41 PM on 01/14/2025,1879267518793277496,1879267518793277496,100,1880358690412548538,1879253435897557041,7140dibdnow9c7btw4b2tu0d8lcupbfjuw9lno1klo1td
The Fremont Bridge has reopened to traffic at  12:46 PM on 01/14/2025,1879268782138675655,1879268782138675655,100,1880358690412548538,1879253435897557041,7140dibdnow9c7btw4b2tu0d8lcupbfjuw9lno1klo1td
The Ballard Bridge has closed to traffic at  01:03 PM on 01/14/2025,1879273074409005249,1879273074409005249,100,1880358690412548538,1879253435897557041,7140dibdnow9c7btw4b2tu0d8lcupbfjuw9lno1klo1td
The Ballard Bridge has reopened to traffic at  01:08 PM on 01/14/2025,1879274339218108825,1879274339218108825,100,1880358690412548538,1879253435897557041,7140dibdnow9c7btw4b2tu0d8lcupbfjuw9lno1klo1td
The Fremont Bridge has closed to traffic at  01:14 PM on 01/14/2025,1879275854762782966,1879275854762782966,100,1880358690412548538,1879253435897557041,7140dibdnow9c7btw4b2tu0d8lcupbfjuw9lno1klo1td
The Fremont Bridge has reopened to traffic at  01:18 PM on 01/14/2025,1879276862566023668,1879276862566023668,100,1880358690412548538,1879253435897557041,7140dibdnow9c7btw4b2tu0d8lcupbfjuw9lno1klo1td
The Fremont Bridge has closed to traffic at  01:55 PM on 01/14/2025,1879286181864882293,1879286181864882293,100,1880358690412548538,1879253435897557041,7140dibdnow9c7btw4b2tu0d8lcupbfjuw9lno1klo1td
The Fremont Bridge has reopened to traffic at  02:00 PM on 01/14/2025,1879287378625659135,1879287378625659135,100,1880358690412548538,1879253435897557041,7140dibdnow9c7btw4b2tu0d8lcupbfjuw9lno1klo1td
The Ballard Bridge has closed to traffic at  02:24 PM on 01/14/2025,1879293423095796110,1879293423095796110,100,1880358690412548538,1879253435897557041,7140dibdnow9c7btw4b2tu0d8lcupbfjuw9lno1klo1td
The Ballard Bridge has reopened to traffic at  02:30 PM on 01/14/2025,1879294935591195026,1879294935591195026,100,1880358690412548538,1879253435897557041,7140dibdnow9c7btw4b2tu0d8lcupbfjuw9lno1klo1td
The Fremont Bridge has closed to traffic at  02:31 PM on 01/14/2025,1879295187975106817,1879295187975106817,100,1880358690412548538,1879253435897557041,7140dibdnow9c7btw4b2tu0d8lcupbfjuw9lno1klo1td
The Fremont Bridge has reopened to traffic at  02:36 PM on 01/14/2025,1879296447641944455,1879296447641944455,100,1880358690412548538,1879253435897557041,7140dibdnow9c7btw4b2tu0d8lcupbfjuw9lno1klo1td
The Fremont Bridge has closed to traffic at  02:42 PM on 01/14/2025,1879297960649113628,1879297960649113628,100,1880358690412548538,1879253435897557041,7140dibdnow9c7btw4b2tu0d8lcupbfjuw9lno1klo1td
The University Bridge has closed to traffic at  02:47 PM on 01/14/2025,1879299220123128203,1879299220123128203,100,1880358690412548538,1879253435897557041,7140dibdnow9c7btw4b2tu0d8lcupbfjuw9lno1klo1td
The Fremont Bridge has reopened to traffic at  02:51 PM on 01/14/2025,1879300251217170462,1879300251217170462,100,1880358690412548538,1879253435897557041,7140dibdnow9c7btw4b2tu0d8lcupbfjuw9lno1klo1td
The University Bridge has reopened to traffic at  02:52 PM on 01/14/2025,1879300503504580670,1879300503504580670,100,1880358690412548538,1879253435897557041,7140dibdnow9c7btw4b2tu0d8lcupbfjuw9lno1klo1td
The University Bridge has closed to traffic at  02:58 PM on 01/14/2025,1879302015727333679,1879302015727333679,100,1880358690412548538,1879253435897557041,7140dibdnow9c7btw4b2tu0d8lcupbfjuw9lno1klo1td
The Montlake Bridge has closed to traffic at  03:00 PM on 01/14/2025,1879302519731745262,1879302519731745262,100,1880358690412548538,1879253435897557041,7140dibdnow9c7btw4b2tu0d8lcupbfjuw9lno1klo1td
The University Bridge has reopened to traffic at  03:05 PM on 01/14/2025,1879303779176308957,1879303779176308957,100,1880358690412548538,1879253435897557041,7140dibdnow9c7btw4b2tu0d8lcupbfjuw9lno1klo1td
The Montlake Bridge has reopened to traffic at  03:06 PM on 01/14/2025,1879304032550011203,1879304032550011203,100,1880358690412548538,1879253435897557041,7140dibdnow9c7btw4b2tu0d8lcupbfjuw9lno1klo1td
The Ballard Bridge has closed to traffic at  06:22 PM on 01/14/2025,1879353329064780041,1879353329064780041,100,1880358690412548538,1879253435897557041,7140dibdnow9c7btw4b2tu0d8lcupbfjuw9lno1klo1td
The Ballard Bridge has reopened to traffic at  06:29 PM on 01/14/2025,1879355094640312354,1879355094640312354,100,1880358690412548538,1879253435897557041,7140dibdnow9c7btw4b2tu0d8lcupbfjuw9lno1klo1td
The University Bridge has closed to traffic at  09:19 PM on 01/14/2025,1879397902373794011,1879397902373794011,100,1880358690412548538,1879253435897557041,7140dibdnow9c7btw4b2tu0d8lcupbfjuw9lno1klo1td
The University Bridge has reopened to traffic at  09:25 PM on 01/14/2025,1879399414823104945,1879399414823104945,100,1880358690412548538,1879253435897557041,7140dibdnow9c7btw4b2tu0d8lcupbfjuw9lno1klo1td
The Fremont Bridge has closed to traffic at  09:34 PM on 01/14/2025,1879401682314080459,1879401682314080459,100,1880358690412548538,1879253435897557041,7140dibdnow9c7btw4b2tu0d8lcupbfjuw9lno1klo1td
The Fremont Bridge has reopened to traffic at  09:40 PM on 01/14/2025,1879403194503368731,1879403194503368731,100,1880358690412548538,1879253435897557041,7140dibdnow9c7btw4b2tu0d8lcupbfjuw9lno1klo1td
The Ballard Bridge has closed to traffic at  09:46 PM on 01/14/2025,1879404706830901739,1879404706830901739,100,1880358690412548538,1879253435897557041,7140dibdnow9c7btw4b2tu0d8lcupbfjuw9lno1klo1td
The Ballard Bridge has reopened to traffic at  09:52 PM on 01/14/2025,1879406219909353584,1879406219909353584,100,1880358690412548538,1879253435897557041,7140dibdnow9c7btw4b2tu0d8lcupbfjuw9lno1klo1td
The Ballard Bridge has closed to traffic at  06:57 AM on 01/15/2025,1879543351541956624,1879543351541956624,100,1880358690412548538,1879253435897557041,7140dibdnow9c7btw4b2tu0d8lcupbfjuw9lno1klo1td
The Ballard Bridge has reopened to traffic at  07:03 AM on 01/15/2025,1879544863848604140,1879544863848604140,100,1880358690412548538,1879253435897557041,7140dibdnow9c7btw4b2tu0d8lcupbfjuw9lno1klo1td
The Ballard Bridge has closed to traffic at  07:33 AM on 01/15/2025,1879552420180598937,1879552420180598937,100,1880358690412548538,1879253435897557041,7140dibdnow9c7btw4b2tu0d8lcupbfjuw9lno1klo1td
The Ballard Bridge has reopened to traffic at  07:39 AM on 01/15/2025,1879553933053743163,1879553933053743163,100,1880358690412548538,1879253435897557041,7140dibdnow9c7btw4b2tu0d8lcupbfjuw9lno1klo1td
The 1st Ave S Bridge has closed to traffic at  09:11 AM on 01/15/2025,1879577036798533738,1879577036798533738,100,1880358690412548538,1879253435897557041,7140dibdnow9c7btw4b2tu0d8lcupbfjuw9lno1klo1td
The 1st Ave S Bridge has reopened to traffic at  09:25 AM on 01/15/2025,1879580564174622927,1879580564174622927,100,1880358690412548538,1879253435897557041,7140dibdnow9c7btw4b2tu0d8lcupbfjuw9lno1klo1td
The 1st Ave S Bridge has closed to traffic at  10:01 AM on 01/15/2025,1879589631467081740,1879589631467081740,100,1880358690412548538,1879253435897557041,7140dibdnow9c7btw4b2tu0d8lcupbfjuw9lno1klo1td
The 1st Ave S Bridge has reopened to traffic at  10:11 AM on 01/15/2025,1879592152411607073,1879592152411607073,100,1880358690412548538,1879253435897557041,7140dibdnow9c7btw4b2tu0d8lcupbfjuw9lno1klo1td
The Ballard Bridge has closed to traffic at  10:35 AM on 01/15/2025,1879598198043681246,1879598198043681246,100,1880358690412548538,1879253435897557041,7140dibdnow9c7btw4b2tu0d8lcupbfjuw9lno1klo1td
The Ballard Bridge has reopened to traffic at  10:38 AM on 01/15/2025,1879598953777582199,1879598953777582199,100,1880358690412548538,1879253435897557041,7140dibdnow9c7btw4b2tu0d8lcupbfjuw9lno1klo1td
The Fremont Bridge has closed to traffic at  11:46 AM on 01/15/2025,1879616077623378289,1879616077623378289,100,1880358690412548538,1879253435897557041,7140dibdnow9c7btw4b2tu0d8lcupbfjuw9lno1klo1td
The Fremont Bridge has reopened to traffic at  11:51 AM on 01/15/2025,1879617337055420673,1879617337055420673,100,1880358690412548538,1879253435897557041,7140dibdnow9c7btw4b2tu0d8lcupbfjuw9lno1klo1td
The 1st Ave S Bridge has closed to traffic at  12:40 PM on 01/15/2025,1879629677264048158,1879629677264048158,100,1880358690412548538,1879253435897557041,7140dibdnow9c7btw4b2tu0d8lcupbfjuw9lno1klo1td
The 1st Ave S Bridge has reopened to traffic at  12:50 PM on 01/15/2025,1879632197130629432,1879632197130629432,100,1880358690412548538,1879253435897557041,7140dibdnow9c7btw4b2tu0d8lcupbfjuw9lno1klo1td
The Ballard Bridge has closed to traffic at  01:02 PM on 01/15/2025,1879635220766618081,1879635220766618081,100,1880358690412548538,1879253435897557041,7140dibdnow9c7btw4b2tu0d8lcupbfjuw9lno1klo1td
The Ballard Bridge has reopened to traffic at  01:09 PM on 01/15/2025,1879636985675211080,1879636985675211080,100,1880358690412548538,1879253435897557041,7140dibdnow9c7btw4b2tu0d8lcupbfjuw9lno1klo1td
The Fremont Bridge has closed to traffic at  01:40 PM on 01/15/2025,1879644793170702578,1879644793170702578,100,1880358690412548538,1879253435897557041,7140dibdnow9c7btw4b2tu0d8lcupbfjuw9lno1klo1td
The Fremont Bridge has reopened to traffic at  01:44 PM on 01/15/2025,1879645738021658982,1879645738021658982,100,1880358690412548538,1879253435897557041,7140dibdnow9c7btw4b2tu0d8lcupbfjuw9lno1klo1td
The Ballard Bridge has closed to traffic at  02:00 PM on 01/15/2025,1879649769926328553,1879649769926328553,100,1880358690412548538,1879253435897557041,7140dibdnow9c7btw4b2tu0d8lcupbfjuw9lno1klo1td
The Ballard Bridge has reopened to traffic at  02:05 PM on 01/15/2025,1879651029660381655,1879651029660381655,100,1880358690412548538,1879253435897557041,7140dibdnow9c7btw4b2tu0d8lcupbfjuw9lno1klo1td
The Ballard Bridge has closed to traffic at  02:15 PM on 01/15/2025,1879653549405241635,1879653549405241635,100,1880358690412548538,1879253435897557041,7140dibdnow9c7btw4b2tu0d8lcupbfjuw9lno1klo1td
The Ballard Bridge has reopened to traffic at  02:19 PM on 01/15/2025,1879654558047097166,1879654558047097166,100,1880358690412548538,1879253435897557041,7140dibdnow9c7btw4b2tu0d8lcupbfjuw9lno1klo1td
The Fremont Bridge has closed to traffic at  02:29 PM on 01/15/2025,1879657077968384043,1879657077968384043,100,1880358690412548538,1879253435897557041,7140dibdnow9c7btw4b2tu0d8lcupbfjuw9lno1klo1td
The Fremont Bridge has reopened to traffic at  02:33 PM on 01/15/2025,1879658086803055034,1879658086803055034,100,1880358690412548538,1879253435897557041,7140dibdnow9c7btw4b2tu0d8lcupbfjuw9lno1klo1td
The Ballard Bridge has closed to traffic at  02:44 PM on 01/15/2025,1879660859900809296,1879660859900809296,100,1880358690412548538,1879253435897557041,7140dibdnow9c7btw4b2tu0d8lcupbfjuw9lno1klo1td
The Ballard Bridge has reopened to traffic at  02:50 PM on 01/15/2025,1879662375600538057,1879662375600538057,100,1880358690412548538,1879253435897557041,7140dibdnow9c7btw4b2tu0d8lcupbfjuw9lno1klo1td
The Fremont Bridge has closed to traffic at  02:59 PM on 01/15/2025,1879664645700468984,1879664645700468984,100,1880358690412548538,1879253435897557041,7140dibdnow9c7btw4b2tu0d8lcupbfjuw9lno1klo1td
The Fremont Bridge has reopened to traffic at  03:05 PM on 01/15/2025,1879666158514696534,1879666158514696534,100,1880358690412548538,1879253435897557041,7140dibdnow9c7btw4b2tu0d8lcupbfjuw9lno1klo1td
The University Bridge has closed to traffic at  03:16 PM on 01/15/2025,1879668932585402745,1879668932585402745,100,1880358690412548538,1879253435897557041,7140dibdnow9c7btw4b2tu0d8lcupbfjuw9lno1klo1td
The University Bridge has reopened to traffic at  03:23 PM on 01/15/2025,1879670696911217079,1879670696911217079,100,1880358690412548538,1879253435897557041,7140dibdnow9c7btw4b2tu0d8lcupbfjuw9lno1klo1td
The Ballard Bridge has reopened to traffic at  05:18 PM on 01/15/2025,1879699654029525114,1879699654029525114,100,1880358690412548538,1879253435897557041,7140dibdnow9c7btw4b2tu0d8lcupbfjuw9lno1klo1td
The University Bridge has closed to traffic at  07:37 PM on 01/15/2025,1879734592556748969,1879734592556748969,100,1880358690412548538,1879253435897557041,7140dibdnow9c7btw4b2tu0d8lcupbfjuw9lno1klo1td
The University Bridge has reopened to traffic at  07:43 PM on 01/15/2025,1879736104968134755,1879736104968134755,100,1880358690412548538,1879253435897557041,7140dibdnow9c7btw4b2tu0d8lcupbfjuw9lno1klo1td
The Fremont Bridge has closed to traffic at  07:51 PM on 01/15/2025,1879738120805257566,1879738120805257566,100,1880358690412548538,1879253435897557041,7140dibdnow9c7btw4b2tu0d8lcupbfjuw9lno1klo1td
The Fremont Bridge has reopened to traffic at  07:56 PM on 01/15/2025,1879739380216324243,1879739380216324243,100,1880358690412548538,1879253435897557041,7140dibdnow9c7btw4b2tu0d8lcupbfjuw9lno1klo1td
The Ballard Bridge has closed to traffic at  08:03 PM on 01/15/2025,1879741145103929446,1879741145103929446,100,1880358690412548538,1879253435897557041,7140dibdnow9c7btw4b2tu0d8lcupbfjuw9lno1klo1td
The Ballard Bridge has reopened to traffic at  08:08 PM on 01/15/2025,1879742404473012345,1879742404473012345,100,1880358690412548538,1879253435897557041,7140dibdnow9c7btw4b2tu0d8lcupbfjuw9lno1klo1td
The Fremont Bridge has closed to traffic at  06:23 AM on 01/16/2025,1879897154522607835,1879897154522607835,100,1880358690412548538,1879253435897557041,7140dibdnow9c7btw4b2tu0d8lcupbfjuw9lno1klo1td
The Fremont Bridge has reopened to traffic at  06:29 AM on 01/16/2025,1879898667726832086,1879898667726832086,100,1880358690412548538,1879253435897557041,7140dibdnow9c7btw4b2tu0d8lcupbfjuw9lno1klo1td
The Ballard Bridge has closed to traffic at  06:55 AM on 01/16/2025,1879905216994177491,1879905216994177491,100,1880358690412548538,1879253435897557041,7140dibdnow9c7btw4b2tu0d8lcupbfjuw9lno1klo1td
The Ballard Bridge has reopened to traffic at  07:00 AM on 01/16/2025,1879906476392841636,1879906476392841636,100,1880358690412548538,1879253435897557041,7140dibdnow9c7btw4b2tu0d8lcupbfjuw9lno1klo1td
The Ballard Bridge has reopened to traffic at  07:16 AM on 01/16/2025,1879910506708033634,1879910506708033634,100,1880358690412548538,1879253435897557041,7140dibdnow9c7btw4b2tu0d8lcupbfjuw9lno1klo1td
The Ballard Bridge has closed to traffic at  10:09 AM on 01/16/2025,1879954074411635171,1879954074411635171,100,1880358690412548538,1879253435897557041,7140dibdnow9c7btw4b2tu0d8lcupbfjuw9lno1klo1td
The Ballard Bridge has reopened to traffic at  10:12 AM on 01/16/2025,1879954830279733422,1879954830279733422,100,1880358690412548538,1879253435897557041,7140dibdnow9c7btw4b2tu0d8lcupbfjuw9lno1klo1td
The Fremont Bridge has closed to traffic at  10:31 AM on 01/16/2025,1879959615921958993,1879959615921958993,100,1880358690412548538,1879253435897557041,7140dibdnow9c7btw4b2tu0d8lcupbfjuw9lno1klo1td
The Fremont Bridge has reopened to traffic at  10:35 AM on 01/16/2025,1879960623532093492,1879960623532093492,100,1880358690412548538,1879253435897557041,7140dibdnow9c7btw4b2tu0d8lcupbfjuw9lno1klo1td
The Ballard Bridge has closed to traffic at  10:49 AM on 01/16/2025,1879964087637143821,1879964087637143821,100,1880358690412548538,1879253435897557041,7140dibdnow9c7btw4b2tu0d8lcupbfjuw9lno1klo1td
The Ballard Bridge has reopened to traffic at  10:53 AM on 01/16/2025,1879965095339651358,1879965095339651358,100,1880358690412548538,1879253435897557041,7140dibdnow9c7btw4b2tu0d8lcupbfjuw9lno1klo1td
The Fremont Bridge has closed to traffic at  01:34 PM on 01/16/2025,1880005637092057503,1880005637092057503,100,1880358690412548538,1879253435897557041,7140dibdnow9c7btw4b2tu0d8lcupbfjuw9lno1klo1td
The Fremont Bridge has reopened to traffic at  01:37 PM on 01/16/2025,1880006393601880365,1880006393601880365,100,1880358690412548538,1879253435897557041,7140dibdnow9c7btw4b2tu0d8lcupbfjuw9lno1klo1td
The University Bridge has closed to traffic at  06:54 PM on 01/16/2025,1880086152289611929,1880086152289611929,100,1880358690412548538,1879253435897557041,7140dibdnow9c7btw4b2tu0d8lcupbfjuw9lno1klo1td
The University Bridge has reopened to traffic at  06:59 PM on 01/16/2025,1880087411998474480,1880087411998474480,100,1880358690412548538,1879253435897557041,7140dibdnow9c7btw4b2tu0d8lcupbfjuw9lno1klo1td
The Montlake Bridge has closed to traffic at  07:02 PM on 01/16/2025,1880088168810311831,1880088168810311831,100,1880358690412548538,1879253435897557041,7140dibdnow9c7btw4b2tu0d8lcupbfjuw9lno1klo1td
The Montlake Bridge has reopened to traffic at  07:07 PM on 01/16/2025,1880089428275916909,1880089428275916909,100,1880358690412548538,1879253435897557041,7140dibdnow9c7btw4b2tu0d8lcupbfjuw9lno1klo1td
The Montlake Bridge has closed to traffic at  07:42 PM on 01/16/2025,1880098243637616828,1880098243637616828,100,1880358690412548538,1879253435897557041,7140dibdnow9c7btw4b2tu0d8lcupbfjuw9lno1klo1td
The Montlake Bridge has reopened to traffic at  07:48 PM on 01/16/2025,1880099758142083440,1880099758142083440,100,1880358690412548538,1879253435897557041,7140dibdnow9c7btw4b2tu0d8lcupbfjuw9lno1klo1td
The University Bridge has closed to traffic at  07:50 PM on 01/16/2025,1880100262146351271,1880100262146351271,100,1880358690412548538,1879253435897557041,7140dibdnow9c7btw4b2tu0d8lcupbfjuw9lno1klo1td
The University Bridge has reopened to traffic at  07:55 PM on 01/16/2025,1880101523050422549,1880101523050422549,100,1880358690412548538,1879253435897557041,7140dibdnow9c7btw4b2tu0d8lcupbfjuw9lno1klo1td
The Ballard Bridge has closed to traffic at  09:41 AM on 01/17/2025,1880309382992523720,1880309382992523720,100,1880358690412548538,1879253435897557041,7140dibdnow9c7btw4b2tu0d8lcupbfjuw9lno1klo1td
The Ballard Bridge has reopened to traffic at  09:46 AM on 01/17/2025,1880310642512654591,1880310642512654591,100,1880358690412548538,1879253435897557041,7140dibdnow9c7btw4b2tu0d8lcupbfjuw9lno1klo1td
The Fremont Bridge has closed to traffic at  10:29 AM on 01/17/2025,1880321471144423898,1880321471144423898,100,1880358690412548538,1879253435897557041,7140dibdnow9c7btw4b2tu0d8lcupbfjuw9lno1klo1td
The Fremont Bridge has reopened to traffic at  10:34 AM on 01/17/2025,1880322730685526184,1880322730685526184,100,1880358690412548538,1879253435897557041,7140dibdnow9c7btw4b2tu0d8lcupbfjuw9lno1klo1td
The Fremont Bridge has closed to traffic at  11:11 AM on 01/17/2025,1880332052299739419,1880332052299739419,100,1880358690412548538,1879253435897557041,7140dibdnow9c7btw4b2tu0d8lcupbfjuw9lno1klo1td
The Fremont Bridge has reopened to traffic at  11:14 AM on 01/17/2025,1880332808058728703,1880332808058728703,100,1880358690412548538,1879253435897557041,7140dibdnow9c7btw4b2tu0d8lcupbfjuw9lno1klo1td
The Ballard Bridge has closed to traffic at  11:47 AM on 01/17/2025,1880341119688646711,1880341119688646711,100,1880358690412548538,1879253435897557041,7140dibdnow9c7btw4b2tu0d8lcupbfjuw9lno1klo1td
The Ballard Bridge has reopened to traffic at  11:51 AM on 01/17/2025,1880342127152095696,1880342127152095696,100,1880358690412548538,1879253435897557041,7140dibdnow9c7btw4b2tu0d8lcupbfjuw9lno1klo1td
The Fremont Bridge has closed to traffic at  12:05 PM on 01/17/2025,1880345653890675125,1880345653890675125,100,1880358690412548538,1879253435897557041,7140dibdnow9c7btw4b2tu0d8lcupbfjuw9lno1klo1td
The Fremont Bridge has reopened to traffic at  12:08 PM on 01/17/2025,1880346413219057960,1880346413219057960,100,1880358690412548538,1879253435897557041,7140dibdnow9c7btw4b2tu0d8lcupbfjuw9lno1klo1td
The Fremont Bridge has closed to traffic at  12:57 PM on 01/17/2025,1880358690412548538,1880358690412548538,100,1880358690412548538,1879253435897557041,7140dibdnow9c7btw4b2tu0d8lcupbfjuw9lno1klo1td
The Fremont Bridge has reopened to traffic at  01:01 PM on 01/17/2025,1880359698005914072,1880359698005914072,100,1881468306559045715,1880359698005914072,7140dibdnow9c7btw4b38gg2m4d4nxfw9bojyz78vvh2q
The Fremont Bridge has closed to traffic at  01:16 PM on 01/17/2025,1880363476113322022,1880363476113322022,100,1881468306559045715,1880359698005914072,7140dibdnow9c7btw4b38gg2m4d4nxfw9bojyz78vvh2q
The Fremont Bridge has reopened to traffic at  01:20 PM on 01/17/2025,1880364483413176597,1880364483413176597,100,1881468306559045715,1880359698005914072,7140dibdnow9c7btw4b38gg2m4d4nxfw9bojyz78vvh2q
The Fremont Bridge has closed to traffic at  01:35 PM on 01/17/2025,1880368261864579499,1880368261864579499,100,1881468306559045715,1880359698005914072,7140dibdnow9c7btw4b38gg2m4d4nxfw9bojyz78vvh2q
The Ballard Bridge has closed to traffic at  01:36 PM on 01/17/2025,1880368514042851841,1880368514042851841,100,1881468306559045715,1880359698005914072,7140dibdnow9c7btw4b38gg2m4d4nxfw9bojyz78vvh2q
The Fremont Bridge has reopened to traffic at  01:39 PM on 01/17/2025,1880369269986496982,1880369269986496982,100,1881468306559045715,1880359698005914072,7140dibdnow9c7btw4b38gg2m4d4nxfw9bojyz78vvh2q
The Ballard Bridge has reopened to traffic at  01:40 PM on 01/17/2025,1880369522148012097,1880369522148012097,100,1881468306559045715,1880359698005914072,7140dibdnow9c7btw4b38gg2m4d4nxfw9bojyz78vvh2q
The Ballard Bridge has closed to traffic at  02:40 PM on 01/17/2025,1880384632723751010,1880384632723751010,100,1881468306559045715,1880359698005914072,7140dibdnow9c7btw4b38gg2m4d4nxfw9bojyz78vvh2q
The Ballard Bridge has reopened to traffic at  02:41 PM on 01/17/2025,1880384885044703570,1880384885044703570,100,1881468306559045715,1880359698005914072,7140dibdnow9c7btw4b38gg2m4d4nxfw9bojyz78vvh2q
The 1st Ave S Bridge has closed to traffic at  02:47 PM on 01/17/2025,1880386397535891680,1880386397535891680,100,1881468306559045715,1880359698005914072,7140dibdnow9c7btw4b38gg2m4d4nxfw9bojyz78vvh2q
The 1st Ave S Bridge has reopened to traffic at  02:56 PM on 01/17/2025,1880388665484152913,1880388665484152913,100,1881468306559045715,1880359698005914072,7140dibdnow9c7btw4b38gg2m4d4nxfw9bojyz78vvh2q
The University Bridge has closed to traffic at  06:11 PM on 01/17/2025,1880437707043926194,1880437707043926194,100,1881468306559045715,1880359698005914072,7140dibdnow9c7btw4b38gg2m4d4nxfw9bojyz78vvh2q
The University Bridge has reopened to traffic at  06:16 PM on 01/17/2025,1880438966534697014,1880438966534697014,100,1881468306559045715,1880359698005914072,7140dibdnow9c7btw4b38gg2m4d4nxfw9bojyz78vvh2q
The University Bridge has closed to traffic at  08:50 PM on 01/17/2025,1880477747463745623,1880477747463745623,100,1881468306559045715,1880359698005914072,7140dibdnow9c7btw4b38gg2m4d4nxfw9bojyz78vvh2q
The University Bridge has reopened to traffic at  08:55 PM on 01/17/2025,1880479006916788418,1880479006916788418,100,1881468306559045715,1880359698005914072,7140dibdnow9c7btw4b38gg2m4d4nxfw9bojyz78vvh2q
The Fremont Bridge has closed to traffic at  08:28 AM on 01/18/2025,1880653414641873212,1880653414641873212,100,1881468306559045715,1880359698005914072,7140dibdnow9c7btw4b38gg2m4d4nxfw9bojyz78vvh2q
The Fremont Bridge has reopened to traffic at  08:32 AM on 01/18/2025,1880654422226903354,1880654422226903354,100,1881468306559045715,1880359698005914072,7140dibdnow9c7btw4b38gg2m4d4nxfw9bojyz78vvh2q
The 1st Ave S Bridge has closed to traffic at  08:59 AM on 01/18/2025,1880661222632366315,1880661222632366315,100,1881468306559045715,1880359698005914072,7140dibdnow9c7btw4b38gg2m4d4nxfw9bojyz78vvh2q
The 1st Ave S Bridge has reopened to traffic at  09:07 AM on 01/18/2025,1880663238859481170,1880663238859481170,100,1881468306559045715,1880359698005914072,7140dibdnow9c7btw4b38gg2m4d4nxfw9bojyz78vvh2q
The Ballard Bridge has closed to traffic at  10:40 AM on 01/18/2025,1880686659181940788,1880686659181940788,100,1881468306559045715,1880359698005914072,7140dibdnow9c7btw4b38gg2m4d4nxfw9bojyz78vvh2q
The Ballard Bridge has reopened to traffic at  10:44 AM on 01/18/2025,1880687605072683297,1880687605072683297,100,1881468306559045715,1880359698005914072,7140dibdnow9c7btw4b38gg2m4d4nxfw9bojyz78vvh2q
The Fremont Bridge has closed to traffic at  10:52 AM on 01/18/2025,1880689621992141085,1880689621992141085,100,1881468306559045715,1880359698005914072,7140dibdnow9c7btw4b38gg2m4d4nxfw9bojyz78vvh2q
The Fremont Bridge has reopened to traffic at  10:56 AM on 01/18/2025,1880690629535244414,1880690629535244414,100,1881468306559045715,1880359698005914072,7140dibdnow9c7btw4b38gg2m4d4nxfw9bojyz78vvh2q
The University Bridge has closed to traffic at  11:07 AM on 01/18/2025,1880693400699326621,1880693400699326621,100,1881468306559045715,1880359698005914072,7140dibdnow9c7btw4b38gg2m4d4nxfw9bojyz78vvh2q
The University Bridge has reopened to traffic at  11:11 AM on 01/18/2025,1880694408288559344,1880694408288559344,100,1881468306559045715,1880359698005914072,7140dibdnow9c7btw4b38gg2m4d4nxfw9bojyz78vvh2q
The Ballard Bridge has closed to traffic at  11:36 AM on 01/18/2025,1880700704605798632,1880700704605798632,100,1881468306559045715,1880359698005914072,7140dibdnow9c7btw4b38gg2m4d4nxfw9bojyz78vvh2q
The Ballard Bridge has reopened to traffic at  11:42 AM on 01/18/2025,1880702216908206507,1880702216908206507,100,1881468306559045715,1880359698005914072,7140dibdnow9c7btw4b38gg2m4d4nxfw9bojyz78vvh2q
The Fremont Bridge has closed to traffic at  11:54 AM on 01/18/2025,1880705240334528832,1880705240334528832,100,1881468306559045715,1880359698005914072,7140dibdnow9c7btw4b38gg2m4d4nxfw9bojyz78vvh2q
The Fremont Bridge has reopened to traffic at  12:01 PM on 01/18/2025,1880707004567871932,1880707004567871932,100,1881468306559045715,1880359698005914072,7140dibdnow9c7btw4b38gg2m4d4nxfw9bojyz78vvh2q
The Fremont Bridge has closed to traffic at  02:28 PM on 01/18/2025,1880744022463140030,1880744022463140030,100,1881468306559045715,1880359698005914072,7140dibdnow9c7btw4b38gg2m4d4nxfw9bojyz78vvh2q
The Fremont Bridge has reopened to traffic at  02:33 PM on 01/18/2025,1880745281920389134,1880745281920389134,100,1881468306559045715,1880359698005914072,7140dibdnow9c7btw4b38gg2m4d4nxfw9bojyz78vvh2q
The Ballard Bridge has closed to traffic at  02:50 PM on 01/18/2025,1880749563549831444,1880749563549831444,100,1881468306559045715,1880359698005914072,7140dibdnow9c7btw4b38gg2m4d4nxfw9bojyz78vvh2q
The Ballard Bridge has reopened to traffic at  02:54 PM on 01/18/2025,1880750571159998798,1880750571159998798,100,1881468306559045715,1880359698005914072,7140dibdnow9c7btw4b38gg2m4d4nxfw9bojyz78vvh2q
The 1st Ave S Bridge has closed to traffic at  03:32 PM on 01/18/2025,1880760141219508508,1880760141219508508,100,1881468306559045715,1880359698005914072,7140dibdnow9c7btw4b38gg2m4d4nxfw9bojyz78vvh2q
The Fremont Bridge has closed to traffic at  03:39 PM on 01/18/2025,1880761905494761886,1880761905494761886,100,1881468306559045715,1880359698005914072,7140dibdnow9c7btw4b38gg2m4d4nxfw9bojyz78vvh2q
The Fremont Bridge has reopened to traffic at  03:42 PM on 01/18/2025,1880762661367107753,1880762661367107753,100,1881468306559045715,1880359698005914072,7140dibdnow9c7btw4b38gg2m4d4nxfw9bojyz78vvh2q
The 1st Ave S Bridge has reopened to traffic at  03:43 PM on 01/18/2025,1880762913541292094,1880762913541292094,100,1881468306559045715,1880359698005914072,7140dibdnow9c7btw4b38gg2m4d4nxfw9bojyz78vvh2q
The Fremont Bridge has closed to traffic at  05:09 PM on 01/18/2025,1880784508829745496,1880784508829745496,100,1881468306559045715,1880359698005914072,7140dibdnow9c7btw4b38gg2m4d4nxfw9bojyz78vvh2q
The Fremont Bridge has reopened to traffic at  05:13 PM on 01/18/2025,1880785516704260299,1880785516704260299,100,1881468306559045715,1880359698005914072,7140dibdnow9c7btw4b38gg2m4d4nxfw9bojyz78vvh2q
The Fremont Bridge has closed to traffic at  06:19 PM on 01/18/2025,1880802136445067441,1880802136445067441,100,1881468306559045715,1880359698005914072,7140dibdnow9c7btw4b38gg2m4d4nxfw9bojyz78vvh2q
The Fremont Bridge has reopened to traffic at  06:23 PM on 01/18/2025,1880803144042741864,1880803144042741864,100,1881468306559045715,1880359698005914072,7140dibdnow9c7btw4b38gg2m4d4nxfw9bojyz78vvh2q
The Ballard Bridge has closed to traffic at  06:40 PM on 01/18/2025,1880807426020294692,1880807426020294692,100,1881468306559045715,1880359698005914072,7140dibdnow9c7btw4b38gg2m4d4nxfw9bojyz78vvh2q
The Ballard Bridge has reopened to traffic at  06:44 PM on 01/18/2025,1880808433571840254,1880808433571840254,100,1881468306559045715,1880359698005914072,7140dibdnow9c7btw4b38gg2m4d4nxfw9bojyz78vvh2q
The University Bridge has closed to traffic at  08:22 AM on 01/19/2025,1881014289563341160,1881014289563341160,100,1881468306559045715,1880359698005914072,7140dibdnow9c7btw4b38gg2m4d4nxfw9bojyz78vvh2q
The University Bridge has reopened to traffic at  08:24 AM on 01/19/2025,1881014793664184481,1881014793664184481,100,1881468306559045715,1880359698005914072,7140dibdnow9c7btw4b38gg2m4d4nxfw9bojyz78vvh2q
The University Bridge has closed to traffic at  08:35 AM on 01/19/2025,1881017565457383871,1881017565457383871,100,1881468306559045715,1880359698005914072,7140dibdnow9c7btw4b38gg2m4d4nxfw9bojyz78vvh2q
The University Bridge has reopened to traffic at  08:36 AM on 01/19/2025,1881017817660850590,1881017817660850590,100,1881468306559045715,1880359698005914072,7140dibdnow9c7btw4b38gg2m4d4nxfw9bojyz78vvh2q
The Montlake Bridge has closed to traffic at  09:41 AM on 01/19/2025,1881034185705664830,1881034185705664830,100,1881468306559045715,1880359698005914072,7140dibdnow9c7btw4b38gg2m4d4nxfw9bojyz78vvh2q
The Montlake Bridge has reopened to traffic at  09:42 AM on 01/19/2025,1881034437833756742,1881034437833756742,100,1881468306559045715,1880359698005914072,7140dibdnow9c7btw4b38gg2m4d4nxfw9bojyz78vvh2q
The Ballard Bridge has closed to traffic at  11:00 AM on 01/19/2025,1881054020405772507,1881054020405772507,100,1881468306559045715,1880359698005914072,7140dibdnow9c7btw4b38gg2m4d4nxfw9bojyz78vvh2q
The Ballard Bridge has reopened to traffic at  11:04 AM on 01/19/2025,1881055028674510882,1881055028674510882,100,1881468306559045715,1880359698005914072,7140dibdnow9c7btw4b38gg2m4d4nxfw9bojyz78vvh2q
The Fremont Bridge has closed to traffic at  11:19 AM on 01/19/2025,1881058809675935843,1881058809675935843,100,1881468306559045715,1880359698005914072,7140dibdnow9c7btw4b38gg2m4d4nxfw9bojyz78vvh2q
The Fremont Bridge has reopened to traffic at  11:24 AM on 01/19/2025,1881060069032501693,1881060069032501693,100,1881468306559045715,1880359698005914072,7140dibdnow9c7btw4b38gg2m4d4nxfw9bojyz78vvh2q
The Montlake Bridge has closed to traffic at  11:59 AM on 01/19/2025,1881068883341352973,1881068883341352973,100,1881468306559045715,1880359698005914072,7140dibdnow9c7btw4b38gg2m4d4nxfw9bojyz78vvh2q
The Montlake Bridge has reopened to traffic at  12:04 PM on 01/19/2025,1881070142790230084,1881070142790230084,100,1881468306559045715,1880359698005914072,7140dibdnow9c7btw4b38gg2m4d4nxfw9bojyz78vvh2q
The University Bridge has closed to traffic at  12:08 PM on 01/19/2025,1881071151478362172,1881071151478362172,100,1881468306559045715,1880359698005914072,7140dibdnow9c7btw4b38gg2m4d4nxfw9bojyz78vvh2q
The University Bridge has reopened to traffic at  12:13 PM on 01/19/2025,1881072410985914693,1881072410985914693,100,1881468306559045715,1880359698005914072,7140dibdnow9c7btw4b38gg2m4d4nxfw9bojyz78vvh2q
The Fremont Bridge has closed to traffic at  01:13 PM on 01/19/2025,1881087521557561515,1881087521557561515,100,1881468306559045715,1880359698005914072,7140dibdnow9c7btw4b38gg2m4d4nxfw9bojyz78vvh2q
The Fremont Bridge has reopened to traffic at  01:16 PM on 01/19/2025,1881088277287256418,1881088277287256418,100,1881468306559045715,1880359698005914072,7140dibdnow9c7btw4b38gg2m4d4nxfw9bojyz78vvh2q
The Fremont Bridge has closed to traffic at  01:30 PM on 01/19/2025,1881091803799331049,1881091803799331049,100,1881468306559045715,1880359698005914072,7140dibdnow9c7btw4b38gg2m4d4nxfw9bojyz78vvh2q
The Fremont Bridge has reopened to traffic at  01:34 PM on 01/19/2025,1881092811799576967,1881092811799576967,100,1881468306559045715,1880359698005914072,7140dibdnow9c7btw4b38gg2m4d4nxfw9bojyz78vvh2q
The Ballard Bridge has closed to traffic at  01:47 PM on 01/19/2025,1881096086821224905,1881096086821224905,100,1881468306559045715,1880359698005914072,7140dibdnow9c7btw4b38gg2m4d4nxfw9bojyz78vvh2q
The Ballard Bridge has reopened to traffic at  01:51 PM on 01/19/2025,1881097094293074024,1881097094293074024,100,1881468306559045715,1880359698005914072,7140dibdnow9c7btw4b38gg2m4d4nxfw9bojyz78vvh2q
The Fremont Bridge has closed to traffic at  02:01 PM on 01/19/2025,1881099613702414558,1881099613702414558,100,1881468306559045715,1880359698005914072,7140dibdnow9c7btw4b38gg2m4d4nxfw9bojyz78vvh2q
The Fremont Bridge has reopened to traffic at  02:05 PM on 01/19/2025,1881100621291679857,1881100621291679857,100,1881468306559045715,1880359698005914072,7140dibdnow9c7btw4b38gg2m4d4nxfw9bojyz78vvh2q
The University Bridge has closed to traffic at  02:13 PM on 01/19/2025,1881102637954920660,1881102637954920660,100,1881468306559045715,1880359698005914072,7140dibdnow9c7btw4b38gg2m4d4nxfw9bojyz78vvh2q
The University Bridge has reopened to traffic at  02:18 PM on 01/19/2025,1881103897206636556,1881103897206636556,100,1881468306559045715,1880359698005914072,7140dibdnow9c7btw4b38gg2m4d4nxfw9bojyz78vvh2q
The University Bridge has closed to traffic at  02:29 PM on 01/19/2025,1881106669297705362,1881106669297705362,100,1881468306559045715,1880359698005914072,7140dibdnow9c7btw4b38gg2m4d4nxfw9bojyz78vvh2q
The University Bridge has reopened to traffic at  02:34 PM on 01/19/2025,1881107928805228673,1881107928805228673,100,1881468306559045715,1880359698005914072,7140dibdnow9c7btw4b38gg2m4d4nxfw9bojyz78vvh2q
The University Bridge has closed to traffic at  03:20 PM on 01/19/2025,1881119451007144232,1881119451007144232,100,1881468306559045715,1880359698005914072,7140dibdnow9c7btw4b38gg2m4d4nxfw9bojyz78vvh2q
The University Bridge has reopened to traffic at  03:23 PM on 01/19/2025,1881120206820696217,1881120206820696217,100,1881468306559045715,1880359698005914072,7140dibdnow9c7btw4b38gg2m4d4nxfw9bojyz78vvh2q
The Montlake Bridge has closed to traffic at  03:26 PM on 01/19/2025,1881120962806259990,1881120962806259990,100,1881468306559045715,1880359698005914072,7140dibdnow9c7btw4b38gg2m4d4nxfw9bojyz78vvh2q
The Montlake Bridge has reopened to traffic at  03:31 PM on 01/19/2025,1881122222255038839,1881122222255038839,100,1881468306559045715,1880359698005914072,7140dibdnow9c7btw4b38gg2m4d4nxfw9bojyz78vvh2q
The Fremont Bridge has closed to traffic at  03:55 PM on 01/19/2025,1881128267807371609,1881128267807371609,100,1881468306559045715,1880359698005914072,7140dibdnow9c7btw4b38gg2m4d4nxfw9bojyz78vvh2q
The Fremont Bridge has reopened to traffic at  03:59 PM on 01/19/2025,1881129278999560339,1881129278999560339,100,1881468306559045715,1880359698005914072,7140dibdnow9c7btw4b38gg2m4d4nxfw9bojyz78vvh2q
The Fremont Bridge has closed to traffic at  04:07 PM on 01/19/2025,1881131295037898781,1881131295037898781,100,1881468306559045715,1880359698005914072,7140dibdnow9c7btw4b38gg2m4d4nxfw9bojyz78vvh2q
The Ballard Bridge has closed to traffic at  04:09 PM on 01/19/2025,1881131799021244831,1881131799021244831,100,1881468306559045715,1880359698005914072,7140dibdnow9c7btw4b38gg2m4d4nxfw9bojyz78vvh2q
The Fremont Bridge has reopened to traffic at  04:11 PM on 01/19/2025,1881132303029817494,1881132303029817494,100,1881468306559045715,1880359698005914072,7140dibdnow9c7btw4b38gg2m4d4nxfw9bojyz78vvh2q
The Ballard Bridge has reopened to traffic at  04:12 PM on 01/19/2025,1881132555359142117,1881132555359142117,100,1881468306559045715,1880359698005914072,7140dibdnow9c7btw4b38gg2m4d4nxfw9bojyz78vvh2q
The University Bridge has closed to traffic at  05:44 PM on 01/19/2025,1881155722622414974,1881155722622414974,100,1881468306559045715,1880359698005914072,7140dibdnow9c7btw4b38gg2m4d4nxfw9bojyz78vvh2q
The University Bridge has reopened to traffic at  05:48 PM on 01/19/2025,1881156730085904529,1881156730085904529,100,1881468306559045715,1880359698005914072,7140dibdnow9c7btw4b38gg2m4d4nxfw9bojyz78vvh2q
The Fremont Bridge has closed to traffic at  06:00 PM on 01/19/2025,1881159753495355534,1881159753495355534,100,1881468306559045715,1880359698005914072,7140dibdnow9c7btw4b38gg2m4d4nxfw9bojyz78vvh2q
The Fremont Bridge has reopened to traffic at  06:03 PM on 01/19/2025,1881160509262811631,1881160509262811631,100,1881468306559045715,1880359698005914072,7140dibdnow9c7btw4b38gg2m4d4nxfw9bojyz78vvh2q
The Ballard Bridge has closed to traffic at  06:12 PM on 01/19/2025,1881162777701793953,1881162777701793953,100,1881468306559045715,1880359698005914072,7140dibdnow9c7btw4b38gg2m4d4nxfw9bojyz78vvh2q
The Ballard Bridge has reopened to traffic at  06:15 PM on 01/19/2025,1881163533527998682,1881163533527998682,100,1881468306559045715,1880359698005914072,7140dibdnow9c7btw4b38gg2m4d4nxfw9bojyz78vvh2q
The Fremont Bridge has closed to traffic at  07:31 PM on 01/19/2025,1881182675140325665,1881182675140325665,100,1881468306559045715,1880359698005914072,7140dibdnow9c7btw4b38gg2m4d4nxfw9bojyz78vvh2q
The Fremont Bridge has reopened to traffic at  07:35 PM on 01/19/2025,1881183682737889690,1881183682737889690,100,1881468306559045715,1880359698005914072,7140dibdnow9c7btw4b38gg2m4d4nxfw9bojyz78vvh2q
The 1st Ave S Bridge has closed to traffic at  09:55 AM on 01/20/2025,1881400050506715588,1881400050506715588,100,1881468306559045715,1880359698005914072,7140dibdnow9c7btw4b38gg2m4d4nxfw9bojyz78vvh2q
The 1st Ave S Bridge has reopened to traffic at  10:08 AM on 01/20/2025,1881403326371438853,1881403326371438853,100,1881468306559045715,1880359698005914072,7140dibdnow9c7btw4b38gg2m4d4nxfw9bojyz78vvh2q
The Fremont Bridge has closed to traffic at  12:15 PM on 01/20/2025,1881435306895012203,1881435306895012203,100,1881468306559045715,1880359698005914072,7140dibdnow9c7btw4b38gg2m4d4nxfw9bojyz78vvh2q
The Fremont Bridge has reopened to traffic at  12:20 PM on 01/20/2025,1881436566129934578,1881436566129934578,100,1881468306559045715,1880359698005914072,7140dibdnow9c7btw4b38gg2m4d4nxfw9bojyz78vvh2q
The Ballard Bridge has closed to traffic at  12:44 PM on 01/20/2025,1881442610835005635,1881442610835005635,100,1881468306559045715,1880359698005914072,7140dibdnow9c7btw4b38gg2m4d4nxfw9bojyz78vvh2q
The Ballard Bridge has reopened to traffic at  12:48 PM on 01/20/2025,1881443618466259091,1881443618466259091,100,1881468306559045715,1880359698005914072,7140dibdnow9c7btw4b38gg2m4d4nxfw9bojyz78vvh2q
The Fremont Bridge has closed to traffic at  01:35 PM on 01/20/2025,1881455454636921006,1881455454636921006,100,1881468306559045715,1880359698005914072,7140dibdnow9c7btw4b38gg2m4d4nxfw9bojyz78vvh2q
The Fremont Bridge has reopened to traffic at  01:39 PM on 01/20/2025,1881456462180106683,1881456462180106683,100,1881468306559045715,1880359698005914072,7140dibdnow9c7btw4b38gg2m4d4nxfw9bojyz78vvh2q
The Fremont Bridge has closed to traffic at  01:58 PM on 01/20/2025,1881461251056058749,1881461251056058749,100,1881468306559045715,1880359698005914072,7140dibdnow9c7btw4b38gg2m4d4nxfw9bojyz78vvh2q
The Fremont Bridge has reopened to traffic at  02:03 PM on 01/20/2025,1881462510253129775,1881462510253129775,100,1881468306559045715,1880359698005914072,7140dibdnow9c7btw4b38gg2m4d4nxfw9bojyz78vvh2q
The Fremont Bridge has closed to traffic at  02:10 PM on 01/20/2025,1881464274251588039,1881464274251588039,100,1881468306559045715,1880359698005914072,7140dibdnow9c7btw4b38gg2m4d4nxfw9bojyz78vvh2q
The Fremont Bridge has reopened to traffic at  02:15 PM on 01/20/2025,1881465533637566777,1881465533637566777,100,1881468306559045715,1880359698005914072,7140dibdnow9c7btw4b38gg2m4d4nxfw9bojyz78vvh2q
The Ballard Bridge has closed to traffic at  02:26 PM on 01/20/2025,1881468306559045715,1881468306559045715,100,1881468306559045715,1880359698005914072,7140dibdnow9c7btw4b38gg2m4d4nxfw9bojyz78vvh2q
The Ballard Bridge has reopened to traffic at  02:31 PM on 01/20/2025,1881469566087545178,1881469566087545178,100,1883015497807266206,1881469566087545178,7140dibdnow9c7btw4b38il3leblkwvwe8c5csu59pyd4
The Fremont Bridge has closed to traffic at  03:58 PM on 01/20/2025,1881491411931111681,1881491411931111681,100,1883015497807266206,1881469566087545178,7140dibdnow9c7btw4b38il3leblkwvwe8c5csu59pyd4
The Fremont Bridge has reopened to traffic at  04:02 PM on 01/20/2025,1881492419533021227,1881492419533021227,100,1883015497807266206,1881469566087545178,7140dibdnow9c7btw4b38il3leblkwvwe8c5csu59pyd4
The 1st Ave S Bridge has closed to traffic at  03:39 AM on 01/21/2025,1881667820335009997,1881667820335009997,100,1883015497807266206,1881469566087545178,7140dibdnow9c7btw4b38il3leblkwvwe8c5csu59pyd4
The 1st Ave S Bridge has reopened to traffic at  03:52 AM on 01/21/2025,1881671095369314701,1881671095369314701,100,1883015497807266206,1881469566087545178,7140dibdnow9c7btw4b38il3leblkwvwe8c5csu59pyd4
The 1st Ave S Bridge has reopened to traffic at  09:18 AM on 01/21/2025,1881753153701560553,1881753153701560553,100,1883015497807266206,1881469566087545178,7140dibdnow9c7btw4b38il3leblkwvwe8c5csu59pyd4
The 1st Ave S Bridge has closed to traffic at  09:54 AM on 01/21/2025,1881762225599435186,1881762225599435186,100,1883015497807266206,1881469566087545178,7140dibdnow9c7btw4b38il3leblkwvwe8c5csu59pyd4
The 1st Ave S Bridge has reopened to traffic at  10:04 AM on 01/21/2025,1881764748955717941,1881764748955717941,100,1883015497807266206,1881469566087545178,7140dibdnow9c7btw4b38il3leblkwvwe8c5csu59pyd4
The 1st Ave S Bridge has closed to traffic at  10:30 AM on 01/21/2025,1881771299057569918,1881771299057569918,100,1883015497807266206,1881469566087545178,7140dibdnow9c7btw4b38il3leblkwvwe8c5csu59pyd4
The Ballard Bridge has closed to traffic at  10:33 AM on 01/21/2025,1881772054799872302,1881772054799872302,100,1883015497807266206,1881469566087545178,7140dibdnow9c7btw4b38il3leblkwvwe8c5csu59pyd4
The Fremont Bridge has closed to traffic at  10:33 AM on 01/21/2025,1881772055236071542,1881772055236071542,100,1883015497807266206,1881469566087545178,7140dibdnow9c7btw4b38il3leblkwvwe8c5csu59pyd4
The 1st Ave S Bridge has reopened to traffic at  10:36 AM on 01/21/2025,1881772811171299785,1881772811171299785,100,1883015497807266206,1881469566087545178,7140dibdnow9c7btw4b38il3leblkwvwe8c5csu59pyd4
The Fremont Bridge has reopened to traffic at  10:36 AM on 01/21/2025,1881772811582316835,1881772811582316835,100,1883015497807266206,1881469566087545178,7140dibdnow9c7btw4b38il3leblkwvwe8c5csu59pyd4
The Ballard Bridge has reopened to traffic at  10:37 AM on 01/21/2025,1881773063911645336,1881773063911645336,100,1883015497807266206,1881469566087545178,7140dibdnow9c7btw4b38il3leblkwvwe8c5csu59pyd4
The Fremont Bridge has closed to traffic at  10:49 AM on 01/21/2025,1881776086931165616,1881776086931165616,100,1883015497807266206,1881469566087545178,7140dibdnow9c7btw4b38il3leblkwvwe8c5csu59pyd4
The Fremont Bridge has reopened to traffic at  10:53 AM on 01/21/2025,1881777031484170563,1881777031484170563,100,1883015497807266206,1881469566087545178,7140dibdnow9c7btw4b38il3leblkwvwe8c5csu59pyd4
The Fremont Bridge has closed to traffic at  11:08 AM on 01/21/2025,1881780810300444934,1881780810300444934,100,1883015497807266206,1881469566087545178,7140dibdnow9c7btw4b38il3leblkwvwe8c5csu59pyd4
The Fremont Bridge has reopened to traffic at  11:09 AM on 01/21/2025,1881781062466146709,1881781062466146709,100,1883015497807266206,1881469566087545178,7140dibdnow9c7btw4b38il3leblkwvwe8c5csu59pyd4
The Lower Spokane St Bridge has reopened to traffic at  11:28 AM on 01/21/2025,1881785848238313978,1881785848238313978,100,1883015497807266206,1881469566087545178,7140dibdnow9c7btw4b38il3leblkwvwe8c5csu59pyd4
The 1st Ave S Bridge has closed to traffic at  12:01 PM on 01/21/2025,1881794159214006343,1881794159214006343,100,1883015497807266206,1881469566087545178,7140dibdnow9c7btw4b38il3leblkwvwe8c5csu59pyd4
The 1st Ave S Bridge has reopened to traffic at  12:10 PM on 01/21/2025,1881796426629542339,1881796426629542339,100,1883015497807266206,1881469566087545178,7140dibdnow9c7btw4b38il3leblkwvwe8c5csu59pyd4
The Ballard Bridge has closed to traffic at  12:25 PM on 01/21/2025,1881800205374570937,1881800205374570937,100,1883015497807266206,1881469566087545178,7140dibdnow9c7btw4b38il3leblkwvwe8c5csu59pyd4
The Ballard Bridge has reopened to traffic at  12:29 PM on 01/21/2025,1881801213907480779,1881801213907480779,100,1883015497807266206,1881469566087545178,7140dibdnow9c7btw4b38il3leblkwvwe8c5csu59pyd4
The Fremont Bridge has closed to traffic at  12:42 PM on 01/21/2025,1881804491793838228,1881804491793838228,100,1883015497807266206,1881469566087545178,7140dibdnow9c7btw4b38il3leblkwvwe8c5csu59pyd4
The Fremont Bridge has reopened to traffic at  12:46 PM on 01/21/2025,1881805499433353565,1881805499433353565,100,1883015497807266206,1881469566087545178,7140dibdnow9c7btw4b38il3leblkwvwe8c5csu59pyd4
The 1st Ave S Bridge has closed to traffic at  02:09 PM on 01/21/2025,1881826400740741134,1881826400740741134,100,1883015497807266206,1881469566087545178,7140dibdnow9c7btw4b38il3leblkwvwe8c5csu59pyd4
The 1st Ave S Bridge has reopened to traffic at  02:15 PM on 01/21/2025,1881827913475236273,1881827913475236273,100,1883015497807266206,1881469566087545178,7140dibdnow9c7btw4b38il3leblkwvwe8c5csu59pyd4
The 1st Ave S Bridge has closed to traffic at  02:59 AM on 01/22/2025,1882020177036157266,1882020177036157266,100,1883015497807266206,1881469566087545178,7140dibdnow9c7btw4b38il3leblkwvwe8c5csu59pyd4
The 1st Ave S Bridge has reopened to traffic at  03:11 AM on 01/22/2025,1882023199971606611,1882023199971606611,100,1883015497807266206,1881469566087545178,7140dibdnow9c7btw4b38il3leblkwvwe8c5csu59pyd4
The University Bridge has closed to traffic at  09:02 AM on 01/22/2025,1882111533192446122,1882111533192446122,100,1883015497807266206,1881469566087545178,7140dibdnow9c7btw4b38il3leblkwvwe8c5csu59pyd4
The University Bridge has reopened to traffic at  09:06 AM on 01/22/2025,1882112540655923399,1882112540655923399,100,1883015497807266206,1881469566087545178,7140dibdnow9c7btw4b38il3leblkwvwe8c5csu59pyd4
The Fremont Bridge has closed to traffic at  09:17 AM on 01/22/2025,1882115312243601725,1882115312243601725,100,1883015497807266206,1881469566087545178,7140dibdnow9c7btw4b38il3leblkwvwe8c5csu59pyd4
The Fremont Bridge has reopened to traffic at  09:23 AM on 01/22/2025,1882116825271726352,1882116825271726352,100,1883015497807266206,1881469566087545178,7140dibdnow9c7btw4b38il3leblkwvwe8c5csu59pyd4
The Ballard Bridge has closed to traffic at  09:30 AM on 01/22/2025,1882118590608072774,1882118590608072774,100,1883015497807266206,1881469566087545178,7140dibdnow9c7btw4b38il3leblkwvwe8c5csu59pyd4
The Ballard Bridge has reopened to traffic at  09:35 AM on 01/22/2025,1882119849914298861,1882119849914298861,100,1883015497807266206,1881469566087545178,7140dibdnow9c7btw4b38il3leblkwvwe8c5csu59pyd4
The Ballard Bridge has closed to traffic at  09:45 AM on 01/22/2025,1882122306656563571,1882122306656563571,100,1883015497807266206,1881469566087545178,7140dibdnow9c7btw4b38il3leblkwvwe8c5csu59pyd4
The Ballard Bridge has reopened to traffic at  09:51 AM on 01/22/2025,1882123819391058191,1882123819391058191,100,1883015497807266206,1881469566087545178,7140dibdnow9c7btw4b38il3leblkwvwe8c5csu59pyd4
The Fremont Bridge has closed to traffic at  10:03 AM on 01/22/2025,1882126845162012960,1882126845162012960,100,1883015497807266206,1881469566087545178,7140dibdnow9c7btw4b38il3leblkwvwe8c5csu59pyd4
The Fremont Bridge has reopened to traffic at  10:10 AM on 01/22/2025,1882128609214943622,1882128609214943622,100,1883015497807266206,1881469566087545178,7140dibdnow9c7btw4b38il3leblkwvwe8c5csu59pyd4
The Ballard Bridge has closed to traffic at  02:01 PM on 01/22/2025,1882186787600421317,1882186787600421317,100,1883015497807266206,1881469566087545178,7140dibdnow9c7btw4b38il3leblkwvwe8c5csu59pyd4
The Ballard Bridge has reopened to traffic at  02:04 PM on 01/22/2025,1882187543485243529,1882187543485243529,100,1883015497807266206,1881469566087545178,7140dibdnow9c7btw4b38il3leblkwvwe8c5csu59pyd4
The Fremont Bridge has closed to traffic at  02:16 PM on 01/22/2025,1882190566597013974,1882190566597013974,100,1883015497807266206,1881469566087545178,7140dibdnow9c7btw4b38il3leblkwvwe8c5csu59pyd4
The Fremont Bridge has reopened to traffic at  02:20 PM on 01/22/2025,1882191574404387045,1882191574404387045,100,1883015497807266206,1881469566087545178,7140dibdnow9c7btw4b38il3leblkwvwe8c5csu59pyd4
The 1st Ave S Bridge has closed to traffic at  06:01 PM on 01/22/2025,1882247163071312168,1882247163071312168,100,1883015497807266206,1881469566087545178,7140dibdnow9c7btw4b38il3leblkwvwe8c5csu59pyd4
The 1st Ave S Bridge has reopened to traffic at  06:14 PM on 01/22/2025,1882250440995377446,1882250440995377446,100,1883015497807266206,1881469566087545178,7140dibdnow9c7btw4b38il3leblkwvwe8c5csu59pyd4
The Montlake Bridge has reopened to traffic at  06:38 PM on 01/22/2025,1882256487206257099,1882256487206257099,100,1883015497807266206,1881469566087545178,7140dibdnow9c7btw4b38il3leblkwvwe8c5csu59pyd4
The Montlake Bridge has reopened to traffic at  01:59 AM on 01/23/2025,1882367478791385234,1882367478791385234,100,1883015497807266206,1881469566087545178,7140dibdnow9c7btw4b38il3leblkwvwe8c5csu59pyd4
The 1st Ave S Bridge has closed to traffic at  03:57 AM on 01/23/2025,1882397131618824417,1882397131618824417,100,1883015497807266206,1881469566087545178,7140dibdnow9c7btw4b38il3leblkwvwe8c5csu59pyd4
The 1st Ave S Bridge has reopened to traffic at  04:08 AM on 01/23/2025,1882399903114260851,1882399903114260851,100,1883015497807266206,1881469566087545178,7140dibdnow9c7btw4b38il3leblkwvwe8c5csu59pyd4
The 1st Ave S Bridge has closed to traffic at  09:05 AM on 01/23/2025,1882474630889504834,1882474630889504834,100,1883015497807266206,1881469566087545178,7140dibdnow9c7btw4b38il3leblkwvwe8c5csu59pyd4
The 1st Ave S Bridge has reopened to traffic at  09:08 AM on 01/23/2025,1882475386891882890,1882475386891882890,100,1883015497807266206,1881469566087545178,7140dibdnow9c7btw4b38il3leblkwvwe8c5csu59pyd4
The 1st Ave S Bridge has closed to traffic at  10:46 AM on 01/23/2025,1882500064100381128,1882500064100381128,100,1883015497807266206,1881469566087545178,7140dibdnow9c7btw4b38il3leblkwvwe8c5csu59pyd4
The 1st Ave S Bridge has reopened to traffic at  10:49 AM on 01/23/2025,1882500819775582293,1882500819775582293,100,1883015497807266206,1881469566087545178,7140dibdnow9c7btw4b38il3leblkwvwe8c5csu59pyd4
The 1st Ave S Bridge has closed to traffic at  10:54 AM on 01/23/2025,1882502080491028982,1882502080491028982,100,1883015497807266206,1881469566087545178,7140dibdnow9c7btw4b38il3leblkwvwe8c5csu59pyd4
The Fremont Bridge has closed to traffic at  11:00 AM on 01/23/2025,1882503592814465180,1882503592814465180,100,1883015497807266206,1881469566087545178,7140dibdnow9c7btw4b38il3leblkwvwe8c5csu59pyd4
The 1st Ave S Bridge has reopened to traffic at  11:03 AM on 01/23/2025,1882504348577787908,1882504348577787908,100,1883015497807266206,1881469566087545178,7140dibdnow9c7btw4b38il3leblkwvwe8c5csu59pyd4
The Fremont Bridge has reopened to traffic at  11:05 AM on 01/23/2025,1882504852707885136,1882504852707885136,100,1883015497807266206,1881469566087545178,7140dibdnow9c7btw4b38il3leblkwvwe8c5csu59pyd4
The Fremont Bridge has closed to traffic at  11:41 AM on 01/23/2025,1882513920528924969,1882513920528924969,100,1883015497807266206,1881469566087545178,7140dibdnow9c7btw4b38il3leblkwvwe8c5csu59pyd4
The Fremont Bridge has reopened to traffic at  11:44 AM on 01/23/2025,1882514676359282784,1882514676359282784,100,1883015497807266206,1881469566087545178,7140dibdnow9c7btw4b38il3leblkwvwe8c5csu59pyd4
The Fremont Bridge has closed to traffic at  12:09 PM on 01/23/2025,1882520973016240513,1882520973016240513,100,1883015497807266206,1881469566087545178,7140dibdnow9c7btw4b38il3leblkwvwe8c5csu59pyd4
The Fremont Bridge has reopened to traffic at  12:13 PM on 01/23/2025,1882521981347930465,1882521981347930465,100,1883015497807266206,1881469566087545178,7140dibdnow9c7btw4b38il3leblkwvwe8c5csu59pyd4
The Fremont Bridge has closed to traffic at  12:38 PM on 01/23/2025,1882528279879671843,1882528279879671843,100,1883015497807266206,1881469566087545178,7140dibdnow9c7btw4b38il3leblkwvwe8c5csu59pyd4
The Fremont Bridge has reopened to traffic at  12:42 PM on 01/23/2025,1882529287624081717,1882529287624081717,100,1883015497807266206,1881469566087545178,7140dibdnow9c7btw4b38il3leblkwvwe8c5csu59pyd4
The Ballard Bridge has closed to traffic at  01:12 PM on 01/23/2025,1882536843532706107,1882536843532706107,100,1883015497807266206,1881469566087545178,7140dibdnow9c7btw4b38il3leblkwvwe8c5csu59pyd4
The Ballard Bridge has reopened to traffic at  01:16 PM on 01/23/2025,1882537851201675332,1882537851201675332,100,1883015497807266206,1881469566087545178,7140dibdnow9c7btw4b38il3leblkwvwe8c5csu59pyd4
The Fremont Bridge has closed to traffic at  09:14 AM on 01/24/2025,1882839326721192210,1882839326721192210,100,1883015497807266206,1881469566087545178,7140dibdnow9c7btw4b38il3leblkwvwe8c5csu59pyd4
The Fremont Bridge has reopened to traffic at  09:18 AM on 01/24/2025,1882840334826459273,1882840334826459273,100,1883015497807266206,1881469566087545178,7140dibdnow9c7btw4b38il3leblkwvwe8c5csu59pyd4
The University Bridge has closed to traffic at  10:13 AM on 01/24/2025,1882854185449951319,1882854185449951319,100,1883015497807266206,1881469566087545178,7140dibdnow9c7btw4b38il3leblkwvwe8c5csu59pyd4
The University Bridge has reopened to traffic at  10:17 AM on 01/24/2025,1882855193118957693,1882855193118957693,100,1883015497807266206,1881469566087545178,7140dibdnow9c7btw4b38il3leblkwvwe8c5csu59pyd4
The Montlake Bridge has closed to traffic at  10:44 AM on 01/24/2025,1882861932216279252,1882861932216279252,100,1883015497807266206,1881469566087545178,7140dibdnow9c7btw4b38il3leblkwvwe8c5csu59pyd4
The Montlake Bridge has reopened to traffic at  10:50 AM on 01/24/2025,1882863444803961263,1882863444803961263,100,1883015497807266206,1881469566087545178,7140dibdnow9c7btw4b38il3leblkwvwe8c5csu59pyd4
The University Bridge has closed to traffic at  10:55 AM on 01/24/2025,1882864704122691842,1882864704122691842,100,1883015497807266206,1881469566087545178,7140dibdnow9c7btw4b38il3leblkwvwe8c5csu59pyd4
The University Bridge has reopened to traffic at  11:00 AM on 01/24/2025,1882865964481691649,1882865964481691649,100,1883015497807266206,1881469566087545178,7140dibdnow9c7btw4b38il3leblkwvwe8c5csu59pyd4
The Fremont Bridge has closed to traffic at  11:15 AM on 01/24/2025,1882869742861709774,1882869742861709774,100,1883015497807266206,1881469566087545178,7140dibdnow9c7btw4b38il3leblkwvwe8c5csu59pyd4
The Fremont Bridge has reopened to traffic at  11:20 AM on 01/24/2025,1882871002180575657,1882871002180575657,100,1883015497807266206,1881469566087545178,7140dibdnow9c7btw4b38il3leblkwvwe8c5csu59pyd4
The 1st Ave S Bridge has closed to traffic at  11:59 AM on 01/24/2025,1882880823172673650,1882880823172673650,100,1883015497807266206,1881469566087545178,7140dibdnow9c7btw4b38il3leblkwvwe8c5csu59pyd4
The 1st Ave S Bridge has reopened to traffic at  12:09 PM on 01/24/2025,1882883342657634438,1882883342657634438,100,1883015497807266206,1881469566087545178,7140dibdnow9c7btw4b38il3leblkwvwe8c5csu59pyd4
The 1st Ave S Bridge has closed to traffic at  12:23 PM on 01/24/2025,1882886869387796935,1882886869387796935,100,1883015497807266206,1881469566087545178,7140dibdnow9c7btw4b38il3leblkwvwe8c5csu59pyd4
The 1st Ave S Bridge has reopened to traffic at  12:31 PM on 01/24/2025,1882888885136728556,1882888885136728556,100,1883015497807266206,1881469566087545178,7140dibdnow9c7btw4b38il3leblkwvwe8c5csu59pyd4
The Ballard Bridge has closed to traffic at  12:41 PM on 01/24/2025,1882891404604821870,1882891404604821870,100,1883015497807266206,1881469566087545178,7140dibdnow9c7btw4b38il3leblkwvwe8c5csu59pyd4
The Ballard Bridge has reopened to traffic at  12:45 PM on 01/24/2025,1882892412152160689,1882892412152160689,100,1883015497807266206,1881469566087545178,7140dibdnow9c7btw4b38il3leblkwvwe8c5csu59pyd4
The Fremont Bridge has closed to traffic at  12:58 PM on 01/24/2025,1882895687077310839,1882895687077310839,100,1883015497807266206,1881469566087545178,7140dibdnow9c7btw4b38il3leblkwvwe8c5csu59pyd4
The Fremont Bridge has reopened to traffic at  01:02 PM on 01/24/2025,1882896694586867966,1882896694586867966,100,1883015497807266206,1881469566087545178,7140dibdnow9c7btw4b38il3leblkwvwe8c5csu59pyd4
The Fremont Bridge has closed to traffic at  02:19 PM on 01/24/2025,1882916084308955412,1882916084308955412,100,1883015497807266206,1881469566087545178,7140dibdnow9c7btw4b38il3leblkwvwe8c5csu59pyd4
The Fremont Bridge has reopened to traffic at  02:23 PM on 01/24/2025,1882917091847917658,1882917091847917658,100,1883015497807266206,1881469566087545178,7140dibdnow9c7btw4b38il3leblkwvwe8c5csu59pyd4
The Fremont Bridge has closed to traffic at  03:46 PM on 01/24/2025,1882937992794522047,1882937992794522047,100,1883015497807266206,1881469566087545178,7140dibdnow9c7btw4b38il3leblkwvwe8c5csu59pyd4
The Fremont Bridge has reopened to traffic at  03:50 PM on 01/24/2025,1882938937637019782,1882938937637019782,100,1883015497807266206,1881469566087545178,7140dibdnow9c7btw4b38il3leblkwvwe8c5csu59pyd4
The University Bridge has closed to traffic at  06:44 PM on 01/24/2025,1882982752188055596,1882982752188055596,100,1883015497807266206,1881469566087545178,7140dibdnow9c7btw4b38il3leblkwvwe8c5csu59pyd4
The University Bridge has reopened to traffic at  06:47 PM on 01/24/2025,1882983507942953202,1882983507942953202,100,1883015497807266206,1881469566087545178,7140dibdnow9c7btw4b38il3leblkwvwe8c5csu59pyd4
The Montlake Bridge has closed to traffic at  07:01 PM on 01/24/2025,1882987034094244020,1882987034094244020,100,1883015497807266206,1881469566087545178,7140dibdnow9c7btw4b38il3leblkwvwe8c5csu59pyd4
The Montlake Bridge has reopened to traffic at  07:06 PM on 01/24/2025,1882988293631148113,1882988293631148113,100,1883015497807266206,1881469566087545178,7140dibdnow9c7btw4b38il3leblkwvwe8c5csu59pyd4
The 1st Ave S Bridge has closed to traffic at  07:12 PM on 01/24/2025,1882989805925281931,1882989805925281931,100,1883015497807266206,1881469566087545178,7140dibdnow9c7btw4b38il3leblkwvwe8c5csu59pyd4
The 1st Ave S Bridge has reopened to traffic at  07:26 PM on 01/24/2025,1882993332210806930,1882993332210806930,100,1883015497807266206,1881469566087545178,7140dibdnow9c7btw4b38il3leblkwvwe8c5csu59pyd4
The Montlake Bridge has closed to traffic at  07:44 PM on 01/24/2025,1882997866278654440,1882997866278654440,100,1883015497807266206,1881469566087545178,7140dibdnow9c7btw4b38il3leblkwvwe8c5csu59pyd4
The Montlake Bridge has reopened to traffic at  07:50 PM on 01/24/2025,1882999378635612654,1882999378635612654,100,1883015497807266206,1881469566087545178,7140dibdnow9c7btw4b38il3leblkwvwe8c5csu59pyd4
The University Bridge has closed to traffic at  07:52 PM on 01/24/2025,1882999882606354658,1882999882606354658,100,1883015497807266206,1881469566087545178,7140dibdnow9c7btw4b38il3leblkwvwe8c5csu59pyd4
The University Bridge has reopened to traffic at  07:56 PM on 01/24/2025,1883000889994293533,1883000889994293533,100,1883015497807266206,1881469566087545178,7140dibdnow9c7btw4b38il3leblkwvwe8c5csu59pyd4
The Fremont Bridge has closed to traffic at  08:37 PM on 01/24/2025,1883011215204692267,1883011215204692267,100,1883015497807266206,1881469566087545178,7140dibdnow9c7btw4b38il3leblkwvwe8c5csu59pyd4
The Fremont Bridge has reopened to traffic at  08:42 PM on 01/24/2025,1883012474464858324,1883012474464858324,100,1883015497807266206,1881469566087545178,7140dibdnow9c7btw4b38il3leblkwvwe8c5csu59pyd4
The Ballard Bridge has closed to traffic at  08:54 PM on 01/24/2025,1883015497807266206,1883015497807266206,100,1883015497807266206,1881469566087545178,7140dibdnow9c7btw4b38il3leblkwvwe8c5csu59pyd4
The Ballard Bridge has reopened to traffic at  08:58 PM on 01/24/2025,1883016505534947464,1883016505534947464,100,1883691198835196131,1883016505534947464,7140dibdnow9c7btw4b38mtciqzpc12x0cmaa0cm6dh6c
The 1st Ave S Bridge has closed to traffic at  02:41 AM on 01/25/2025,1883102815956119891,1883102815956119891,100,1883691198835196131,1883016505534947464,7140dibdnow9c7btw4b38mtciqzpc12x0cmaa0cm6dh6c
The 1st Ave S Bridge has reopened to traffic at  02:50 AM on 01/25/2025,1883105083854053763,1883105083854053763,100,1883691198835196131,1883016505534947464,7140dibdnow9c7btw4b38mtciqzpc12x0cmaa0cm6dh6c
The Montlake Bridge has reopened to traffic at  06:58 AM on 01/25/2025,1883167468983873559,1883167468983873559,100,1883691198835196131,1883016505534947464,7140dibdnow9c7btw4b38mtciqzpc12x0cmaa0cm6dh6c
The Montlake Bridge has closed to traffic at  08:26 AM on 01/25/2025,1883189629341544752,1883189629341544752,100,1883691198835196131,1883016505534947464,7140dibdnow9c7btw4b38mtciqzpc12x0cmaa0cm6dh6c
The Montlake Bridge has closed to traffic at  08:30 AM on 01/25/2025,1883190636964409438,1883190636964409438,100,1883691198835196131,1883016505534947464,7140dibdnow9c7btw4b38mtciqzpc12x0cmaa0cm6dh6c
The Montlake Bridge has reopened to traffic at  08:32 AM on 01/25/2025,1883191140914213030,1883191140914213030,100,1883691198835196131,1883016505534947464,7140dibdnow9c7btw4b38mtciqzpc12x0cmaa0cm6dh6c
The University Bridge has closed to traffic at  08:38 AM on 01/25/2025,1883192653346636069,1883192653346636069,100,1883691198835196131,1883016505534947464,7140dibdnow9c7btw4b38mtciqzpc12x0cmaa0cm6dh6c
The University Bridge has reopened to traffic at  08:44 AM on 01/25/2025,1883194165611426225,1883194165611426225,100,1883691198835196131,1883016505534947464,7140dibdnow9c7btw4b38mtciqzpc12x0cmaa0cm6dh6c
The Fremont Bridge has closed to traffic at  09:06 AM on 01/25/2025,1883199706958020700,1883199706958020700,100,1883691198835196131,1883016505534947464,7140dibdnow9c7btw4b38mtciqzpc12x0cmaa0cm6dh6c
The Ballard Bridge has closed to traffic at  09:09 AM on 01/25/2025,1883200462545158253,1883200462545158253,100,1883691198835196131,1883016505534947464,7140dibdnow9c7btw4b38mtciqzpc12x0cmaa0cm6dh6c
The Fremont Bridge has reopened to traffic at  09:12 AM on 01/25/2025,1883201218253894133,1883201218253894133,100,1883691198835196131,1883016505534947464,7140dibdnow9c7btw4b38mtciqzpc12x0cmaa0cm6dh6c
The Ballard Bridge has reopened to traffic at  09:14 AM on 01/25/2025,1883201722111435153,1883201722111435153,100,1883691198835196131,1883016505534947464,7140dibdnow9c7btw4b38mtciqzpc12x0cmaa0cm6dh6c
The Fremont Bridge has closed to traffic at  09:23 AM on 01/25/2025,1883203989766033563,1883203989766033563,100,1883691198835196131,1883016505534947464,7140dibdnow9c7btw4b38mtciqzpc12x0cmaa0cm6dh6c
The Fremont Bridge has reopened to traffic at  09:27 AM on 01/25/2025,1883204997313438090,1883204997313438090,100,1883691198835196131,1883016505534947464,7140dibdnow9c7btw4b38mtciqzpc12x0cmaa0cm6dh6c
The Ballard Bridge has closed to traffic at  09:29 AM on 01/25/2025,1883205501280047447,1883205501280047447,100,1883691198835196131,1883016505534947464,7140dibdnow9c7btw4b38mtciqzpc12x0cmaa0cm6dh6c
The Ballard Bridge has reopened to traffic at  09:33 AM on 01/25/2025,1883206509133525146,1883206509133525146,100,1883691198835196131,1883016505534947464,7140dibdnow9c7btw4b38mtciqzpc12x0cmaa0cm6dh6c
The University Bridge has closed to traffic at  09:37 AM on 01/25/2025,1883207454525378846,1883207454525378846,100,1883691198835196131,1883016505534947464,7140dibdnow9c7btw4b38mtciqzpc12x0cmaa0cm6dh6c
The University Bridge has reopened to traffic at  09:42 AM on 01/25/2025,1883208714238484804,1883208714238484804,100,1883691198835196131,1883016505534947464,7140dibdnow9c7btw4b38mtciqzpc12x0cmaa0cm6dh6c
The Montlake Bridge has closed to traffic at  10:00 AM on 01/25/2025,1883213248448938479,1883213248448938479,100,1883691198835196131,1883016505534947464,7140dibdnow9c7btw4b38mtciqzpc12x0cmaa0cm6dh6c
The Montlake Bridge has reopened to traffic at  10:05 AM on 01/25/2025,1883214507893494060,1883214507893494060,100,1883691198835196131,1883016505534947464,7140dibdnow9c7btw4b38mtciqzpc12x0cmaa0cm6dh6c
The University Bridge has closed to traffic at  10:08 AM on 01/25/2025,1883215266211045823,1883215266211045823,100,1883691198835196131,1883016505534947464,7140dibdnow9c7btw4b38mtciqzpc12x0cmaa0cm6dh6c
The University Bridge has reopened to traffic at  10:13 AM on 01/25/2025,1883216525529956689,1883216525529956689,100,1883691198835196131,1883016505534947464,7140dibdnow9c7btw4b38mtciqzpc12x0cmaa0cm6dh6c
The Fremont Bridge has closed to traffic at  10:27 AM on 01/25/2025,1883220052432032149,1883220052432032149,100,1883691198835196131,1883016505534947464,7140dibdnow9c7btw4b38mtciqzpc12x0cmaa0cm6dh6c
The Fremont Bridge has reopened to traffic at  10:32 AM on 01/25/2025,1883221311746687244,1883221311746687244,100,1883691198835196131,1883016505534947464,7140dibdnow9c7btw4b38mtciqzpc12x0cmaa0cm6dh6c
The University Bridge has closed to traffic at  12:05 PM on 01/25/2025,1883244736808661101,1883244736808661101,100,1883691198835196131,1883016505534947464,7140dibdnow9c7btw4b38mtciqzpc12x0cmaa0cm6dh6c
The University Bridge has reopened to traffic at  12:11 PM on 01/25/2025,1883246249455013957,1883246249455013957,100,1883691198835196131,1883016505534947464,7140dibdnow9c7btw4b38mtciqzpc12x0cmaa0cm6dh6c
The 1st Ave S Bridge has closed to traffic at  12:15 PM on 01/25/2025,1883247257178489196,1883247257178489196,100,1883691198835196131,1883016505534947464,7140dibdnow9c7btw4b38mtciqzpc12x0cmaa0cm6dh6c
The Montlake Bridge has closed to traffic at  12:18 PM on 01/25/2025,1883248012983742479,1883248012983742479,100,1883691198835196131,1883016505534947464,7140dibdnow9c7btw4b38mtciqzpc12x0cmaa0cm6dh6c
The Montlake Bridge has reopened to traffic at  12:23 PM on 01/25/2025,1883249272373879098,1883249272373879098,100,1883691198835196131,1883016505534947464,7140dibdnow9c7btw4b38mtciqzpc12x0cmaa0cm6dh6c
The 1st Ave S Bridge has reopened to traffic at  12:24 PM on 01/25/2025,1883249525965599027,1883249525965599027,100,1883691198835196131,1883016505534947464,7140dibdnow9c7btw4b38mtciqzpc12x0cmaa0cm6dh6c
The University Bridge has closed to traffic at  12:29 PM on 01/25/2025,1883250785271898514,1883250785271898514,100,1883691198835196131,1883016505534947464,7140dibdnow9c7btw4b38mtciqzpc12x0cmaa0cm6dh6c
The University Bridge has reopened to traffic at  12:34 PM on 01/25/2025,1883252045660221915,1883252045660221915,100,1883691198835196131,1883016505534947464,7140dibdnow9c7btw4b38mtciqzpc12x0cmaa0cm6dh6c
The Ballard Bridge has closed to traffic at  01:49 PM on 01/25/2025,1883270931193446619,1883270931193446619,100,1883691198835196131,1883016505534947464,7140dibdnow9c7btw4b38mtciqzpc12x0cmaa0cm6dh6c
The Ballard Bridge has reopened to traffic at  01:53 PM on 01/25/2025,1883271938677858414,1883271938677858414,100,1883691198835196131,1883016505534947464,7140dibdnow9c7btw4b38mtciqzpc12x0cmaa0cm6dh6c
The University Bridge has closed to traffic at  01:53 PM on 01/25/2025,1883271939063685594,1883271939063685594,100,1883691198835196131,1883016505534947464,7140dibdnow9c7btw4b38mtciqzpc12x0cmaa0cm6dh6c
The University Bridge has reopened to traffic at  01:57 PM on 01/25/2025,1883272946623680565,1883272946623680565,100,1883691198835196131,1883016505534947464,7140dibdnow9c7btw4b38mtciqzpc12x0cmaa0cm6dh6c
The Fremont Bridge has closed to traffic at  02:19 PM on 01/25/2025,1883278424971923469,1883278424971923469,100,1883691198835196131,1883016505534947464,7140dibdnow9c7btw4b38mtciqzpc12x0cmaa0cm6dh6c
The Fremont Bridge has reopened to traffic at  02:23 PM on 01/25/2025,1883279432489807936,1883279432489807936,100,1883691198835196131,1883016505534947464,7140dibdnow9c7btw4b38mtciqzpc12x0cmaa0cm6dh6c
The 1st Ave S Bridge has closed to traffic at  03:37 PM on 01/25/2025,1883298067975377088,1883298067975377088,100,1883691198835196131,1883016505534947464,7140dibdnow9c7btw4b38mtciqzpc12x0cmaa0cm6dh6c
The Fremont Bridge has closed to traffic at  03:42 PM on 01/25/2025,1883299327294292141,1883299327294292141,100,1883691198835196131,1883016505534947464,7140dibdnow9c7btw4b38mtciqzpc12x0cmaa0cm6dh6c
The Montlake Bridge has closed to traffic at  03:42 PM on 01/25/2025,1883299328745505096,1883299328745505096,100,1883691198835196131,1883016505534947464,7140dibdnow9c7btw4b38mtciqzpc12x0cmaa0cm6dh6c
The Fremont Bridge has reopened to traffic at  03:46 PM on 01/25/2025,1883300336229908623,1883300336229908623,100,1883691198835196131,1883016505534947464,7140dibdnow9c7btw4b38mtciqzpc12x0cmaa0cm6dh6c
The Montlake Bridge has reopened to traffic at  03:46 PM on 01/25/2025,1883300336632545514,1883300336632545514,100,1883691198835196131,1883016505534947464,7140dibdnow9c7btw4b38mtciqzpc12x0cmaa0cm6dh6c
The 1st Ave S Bridge has reopened to traffic at  03:51 PM on 01/25/2025,1883301596442087431,1883301596442087431,100,1883691198835196131,1883016505534947464,7140dibdnow9c7btw4b38mtciqzpc12x0cmaa0cm6dh6c
The University Bridge has closed to traffic at  03:55 PM on 01/25/2025,1883302605293801526,1883302605293801526,100,1883691198835196131,1883016505534947464,7140dibdnow9c7btw4b38mtciqzpc12x0cmaa0cm6dh6c
The Ballard Bridge has closed to traffic at  03:56 PM on 01/25/2025,1883302857455333612,1883302857455333612,100,1883691198835196131,1883016505534947464,7140dibdnow9c7btw4b38mtciqzpc12x0cmaa0cm6dh6c
The Ballard Bridge has reopened to traffic at  03:59 PM on 01/25/2025,1883303613323501727,1883303613323501727,100,1883691198835196131,1883016505534947464,7140dibdnow9c7btw4b38mtciqzpc12x0cmaa0cm6dh6c
The University Bridge has reopened to traffic at  03:59 PM on 01/25/2025,1883303613692555766,1883303613692555766,100,1883691198835196131,1883016505534947464,7140dibdnow9c7btw4b38mtciqzpc12x0cmaa0cm6dh6c
The Fremont Bridge has closed to traffic at  04:20 PM on 01/25/2025,1883308902890275171,1883308902890275171,100,1883691198835196131,1883016505534947464,7140dibdnow9c7btw4b38mtciqzpc12x0cmaa0cm6dh6c
The Fremont Bridge has reopened to traffic at  04:23 PM on 01/25/2025,1883309658678726919,1883309658678726919,100,1883691198835196131,1883016505534947464,7140dibdnow9c7btw4b38mtciqzpc12x0cmaa0cm6dh6c
The University Bridge has closed to traffic at  04:36 PM on 01/25/2025,1883312933306052649,1883312933306052649,100,1883691198835196131,1883016505534947464,7140dibdnow9c7btw4b38mtciqzpc12x0cmaa0cm6dh6c
The University Bridge has reopened to traffic at  04:40 PM on 01/25/2025,1883313940924707135,1883313940924707135,100,1883691198835196131,1883016505534947464,7140dibdnow9c7btw4b38mtciqzpc12x0cmaa0cm6dh6c
The University Bridge has closed to traffic at  05:34 PM on 01/25/2025,1883327538849861834,1883327538849861834,100,1883691198835196131,1883016505534947464,7140dibdnow9c7btw4b38mtciqzpc12x0cmaa0cm6dh6c
The University Bridge has reopened to traffic at  05:39 PM on 01/25/2025,1883328798307045386,1883328798307045386,100,1883691198835196131,1883016505534947464,7140dibdnow9c7btw4b38mtciqzpc12x0cmaa0cm6dh6c
The 1st Ave S Bridge has closed to traffic at  08:58 AM on 01/26/2025,1883560092391666022,1883560092391666022,100,1883691198835196131,1883016505534947464,7140dibdnow9c7btw4b38mtciqzpc12x0cmaa0cm6dh6c
The 1st Ave S Bridge has reopened to traffic at  09:10 AM on 01/26/2025,1883563115721506876,1883563115721506876,100,1883691198835196131,1883016505534947464,7140dibdnow9c7btw4b38mtciqzpc12x0cmaa0cm6dh6c
The 1st Ave S Bridge has closed to traffic at  09:23 AM on 01/26/2025,1883566328134688944,1883566328134688944,100,1883691198835196131,1883016505534947464,7140dibdnow9c7btw4b38mtciqzpc12x0cmaa0cm6dh6c
The 1st Ave S Bridge has reopened to traffic at  09:31 AM on 01/26/2025,1883568343984316774,1883568343984316774,100,1883691198835196131,1883016505534947464,7140dibdnow9c7btw4b38mtciqzpc12x0cmaa0cm6dh6c
The 1st Ave S Bridge has closed to traffic at  10:43 AM on 01/26/2025,1883586475868226027,1883586475868226027,100,1883691198835196131,1883016505534947464,7140dibdnow9c7btw4b38mtciqzpc12x0cmaa0cm6dh6c
The 1st Ave S Bridge has reopened to traffic at  10:53 AM on 01/26/2025,1883588995894096364,1883588995894096364,100,1883691198835196131,1883016505534947464,7140dibdnow9c7btw4b38mtciqzpc12x0cmaa0cm6dh6c
The Ballard Bridge has closed to traffic at  11:17 AM on 01/26/2025,1883595040829915362,1883595040829915362,100,1883691198835196131,1883016505534947464,7140dibdnow9c7btw4b38mtciqzpc12x0cmaa0cm6dh6c
The Ballard Bridge has reopened to traffic at  11:20 AM on 01/26/2025,1883595796563828833,1883595796563828833,100,1883691198835196131,1883016505534947464,7140dibdnow9c7btw4b38mtciqzpc12x0cmaa0cm6dh6c
The Fremont Bridge has closed to traffic at  11:23 AM on 01/26/2025,1883596552364843049,1883596552364843049,100,1883691198835196131,1883016505534947464,7140dibdnow9c7btw4b38mtciqzpc12x0cmaa0cm6dh6c
The Fremont Bridge has reopened to traffic at  11:27 AM on 01/26/2025,1883597559966605351,1883597559966605351,100,1883691198835196131,1883016505534947464,7140dibdnow9c7btw4b38mtciqzpc12x0cmaa0cm6dh6c
The Fremont Bridge has closed to traffic at  11:34 AM on 01/26/2025,1883599323893842228,1883599323893842228,100,1883691198835196131,1883016505534947464,7140dibdnow9c7btw4b38mtciqzpc12x0cmaa0cm6dh6c
The Fremont Bridge has reopened to traffic at  11:38 AM on 01/26/2025,1883600331608916076,1883600331608916076,100,1883691198835196131,1883016505534947464,7140dibdnow9c7btw4b38mtciqzpc12x0cmaa0cm6dh6c
The Montlake Bridge has closed to traffic at  11:44 AM on 01/26/2025,1883601844112638154,1883601844112638154,100,1883691198835196131,1883016505534947464,7140dibdnow9c7btw4b38mtciqzpc12x0cmaa0cm6dh6c
The Montlake Bridge has reopened to traffic at  11:48 AM on 01/26/2025,1883602851710296388,1883602851710296388,100,1883691198835196131,1883016505534947464,7140dibdnow9c7btw4b38mtciqzpc12x0cmaa0cm6dh6c
The University Bridge has closed to traffic at  11:58 AM on 01/26/2025,1883605371396485149,1883605371396485149,100,1883691198835196131,1883016505534947464,7140dibdnow9c7btw4b38mtciqzpc12x0cmaa0cm6dh6c
The University Bridge has reopened to traffic at  12:02 PM on 01/26/2025,1883606379174478005,1883606379174478005,100,1883691198835196131,1883016505534947464,7140dibdnow9c7btw4b38mtciqzpc12x0cmaa0cm6dh6c
The University Bridge has closed to traffic at  12:04 PM on 01/26/2025,1883606883241742792,1883606883241742792,100,1883691198835196131,1883016505534947464,7140dibdnow9c7btw4b38mtciqzpc12x0cmaa0cm6dh6c
The Fremont Bridge has closed to traffic at  12:09 PM on 01/26/2025,1883608142547939506,1883608142547939506,100,1883691198835196131,1883016505534947464,7140dibdnow9c7btw4b38mtciqzpc12x0cmaa0cm6dh6c
The University Bridge has reopened to traffic at  12:09 PM on 01/26/2025,1883608144036925884,1883608144036925884,100,1883691198835196131,1883016505534947464,7140dibdnow9c7btw4b38mtciqzpc12x0cmaa0cm6dh6c
The Fremont Bridge has reopened to traffic at  12:13 PM on 01/26/2025,1883609151676539285,1883609151676539285,100,1883691198835196131,1883016505534947464,7140dibdnow9c7btw4b38mtciqzpc12x0cmaa0cm6dh6c
The University Bridge has closed to traffic at  12:18 PM on 01/26/2025,1883610411012084158,1883610411012084158,100,1883691198835196131,1883016505534947464,7140dibdnow9c7btw4b38mtciqzpc12x0cmaa0cm6dh6c
The University Bridge has reopened to traffic at  12:22 PM on 01/26/2025,1883611419620642978,1883611419620642978,100,1883691198835196131,1883016505534947464,7140dibdnow9c7btw4b38mtciqzpc12x0cmaa0cm6dh6c
The Fremont Bridge has closed to traffic at  02:28 PM on 01/26/2025,1883643086234153157,1883643086234153157,100,1883691198835196131,1883016505534947464,7140dibdnow9c7btw4b38mtciqzpc12x0cmaa0cm6dh6c
The Fremont Bridge has reopened to traffic at  02:31 PM on 01/26/2025,1883643841972253007,1883643841972253007,100,1883691198835196131,1883016505534947464,7140dibdnow9c7btw4b38mtciqzpc12x0cmaa0cm6dh6c
The Ballard Bridge has closed to traffic at  02:32 PM on 01/26/2025,1883644094117032119,1883644094117032119,100,1883691198835196131,1883016505534947464,7140dibdnow9c7btw4b38mtciqzpc12x0cmaa0cm6dh6c
The Ballard Bridge has reopened to traffic at  02:35 PM on 01/26/2025,1883644849876045889,1883644849876045889,100,1883691198835196131,1883016505534947464,7140dibdnow9c7btw4b38mtciqzpc12x0cmaa0cm6dh6c
The Fremont Bridge has closed to traffic at  02:50 PM on 01/26/2025,1883648628973347275,1883648628973347275,100,1883691198835196131,1883016505534947464,7140dibdnow9c7btw4b38mtciqzpc12x0cmaa0cm6dh6c
The Fremont Bridge has reopened to traffic at  02:53 PM on 01/26/2025,1883649384644251752,1883649384644251752,100,1883691198835196131,1883016505534947464,7140dibdnow9c7btw4b38mtciqzpc12x0cmaa0cm6dh6c
The University Bridge has closed to traffic at  03:05 PM on 01/26/2025,1883652407613374503,1883652407613374503,100,1883691198835196131,1883016505534947464,7140dibdnow9c7btw4b38mtciqzpc12x0cmaa0cm6dh6c
The University Bridge has reopened to traffic at  03:10 PM on 01/26/2025,1883653666835726340,1883653666835726340,100,1883691198835196131,1883016505534947464,7140dibdnow9c7btw4b38mtciqzpc12x0cmaa0cm6dh6c
The Fremont Bridge has closed to traffic at  03:25 PM on 01/26/2025,1883657445559689254,1883657445559689254,100,1883691198835196131,1883016505534947464,7140dibdnow9c7btw4b38mtciqzpc12x0cmaa0cm6dh6c
The Fremont Bridge has reopened to traffic at  03:29 PM on 01/26/2025,1883658453132152857,1883658453132152857,100,1883691198835196131,1883016505534947464,7140dibdnow9c7btw4b38mtciqzpc12x0cmaa0cm6dh6c
The Ballard Bridge has closed to traffic at  03:40 PM on 01/26/2025,1883661224694735006,1883661224694735006,100,1883691198835196131,1883016505534947464,7140dibdnow9c7btw4b38mtciqzpc12x0cmaa0cm6dh6c
The Ballard Bridge has reopened to traffic at  03:44 PM on 01/26/2025,1883662232300794235,1883662232300794235,100,1883691198835196131,1883016505534947464,7140dibdnow9c7btw4b38mtciqzpc12x0cmaa0cm6dh6c
The Fremont Bridge has closed to traffic at  03:51 PM on 01/26/2025,1883663997054132698,1883663997054132698,100,1883691198835196131,1883016505534947464,7140dibdnow9c7btw4b38mtciqzpc12x0cmaa0cm6dh6c
The University Bridge has closed to traffic at  03:51 PM on 01/26/2025,1883663997486166332,1883663997486166332,100,1883691198835196131,1883016505534947464,7140dibdnow9c7btw4b38mtciqzpc12x0cmaa0cm6dh6c
The Fremont Bridge has reopened to traffic at  03:54 PM on 01/26/2025,1883664753262006418,1883664753262006418,100,1883691198835196131,1883016505534947464,7140dibdnow9c7btw4b38mtciqzpc12x0cmaa0cm6dh6c
The University Bridge has reopened to traffic at  03:54 PM on 01/26/2025,1883664753647866173,1883664753647866173,100,1883691198835196131,1883016505534947464,7140dibdnow9c7btw4b38mtciqzpc12x0cmaa0cm6dh6c
The Montlake Bridge has closed to traffic at  03:58 PM on 01/26/2025,1883665761212010946,1883665761212010946,100,1883691198835196131,1883016505534947464,7140dibdnow9c7btw4b38mtciqzpc12x0cmaa0cm6dh6c
The Montlake Bridge has reopened to traffic at  04:03 PM on 01/26/2025,1883667020904058921,1883667020904058921,100,1883691198835196131,1883016505534947464,7140dibdnow9c7btw4b38mtciqzpc12x0cmaa0cm6dh6c
The Fremont Bridge has closed to traffic at  04:05 PM on 01/26/2025,1883667525936013506,1883667525936013506,100,1883691198835196131,1883016505534947464,7140dibdnow9c7btw4b38mtciqzpc12x0cmaa0cm6dh6c
The Fremont Bridge has reopened to traffic at  04:08 PM on 01/26/2025,1883668281598619778,1883668281598619778,100,1883691198835196131,1883016505534947464,7140dibdnow9c7btw4b38mtciqzpc12x0cmaa0cm6dh6c
The Fremont Bridge has closed to traffic at  05:12 PM on 01/26/2025,1883684398325006542,1883684398325006542,100,1883691198835196131,1883016505534947464,7140dibdnow9c7btw4b38mtciqzpc12x0cmaa0cm6dh6c
The Fremont Bridge has reopened to traffic at  05:16 PM on 01/26/2025,1883685405956141337,1883685405956141337,100,1883691198835196131,1883016505534947464,7140dibdnow9c7btw4b38mtciqzpc12x0cmaa0cm6dh6c
The Ballard Bridge has closed to traffic at  05:39 PM on 01/26/2025,1883691198835196131,1883691198835196131,100,1883691198835196131,1883016505534947464,7140dibdnow9c7btw4b38mtciqzpc12x0cmaa0cm6dh6c
The Ballard Bridge has reopened to traffic at  05:43 PM on 01/26/2025,1883692206248350101,1883692206248350101,100,1885072001163022809,1883692206248350101,7140dibdnow9c7btw4b38mv5lfd5hc3hridzsyg67n3g1
The Fremont Bridge has closed to traffic at  05:52 PM on 01/26/2025,1883694474007814449,1883694474007814449,100,1885072001163022809,1883692206248350101,7140dibdnow9c7btw4b38mv5lfd5hc3hridzsyg67n3g1
The Fremont Bridge has reopened to traffic at  05:56 PM on 01/26/2025,1883695481613869400,1883695481613869400,100,1885072001163022809,1883692206248350101,7140dibdnow9c7btw4b38mv5lfd5hc3hridzsyg67n3g1
The Ballard Bridge has closed to traffic at  06:05 PM on 01/26/2025,1883697749323133333,1883697749323133333,100,1885072001163022809,1883692206248350101,7140dibdnow9c7btw4b38mv5lfd5hc3hridzsyg67n3g1
The Ballard Bridge has reopened to traffic at  06:10 PM on 01/26/2025,1883699009136758873,1883699009136758873,100,1885072001163022809,1883692206248350101,7140dibdnow9c7btw4b38mv5lfd5hc3hridzsyg67n3g1
The Fremont Bridge has closed to traffic at  06:23 PM on 01/26/2025,1883702283940319555,1883702283940319555,100,1885072001163022809,1883692206248350101,7140dibdnow9c7btw4b38mv5lfd5hc3hridzsyg67n3g1
The Fremont Bridge has reopened to traffic at  06:27 PM on 01/26/2025,1883703228682088886,1883703228682088886,100,1885072001163022809,1883692206248350101,7140dibdnow9c7btw4b38mv5lfd5hc3hridzsyg67n3g1
The University Bridge has closed to traffic at  06:38 PM on 01/26/2025,1883706000596971589,1883706000596971589,100,1885072001163022809,1883692206248350101,7140dibdnow9c7btw4b38mv5lfd5hc3hridzsyg67n3g1
The University Bridge has reopened to traffic at  06:42 PM on 01/26/2025,1883707008421110048,1883707008421110048,100,1885072001163022809,1883692206248350101,7140dibdnow9c7btw4b38mv5lfd5hc3hridzsyg67n3g1
The 1st Ave S Bridge has closed to traffic at  05:45 AM on 01/27/2025,1883873896274993560,1883873896274993560,100,1885072001163022809,1883692206248350101,7140dibdnow9c7btw4b38mv5lfd5hc3hridzsyg67n3g1
The 1st Ave S Bridge has reopened to traffic at  05:54 AM on 01/27/2025,1883876164596543856,1883876164596543856,100,1885072001163022809,1883692206248350101,7140dibdnow9c7btw4b38mv5lfd5hc3hridzsyg67n3g1
The Fremont Bridge has closed to traffic at  09:07 AM on 01/27/2025,1883924706140774843,1883924706140774843,100,1885072001163022809,1883692206248350101,7140dibdnow9c7btw4b38mv5lfd5hc3hridzsyg67n3g1
The Fremont Bridge has reopened to traffic at  09:11 AM on 01/27/2025,1883925713805529269,1883925713805529269,100,1885072001163022809,1883692206248350101,7140dibdnow9c7btw4b38mv5lfd5hc3hridzsyg67n3g1
The Ballard Bridge has closed to traffic at  09:22 AM on 01/27/2025,1883928484986450307,1883928484986450307,100,1885072001163022809,1883692206248350101,7140dibdnow9c7btw4b38mv5lfd5hc3hridzsyg67n3g1
The Ballard Bridge has reopened to traffic at  09:28 AM on 01/27/2025,1883929997985079380,1883929997985079380,100,1885072001163022809,1883692206248350101,7140dibdnow9c7btw4b38mv5lfd5hc3hridzsyg67n3g1
The Ballard Bridge has closed to traffic at  11:04 AM on 01/27/2025,1883954175970775228,1883954175970775228,100,1885072001163022809,1883692206248350101,7140dibdnow9c7btw4b38mv5lfd5hc3hridzsyg67n3g1
The Ballard Bridge has reopened to traffic at  11:08 AM on 01/27/2025,1883955183635599783,1883955183635599783,100,1885072001163022809,1883692206248350101,7140dibdnow9c7btw4b38mv5lfd5hc3hridzsyg67n3g1
The Fremont Bridge has closed to traffic at  11:18 AM on 01/27/2025,1883957703237853253,1883957703237853253,100,1885072001163022809,1883692206248350101,7140dibdnow9c7btw4b38mv5lfd5hc3hridzsyg67n3g1
The Fremont Bridge has reopened to traffic at  11:22 AM on 01/27/2025,1883958710927872343,1883958710927872343,100,1885072001163022809,1883692206248350101,7140dibdnow9c7btw4b38mv5lfd5hc3hridzsyg67n3g1
The Fremont Bridge has closed to traffic at  12:49 PM on 01/27/2025,1883980618989809951,1883980618989809951,100,1885072001163022809,1883692206248350101,7140dibdnow9c7btw4b38mv5lfd5hc3hridzsyg67n3g1
The Fremont Bridge has reopened to traffic at  12:55 PM on 01/27/2025,1883982068331471311,1883982068331471311,100,1885072001163022809,1883692206248350101,7140dibdnow9c7btw4b38mv5lfd5hc3hridzsyg67n3g1
The University Bridge has closed to traffic at  01:09 PM on 01/27/2025,1883985595753787840,1883985595753787840,100,1885072001163022809,1883692206248350101,7140dibdnow9c7btw4b38mv5lfd5hc3hridzsyg67n3g1
The University Bridge has reopened to traffic at  01:15 PM on 01/27/2025,1883987109264167200,1883987109264167200,100,1885072001163022809,1883692206248350101,7140dibdnow9c7btw4b38mv5lfd5hc3hridzsyg67n3g1
The Montlake Bridge has closed to traffic at  01:31 PM on 01/27/2025,1883991140233621963,1883991140233621963,100,1885072001163022809,1883692206248350101,7140dibdnow9c7btw4b38mv5lfd5hc3hridzsyg67n3g1
The Montlake Bridge has reopened to traffic at  01:36 PM on 01/27/2025,1883992399464259602,1883992399464259602,100,1885072001163022809,1883692206248350101,7140dibdnow9c7btw4b38mv5lfd5hc3hridzsyg67n3g1
The 1st Ave S Bridge has closed to traffic at  06:08 PM on 01/27/2025,1884060891924365354,1884060891924365354,100,1885072001163022809,1883692206248350101,7140dibdnow9c7btw4b38mv5lfd5hc3hridzsyg67n3g1
The 1st Ave S Bridge has reopened to traffic at  06:16 PM on 01/27/2025,1884062908054921383,1884062908054921383,100,1885072001163022809,1883692206248350101,7140dibdnow9c7btw4b38mv5lfd5hc3hridzsyg67n3g1
The Fremont Bridge has closed to traffic at  09:01 AM on 01/28/2025,1884285579057324535,1884285579057324535,100,1885072001163022809,1883692206248350101,7140dibdnow9c7btw4b38mv5lfd5hc3hridzsyg67n3g1
The Fremont Bridge has reopened to traffic at  09:06 AM on 01/28/2025,1884286838556483763,1884286838556483763,100,1885072001163022809,1883692206248350101,7140dibdnow9c7btw4b38mv5lfd5hc3hridzsyg67n3g1
The Ballard Bridge has closed to traffic at  09:18 AM on 01/28/2025,1884289847227248962,1884289847227248962,100,1885072001163022809,1883692206248350101,7140dibdnow9c7btw4b38mv5lfd5hc3hridzsyg67n3g1
The Ballard Bridge has reopened to traffic at  09:22 AM on 01/28/2025,1884290854829056164,1884290854829056164,100,1885072001163022809,1883692206248350101,7140dibdnow9c7btw4b38mv5lfd5hc3hridzsyg67n3g1
The 1st Ave S Bridge has closed to traffic at  09:33 AM on 01/28/2025,1884293626383196252,1884293626383196252,100,1885072001163022809,1883692206248350101,7140dibdnow9c7btw4b38mv5lfd5hc3hridzsyg67n3g1
The 1st Ave S Bridge has reopened to traffic at  09:37 AM on 01/28/2025,1884294633838240060,1884294633838240060,100,1885072001163022809,1883692206248350101,7140dibdnow9c7btw4b38mv5lfd5hc3hridzsyg67n3g1
The Fremont Bridge has closed to traffic at  10:32 AM on 01/28/2025,1884308526543298618,1884308526543298618,100,1885072001163022809,1883692206248350101,7140dibdnow9c7btw4b38mv5lfd5hc3hridzsyg67n3g1
The Fremont Bridge has reopened to traffic at  10:37 AM on 01/28/2025,1884309730052694352,1884309730052694352,100,1885072001163022809,1883692206248350101,7140dibdnow9c7btw4b38mv5lfd5hc3hridzsyg67n3g1
The Fremont Bridge has closed to traffic at  11:49 AM on 01/28/2025,1884327892265648394,1884327892265648394,100,1885072001163022809,1883692206248350101,7140dibdnow9c7btw4b38mv5lfd5hc3hridzsyg67n3g1
The Fremont Bridge has reopened to traffic at  11:53 AM on 01/28/2025,1884328899984912686,1884328899984912686,100,1885072001163022809,1883692206248350101,7140dibdnow9c7btw4b38mv5lfd5hc3hridzsyg67n3g1
The Ballard Bridge has closed to traffic at  12:13 PM on 01/28/2025,1884333938044461181,1884333938044461181,100,1885072001163022809,1883692206248350101,7140dibdnow9c7btw4b38mv5lfd5hc3hridzsyg67n3g1
The Ballard Bridge has reopened to traffic at  12:17 PM on 01/28/2025,1884334945424007279,1884334945424007279,100,1885072001163022809,1883692206248350101,7140dibdnow9c7btw4b38mv5lfd5hc3hridzsyg67n3g1
The 1st Ave S Bridge has closed to traffic at  12:55 PM on 01/28/2025,1884344453244281065,1884344453244281065,100,1885072001163022809,1883692206248350101,7140dibdnow9c7btw4b38mv5lfd5hc3hridzsyg67n3g1
The Fremont Bridge has closed to traffic at  12:55 PM on 01/28/2025,1884344454301245900,1884344454301245900,100,1885072001163022809,1883692206248350101,7140dibdnow9c7btw4b38mv5lfd5hc3hridzsyg67n3g1
The 1st Ave S Bridge has reopened to traffic at  12:57 PM on 01/28/2025,1884344958322426005,1884344958322426005,100,1885072001163022809,1883692206248350101,7140dibdnow9c7btw4b38mv5lfd5hc3hridzsyg67n3g1
The Fremont Bridge has reopened to traffic at  01:00 PM on 01/28/2025,1884345714148561108,1884345714148561108,100,1885072001163022809,1883692206248350101,7140dibdnow9c7btw4b38mv5lfd5hc3hridzsyg67n3g1
The 1st Ave S Bridge has closed to traffic at  01:01 PM on 01/28/2025,1884345966360420404,1884345966360420404,100,1885072001163022809,1883692206248350101,7140dibdnow9c7btw4b38mv5lfd5hc3hridzsyg67n3g1
The 1st Ave S Bridge has reopened to traffic at  01:08 PM on 01/28/2025,1884347730576957621,1884347730576957621,100,1885072001163022809,1883692206248350101,7140dibdnow9c7btw4b38mv5lfd5hc3hridzsyg67n3g1
The Ballard Bridge has reopened to traffic at  02:03 PM on 01/28/2025,1884361594613973418,1884361594613973418,100,1885072001163022809,1883692206248350101,7140dibdnow9c7btw4b38mv5lfd5hc3hridzsyg67n3g1
The Ballard Bridge has closed to traffic at  02:58 PM on 01/28/2025,1884375445166280733,1884375445166280733,100,1885072001163022809,1883692206248350101,7140dibdnow9c7btw4b38mv5lfd5hc3hridzsyg67n3g1
The Ballard Bridge has reopened to traffic at  02:59 PM on 01/28/2025,1884375697315205479,1884375697315205479,100,1885072001163022809,1883692206248350101,7140dibdnow9c7btw4b38mv5lfd5hc3hridzsyg67n3g1
The Ballard Bridge has closed to traffic at  03:18 PM on 01/28/2025,1884380483821453683,1884380483821453683,100,1885072001163022809,1883692206248350101,7140dibdnow9c7btw4b38mv5lfd5hc3hridzsyg67n3g1
The Ballard Bridge has reopened to traffic at  03:24 PM on 01/28/2025,1884381998766252121,1884381998766252121,100,1885072001163022809,1883692206248350101,7140dibdnow9c7btw4b38mv5lfd5hc3hridzsyg67n3g1
The Ballard Bridge has closed to traffic at  05:20 PM on 01/28/2025,1884411149934059534,1884411149934059534,100,1885072001163022809,1883692206248350101,7140dibdnow9c7btw4b38mv5lfd5hc3hridzsyg67n3g1
The Ballard Bridge has reopened to traffic at  05:21 PM on 01/28/2025,1884411402187886918,1884411402187886918,100,1885072001163022809,1883692206248350101,7140dibdnow9c7btw4b38mv5lfd5hc3hridzsyg67n3g1
The 1st Ave S Bridge has closed to traffic at  06:00 PM on 01/28/2025,1884421223880483162,1884421223880483162,100,1885072001163022809,1883692206248350101,7140dibdnow9c7btw4b38mv5lfd5hc3hridzsyg67n3g1
The 1st Ave S Bridge has reopened to traffic at  06:10 PM on 01/28/2025,1884423743382175925,1884423743382175925,100,1885072001163022809,1883692206248350101,7140dibdnow9c7btw4b38mv5lfd5hc3hridzsyg67n3g1
The Ballard Bridge has closed to traffic at  06:32 PM on 01/28/2025,1884429284791705984,1884429284791705984,100,1885072001163022809,1883692206248350101,7140dibdnow9c7btw4b38mv5lfd5hc3hridzsyg67n3g1
The Ballard Bridge has reopened to traffic at  06:37 PM on 01/28/2025,1884430544026628226,1884430544026628226,100,1885072001163022809,1883692206248350101,7140dibdnow9c7btw4b38mv5lfd5hc3hridzsyg67n3g1
The Ballard Bridge has closed to traffic at  06:46 PM on 01/28/2025,1884432811840659701,1884432811840659701,100,1885072001163022809,1883692206248350101,7140dibdnow9c7btw4b38mv5lfd5hc3hridzsyg67n3g1
The Ballard Bridge has reopened to traffic at  06:48 PM on 01/28/2025,1884433315777896575,1884433315777896575,100,1885072001163022809,1883692206248350101,7140dibdnow9c7btw4b38mv5lfd5hc3hridzsyg67n3g1
The Ballard Bridge has closed to traffic at  06:56 PM on 01/28/2025,1884435332067909733,1884435332067909733,100,1885072001163022809,1883692206248350101,7140dibdnow9c7btw4b38mv5lfd5hc3hridzsyg67n3g1
The Ballard Bridge has reopened to traffic at  07:00 PM on 01/28/2025,1884436339699122547,1884436339699122547,100,1885072001163022809,1883692206248350101,7140dibdnow9c7btw4b38mv5lfd5hc3hridzsyg67n3g1
The Montlake Bridge has closed to traffic at  06:29 AM on 01/29/2025,1884609707031314772,1884609707031314772,100,1885072001163022809,1883692206248350101,7140dibdnow9c7btw4b38mv5lfd5hc3hridzsyg67n3g1
The Montlake Bridge has reopened to traffic at  06:35 AM on 01/29/2025,1884611219568676941,1884611219568676941,100,1885072001163022809,1883692206248350101,7140dibdnow9c7btw4b38mv5lfd5hc3hridzsyg67n3g1
The University Bridge has closed to traffic at  06:56 AM on 01/29/2025,1884616509408120888,1884616509408120888,100,1885072001163022809,1883692206248350101,7140dibdnow9c7btw4b38mv5lfd5hc3hridzsyg67n3g1
The University Bridge has reopened to traffic at  07:01 AM on 01/29/2025,1884617769020469577,1884617769020469577,100,1885072001163022809,1883692206248350101,7140dibdnow9c7btw4b38mv5lfd5hc3hridzsyg67n3g1
The Ballard Bridge has closed to traffic at  09:02 AM on 01/29/2025,1884648240307646524,1884648240307646524,100,1885072001163022809,1883692206248350101,7140dibdnow9c7btw4b38mv5lfd5hc3hridzsyg67n3g1
The Fremont Bridge has closed to traffic at  09:03 AM on 01/29/2025,1884648492586721769,1884648492586721769,100,1885072001163022809,1883692206248350101,7140dibdnow9c7btw4b38mv5lfd5hc3hridzsyg67n3g1
The Ballard Bridge has reopened to traffic at  09:07 AM on 01/29/2025,1884649500142428536,1884649500142428536,100,1885072001163022809,1883692206248350101,7140dibdnow9c7btw4b38mv5lfd5hc3hridzsyg67n3g1
The Fremont Bridge has reopened to traffic at  09:08 AM on 01/29/2025,1884649752262062270,1884649752262062270,100,1885072001163022809,1883692206248350101,7140dibdnow9c7btw4b38mv5lfd5hc3hridzsyg67n3g1
The Ballard Bridge has closed to traffic at  09:20 AM on 01/29/2025,1884652775470243922,1884652775470243922,100,1885072001163022809,1883692206248350101,7140dibdnow9c7btw4b38mv5lfd5hc3hridzsyg67n3g1
The Ballard Bridge has reopened to traffic at  09:24 AM on 01/29/2025,1884653782937874942,1884653782937874942,100,1885072001163022809,1883692206248350101,7140dibdnow9c7btw4b38mv5lfd5hc3hridzsyg67n3g1
The 1st Ave S Bridge has closed to traffic at  09:45 AM on 01/29/2025,1884659072659841448,1884659072659841448,100,1885072001163022809,1883692206248350101,7140dibdnow9c7btw4b38mv5lfd5hc3hridzsyg67n3g1
The 1st Ave S Bridge has reopened to traffic at  09:50 AM on 01/29/2025,1884660331932418508,1884660331932418508,100,1885072001163022809,1883692206248350101,7140dibdnow9c7btw4b38mv5lfd5hc3hridzsyg67n3g1
The Lower Spokane St Bridge has reopened to traffic at  10:20 AM on 01/29/2025,1884667888260563279,1884667888260563279,100,1885072001163022809,1883692206248350101,7140dibdnow9c7btw4b38mv5lfd5hc3hridzsyg67n3g1
The 1st Ave S Bridge has reopened to traffic at  10:23 AM on 01/29/2025,1884668644057374987,1884668644057374987,100,1885072001163022809,1883692206248350101,7140dibdnow9c7btw4b38mv5lfd5hc3hridzsyg67n3g1
The Lower Spokane St Bridge has reopened to traffic at  11:40 AM on 01/29/2025,1884687972374901217,1884687972374901217,100,1885072001163022809,1883692206248350101,7140dibdnow9c7btw4b38mv5lfd5hc3hridzsyg67n3g1
The 1st Ave S Bridge has reopened to traffic at  11:43 AM on 01/29/2025,1884688728171725285,1884688728171725285,100,1885072001163022809,1883692206248350101,7140dibdnow9c7btw4b38mv5lfd5hc3hridzsyg67n3g1
The Lower Spokane St Bridge has reopened to traffic at  12:38 PM on 01/29/2025,1884702581454508176,1884702581454508176,100,1885072001163022809,1883692206248350101,7140dibdnow9c7btw4b38mv5lfd5hc3hridzsyg67n3g1
The 1st Ave S Bridge has reopened to traffic at  12:41 PM on 01/29/2025,1884703337720995902,1884703337720995902,100,1885072001163022809,1883692206248350101,7140dibdnow9c7btw4b38mv5lfd5hc3hridzsyg67n3g1
The University Bridge has closed to traffic at  06:40 PM on 01/29/2025,1884793675676582367,1884793675676582367,100,1885072001163022809,1883692206248350101,7140dibdnow9c7btw4b38mv5lfd5hc3hridzsyg67n3g1
The University Bridge has reopened to traffic at  06:44 PM on 01/29/2025,1884794683286769959,1884794683286769959,100,1885072001163022809,1883692206248350101,7140dibdnow9c7btw4b38mv5lfd5hc3hridzsyg67n3g1
The Montlake Bridge has closed to traffic at  07:01 PM on 01/29/2025,1884798965553746162,1884798965553746162,100,1885072001163022809,1883692206248350101,7140dibdnow9c7btw4b38mv5lfd5hc3hridzsyg67n3g1
The Montlake Bridge has reopened to traffic at  07:06 PM on 01/29/2025,1884800224843149326,1884800224843149326,100,1885072001163022809,1883692206248350101,7140dibdnow9c7btw4b38mv5lfd5hc3hridzsyg67n3g1
The Montlake Bridge has closed to traffic at  07:38 PM on 01/29/2025,1884808283984367995,1884808283984367995,100,1885072001163022809,1883692206248350101,7140dibdnow9c7btw4b38mv5lfd5hc3hridzsyg67n3g1
The Montlake Bridge has reopened to traffic at  07:44 PM on 01/29/2025,1884809796169437280,1884809796169437280,100,1885072001163022809,1883692206248350101,7140dibdnow9c7btw4b38mv5lfd5hc3hridzsyg67n3g1
The University Bridge has closed to traffic at  07:46 PM on 01/29/2025,1884810300114997527,1884810300114997527,100,1885072001163022809,1883692206248350101,7140dibdnow9c7btw4b38mv5lfd5hc3hridzsyg67n3g1
The University Bridge has reopened to traffic at  07:51 PM on 01/29/2025,1884811559366799581,1884811559366799581,100,1885072001163022809,1883692206248350101,7140dibdnow9c7btw4b38mv5lfd5hc3hridzsyg67n3g1
The Lower Spokane St Bridge has reopened to traffic at  09:34 PM on 01/29/2025,1884837496112193894,1884837496112193894,100,1885072001163022809,1883692206248350101,7140dibdnow9c7btw4b38mv5lfd5hc3hridzsyg67n3g1
The 1st Ave S Bridge has reopened to traffic at  09:37 PM on 01/29/2025,1884838251900572088,1884838251900572088,100,1885072001163022809,1883692206248350101,7140dibdnow9c7btw4b38mv5lfd5hc3hridzsyg67n3g1
The Ballard Bridge has closed to traffic at  09:10 AM on 01/30/2025,1885012625781907607,1885012625781907607,100,1885072001163022809,1883692206248350101,7140dibdnow9c7btw4b38mv5lfd5hc3hridzsyg67n3g1
The Ballard Bridge has reopened to traffic at  09:13 AM on 01/30/2025,1885013381624799491,1885013381624799491,100,1885072001163022809,1883692206248350101,7140dibdnow9c7btw4b38mv5lfd5hc3hridzsyg67n3g1
The Fremont Bridge has closed to traffic at  09:28 AM on 01/30/2025,1885017159992304044,1885017159992304044,100,1885072001163022809,1883692206248350101,7140dibdnow9c7btw4b38mv5lfd5hc3hridzsyg67n3g1
The Fremont Bridge has reopened to traffic at  09:32 AM on 01/30/2025,1885018167426376120,1885018167426376120,100,1885072001163022809,1883692206248350101,7140dibdnow9c7btw4b38mv5lfd5hc3hridzsyg67n3g1
The Montlake Bridge has closed to traffic at  10:12 AM on 01/30/2025,1885028244132683787,1885028244132683787,100,1885072001163022809,1883692206248350101,7140dibdnow9c7btw4b38mv5lfd5hc3hridzsyg67n3g1
The Montlake Bridge has reopened to traffic at  10:18 AM on 01/30/2025,1885029756401508516,1885029756401508516,100,1885072001163022809,1883692206248350101,7140dibdnow9c7btw4b38mv5lfd5hc3hridzsyg67n3g1
The Fremont Bridge has closed to traffic at  11:00 AM on 01/30/2025,1885040333639344492,1885040333639344492,100,1885072001163022809,1883692206248350101,7140dibdnow9c7btw4b38mv5lfd5hc3hridzsyg67n3g1
The Fremont Bridge has reopened to traffic at  11:05 AM on 01/30/2025,1885041592924512765,1885041592924512765,100,1885072001163022809,1883692206248350101,7140dibdnow9c7btw4b38mv5lfd5hc3hridzsyg67n3g1
The Ballard Bridge has closed to traffic at  11:30 AM on 01/30/2025,1885047888805585402,1885047888805585402,100,1885072001163022809,1883692206248350101,7140dibdnow9c7btw4b38mv5lfd5hc3hridzsyg67n3g1
The Ballard Bridge has reopened to traffic at  11:33 AM on 01/30/2025,1885048644547862579,1885048644547862579,100,1885072001163022809,1883692206248350101,7140dibdnow9c7btw4b38mv5lfd5hc3hridzsyg67n3g1
The Montlake Bridge has closed to traffic at  01:01 PM on 01/30/2025,1885070741965832663,1885070741965832663,100,1885072001163022809,1883692206248350101,7140dibdnow9c7btw4b38mv5lfd5hc3hridzsyg67n3g1
The Montlake Bridge has reopened to traffic at  01:06 PM on 01/30/2025,1885072001163022809,1885072001163022809,100,1885072001163022809,1883692206248350101,7140dibdnow9c7btw4b38mv5lfd5hc3hridzsyg67n3g1
The University Bridge has closed to traffic at  01:45 PM on 01/30/2025,1885081822520107516,1885081822520107516,100,1887245108300652917,1885081822520107516,7140dibdnow9c7btw4b38r2t407gjesb0feknv62naa7q
The University Bridge has reopened to traffic at  01:51 PM on 01/30/2025,1885083334742859793,1885083334742859793,100,1887245108300652917,1885081822520107516,7140dibdnow9c7btw4b38r2t407gjesb0feknv62naa7q
The Montlake Bridge has closed to traffic at  02:01 PM on 01/30/2025,1885085854328381546,1885085854328381546,100,1887245108300652917,1885081822520107516,7140dibdnow9c7btw4b38r2t407gjesb0feknv62naa7q
The Montlake Bridge has reopened to traffic at  02:07 PM on 01/30/2025,1885087368576983175,1885087368576983175,100,1887245108300652917,1885081822520107516,7140dibdnow9c7btw4b38r2t407gjesb0feknv62naa7q
The 1st Ave S Bridge has closed to traffic at  03:34 PM on 01/30/2025,1885109278534754424,1885109278534754424,100,1887245108300652917,1885081822520107516,7140dibdnow9c7btw4b38r2t407gjesb0feknv62naa7q
The 1st Ave S Bridge has reopened to traffic at  03:42 PM on 01/30/2025,1885111294841544760,1885111294841544760,100,1887245108300652917,1885081822520107516,7140dibdnow9c7btw4b38r2t407gjesb0feknv62naa7q
The Montlake Bridge has reopened to traffic at  05:36 PM on 01/30/2025,1885140001064968223,1885140001064968223,100,1887245108300652917,1885081822520107516,7140dibdnow9c7btw4b38r2t407gjesb0feknv62naa7q
The Montlake Bridge has reopened to traffic at  05:40 PM on 01/30/2025,1885141008587120817,1885141008587120817,100,1887245108300652917,1885081822520107516,7140dibdnow9c7btw4b38r2t407gjesb0feknv62naa7q
The Montlake Bridge has reopened to traffic at  09:26 PM on 01/30/2025,1885197858561024208,1885197858561024208,100,1887245108300652917,1885081822520107516,7140dibdnow9c7btw4b38r2t407gjesb0feknv62naa7q
The Montlake Bridge has reopened to traffic at  11:50 PM on 01/30/2025,1885234118939861127,1885234118939861127,100,1887245108300652917,1885081822520107516,7140dibdnow9c7btw4b38r2t407gjesb0feknv62naa7q
The Montlake Bridge has reopened to traffic at  02:12 AM on 01/31/2025,1885269826299715864,1885269826299715864,100,1887245108300652917,1885081822520107516,7140dibdnow9c7btw4b38r2t407gjesb0feknv62naa7q
The Fremont Bridge has closed to traffic at  10:36 AM on 01/31/2025,1885396672236445842,1885396672236445842,100,1887245108300652917,1885081822520107516,7140dibdnow9c7btw4b38r2t407gjesb0feknv62naa7q
The Fremont Bridge has reopened to traffic at  10:41 AM on 01/31/2025,1885397931592925648,1885397931592925648,100,1887245108300652917,1885081822520107516,7140dibdnow9c7btw4b38r2t407gjesb0feknv62naa7q
The Fremont Bridge has closed to traffic at  11:27 AM on 01/31/2025,1885409515795079207,1885409515795079207,100,1887245108300652917,1885081822520107516,7140dibdnow9c7btw4b38r2t407gjesb0feknv62naa7q
The Fremont Bridge has reopened to traffic at  11:31 AM on 01/31/2025,1885410523187208439,1885410523187208439,100,1887245108300652917,1885081822520107516,7140dibdnow9c7btw4b38r2t407gjesb0feknv62naa7q
The Fremont Bridge has closed to traffic at  12:02 PM on 01/31/2025,1885418330259075488,1885418330259075488,100,1887245108300652917,1885081822520107516,7140dibdnow9c7btw4b38r2t407gjesb0feknv62naa7q
The Fremont Bridge has reopened to traffic at  12:07 PM on 01/31/2025,1885419589502460253,1885419589502460253,100,1887245108300652917,1885081822520107516,7140dibdnow9c7btw4b38r2t407gjesb0feknv62naa7q
The 1st Ave S Bridge has closed to traffic at  07:00 AM on 02/01/2025,1885704687594377261,1885704687594377261,100,1887245108300652917,1885081822520107516,7140dibdnow9c7btw4b38r2t407gjesb0feknv62naa7q
The 1st Ave S Bridge has reopened to traffic at  07:06 AM on 02/01/2025,1885706199846576537,1885706199846576537,100,1887245108300652917,1885081822520107516,7140dibdnow9c7btw4b38r2t407gjesb0feknv62naa7q
The 1st Ave S Bridge has closed to traffic at  11:13 AM on 02/01/2025,1885768332361728340,1885768332361728340,100,1887245108300652917,1885081822520107516,7140dibdnow9c7btw4b38r2t407gjesb0feknv62naa7q
The 1st Ave S Bridge has reopened to traffic at  11:22 AM on 02/01/2025,1885770600045777279,1885770600045777279,100,1887245108300652917,1885081822520107516,7140dibdnow9c7btw4b38r2t407gjesb0feknv62naa7q
The Fremont Bridge has closed to traffic at  12:14 PM on 02/01/2025,1885783695333953707,1885783695333953707,100,1887245108300652917,1885081822520107516,7140dibdnow9c7btw4b38r2t407gjesb0feknv62naa7q
The Fremont Bridge has reopened to traffic at  12:19 PM on 02/01/2025,1885784954661171322,1885784954661171322,100,1887245108300652917,1885081822520107516,7140dibdnow9c7btw4b38r2t407gjesb0feknv62naa7q
The Fremont Bridge has closed to traffic at  01:21 PM on 02/01/2025,1885800568905708026,1885800568905708026,100,1887245108300652917,1885081822520107516,7140dibdnow9c7btw4b38r2t407gjesb0feknv62naa7q
The Fremont Bridge has reopened to traffic at  01:25 PM on 02/01/2025,1885801576465674478,1885801576465674478,100,1887245108300652917,1885081822520107516,7140dibdnow9c7btw4b38r2t407gjesb0feknv62naa7q
The 1st Ave S Bridge has closed to traffic at  05:45 AM on 02/02/2025,1886048212328558839,1886048212328558839,100,1887245108300652917,1885081822520107516,7140dibdnow9c7btw4b38r2t407gjesb0feknv62naa7q
The 1st Ave S Bridge has reopened to traffic at  05:56 AM on 02/02/2025,1886050983794602073,1886050983794602073,100,1887245108300652917,1885081822520107516,7140dibdnow9c7btw4b38r2t407gjesb0feknv62naa7q
The 1st Ave S Bridge has closed to traffic at  08:05 AM on 02/02/2025,1886083467597017286,1886083467597017286,100,1887245108300652917,1885081822520107516,7140dibdnow9c7btw4b38r2t407gjesb0feknv62naa7q
The 1st Ave S Bridge has reopened to traffic at  08:12 AM on 02/02/2025,1886085232040051019,1886085232040051019,100,1887245108300652917,1885081822520107516,7140dibdnow9c7btw4b38r2t407gjesb0feknv62naa7q
The 1st Ave S Bridge has closed to traffic at  10:35 AM on 02/02/2025,1886121179909697656,1886121179909697656,100,1887245108300652917,1885081822520107516,7140dibdnow9c7btw4b38r2t407gjesb0feknv62naa7q
The 1st Ave S Bridge has reopened to traffic at  10:45 AM on 02/02/2025,1886123701697143258,1886123701697143258,100,1887245108300652917,1885081822520107516,7140dibdnow9c7btw4b38r2t407gjesb0feknv62naa7q
The University Bridge has closed to traffic at  11:59 AM on 02/02/2025,1886142335958061095,1886142335958061095,100,1887245108300652917,1885081822520107516,7140dibdnow9c7btw4b38r2t407gjesb0feknv62naa7q
The University Bridge has reopened to traffic at  12:03 PM on 02/02/2025,1886143343555698905,1886143343555698905,100,1887245108300652917,1885081822520107516,7140dibdnow9c7btw4b38r2t407gjesb0feknv62naa7q
The University Bridge has closed to traffic at  12:19 PM on 02/02/2025,1886147374185402838,1886147374185402838,100,1887245108300652917,1885081822520107516,7140dibdnow9c7btw4b38r2t407gjesb0feknv62naa7q
The University Bridge has reopened to traffic at  12:23 PM on 02/02/2025,1886148381648761048,1886148381648761048,100,1887245108300652917,1885081822520107516,7140dibdnow9c7btw4b38r2t407gjesb0feknv62naa7q
The Ballard Bridge has closed to traffic at  12:57 PM on 02/02/2025,1886156944941121678,1886156944941121678,100,1887245108300652917,1885081822520107516,7140dibdnow9c7btw4b38r2t407gjesb0feknv62naa7q
The Ballard Bridge has reopened to traffic at  01:01 PM on 02/02/2025,1886157952526303233,1886157952526303233,100,1887245108300652917,1885081822520107516,7140dibdnow9c7btw4b38r2t407gjesb0feknv62naa7q
The Fremont Bridge has closed to traffic at  01:21 PM on 02/02/2025,1886162990887788644,1886162990887788644,100,1887245108300652917,1885081822520107516,7140dibdnow9c7btw4b38r2t407gjesb0feknv62naa7q
The Fremont Bridge has reopened to traffic at  01:25 PM on 02/02/2025,1886163998388912221,1886163998388912221,100,1887245108300652917,1885081822520107516,7140dibdnow9c7btw4b38r2t407gjesb0feknv62naa7q
The University Bridge has closed to traffic at  02:14 PM on 02/02/2025,1886176276869996990,1886176276869996990,100,1887245108300652917,1885081822520107516,7140dibdnow9c7btw4b38r2t407gjesb0feknv62naa7q
The University Bridge has reopened to traffic at  02:17 PM on 02/02/2025,1886177032792580303,1886177032792580303,100,1887245108300652917,1885081822520107516,7140dibdnow9c7btw4b38r2t407gjesb0feknv62naa7q
The University Bridge has closed to traffic at  03:15 PM on 02/02/2025,1886191639133315435,1886191639133315435,100,1887245108300652917,1885081822520107516,7140dibdnow9c7btw4b38r2t407gjesb0feknv62naa7q
The University Bridge has reopened to traffic at  03:18 PM on 02/02/2025,1886192394972062073,1886192394972062073,100,1887245108300652917,1885081822520107516,7140dibdnow9c7btw4b38r2t407gjesb0feknv62naa7q
The 1st Ave S Bridge has closed to traffic at  03:16 AM on 02/03/2025,1886373074620305699,1886373074620305699,100,1887245108300652917,1885081822520107516,7140dibdnow9c7btw4b38r2t407gjesb0feknv62naa7q
The 1st Ave S Bridge has reopened to traffic at  03:36 AM on 02/03/2025,1886378112088449107,1886378112088449107,100,1887245108300652917,1885081822520107516,7140dibdnow9c7btw4b38r2t407gjesb0feknv62naa7q
The 1st Ave S Bridge has closed to traffic at  05:35 AM on 02/03/2025,1886408078297649220,1886408078297649220,100,1887245108300652917,1885081822520107516,7140dibdnow9c7btw4b38r2t407gjesb0feknv62naa7q
The 1st Ave S Bridge has reopened to traffic at  05:45 AM on 02/03/2025,1886410598310985984,1886410598310985984,100,1887245108300652917,1885081822520107516,7140dibdnow9c7btw4b38r2t407gjesb0feknv62naa7q
The 1st Ave S Bridge has closed to traffic at  09:02 AM on 02/03/2025,1886460141664690669,1886460141664690669,100,1887245108300652917,1885081822520107516,7140dibdnow9c7btw4b38r2t407gjesb0feknv62naa7q
The 1st Ave S Bridge has reopened to traffic at  09:08 AM on 02/03/2025,1886461654596297162,1886461654596297162,100,1887245108300652917,1885081822520107516,7140dibdnow9c7btw4b38r2t407gjesb0feknv62naa7q
The 1st Ave S Bridge has closed to traffic at  09:27 AM on 02/03/2025,1886466440603295755,1886466440603295755,100,1887245108300652917,1885081822520107516,7140dibdnow9c7btw4b38r2t407gjesb0feknv62naa7q
The 1st Ave S Bridge has reopened to traffic at  09:37 AM on 02/03/2025,1886468960419504620,1886468960419504620,100,1887245108300652917,1885081822520107516,7140dibdnow9c7btw4b38r2t407gjesb0feknv62naa7q
The University Bridge has closed to traffic at  11:32 AM on 02/03/2025,1886497918536048950,1886497918536048950,100,1887245108300652917,1885081822520107516,7140dibdnow9c7btw4b38r2t407gjesb0feknv62naa7q
The University Bridge has reopened to traffic at  11:36 AM on 02/03/2025,1886498926385356852,1886498926385356852,100,1887245108300652917,1885081822520107516,7140dibdnow9c7btw4b38r2t407gjesb0feknv62naa7q
The Fremont Bridge has closed to traffic at  12:11 PM on 02/03/2025,1886507743491842476,1886507743491842476,100,1887245108300652917,1885081822520107516,7140dibdnow9c7btw4b38r2t407gjesb0feknv62naa7q
The Fremont Bridge has reopened to traffic at  12:18 PM on 02/03/2025,1886509507754545648,1886509507754545648,100,1887245108300652917,1885081822520107516,7140dibdnow9c7btw4b38r2t407gjesb0feknv62naa7q
The Ballard Bridge has closed to traffic at  01:13 PM on 02/03/2025,1886523359489577385,1886523359489577385,100,1887245108300652917,1885081822520107516,7140dibdnow9c7btw4b38r2t407gjesb0feknv62naa7q
The Ballard Bridge has reopened to traffic at  01:15 PM on 02/03/2025,1886523863611400630,1886523863611400630,100,1887245108300652917,1885081822520107516,7140dibdnow9c7btw4b38r2t407gjesb0feknv62naa7q
The Fremont Bridge has closed to traffic at  03:22 PM on 02/03/2025,1886555790351458649,1886555790351458649,100,1887245108300652917,1885081822520107516,7140dibdnow9c7btw4b38r2t407gjesb0feknv62naa7q
The Fremont Bridge has reopened to traffic at  03:26 PM on 02/03/2025,1886556797965885594,1886556797965885594,100,1887245108300652917,1885081822520107516,7140dibdnow9c7btw4b38r2t407gjesb0feknv62naa7q
The 1st Ave S Bridge has closed to traffic at  07:26 PM on 02/03/2025,1886617232123580867,1886617232123580867,100,1887245108300652917,1885081822520107516,7140dibdnow9c7btw4b38r2t407gjesb0feknv62naa7q
The 1st Ave S Bridge has reopened to traffic at  07:35 PM on 02/03/2025,1886619499983724988,1886619499983724988,100,1887245108300652917,1885081822520107516,7140dibdnow9c7btw4b38r2t407gjesb0feknv62naa7q
The 1st Ave S Bridge has closed to traffic at  09:01 AM on 02/04/2025,1886822283433382082,1886822283433382082,100,1887245108300652917,1885081822520107516,7140dibdnow9c7btw4b38r2t407gjesb0feknv62naa7q
The Fremont Bridge has closed to traffic at  09:05 AM on 02/04/2025,1886823291416953211,1886823291416953211,100,1887245108300652917,1885081822520107516,7140dibdnow9c7btw4b38r2t407gjesb0feknv62naa7q
The Fremont Bridge has reopened to traffic at  09:09 AM on 02/04/2025,1886824299136172239,1886824299136172239,100,1887245108300652917,1885081822520107516,7140dibdnow9c7btw4b38r2t407gjesb0feknv62naa7q
The 1st Ave S Bridge has reopened to traffic at  09:14 AM on 02/04/2025,1886825559373570345,1886825559373570345,100,1887245108300652917,1885081822520107516,7140dibdnow9c7btw4b38r2t407gjesb0feknv62naa7q
The 1st Ave S Bridge has closed to traffic at  09:19 AM on 02/04/2025,1886826820852432979,1886826820852432979,100,1887245108300652917,1885081822520107516,7140dibdnow9c7btw4b38r2t407gjesb0feknv62naa7q
The Ballard Bridge has closed to traffic at  09:23 AM on 02/04/2025,1886827828710129797,1886827828710129797,100,1887245108300652917,1885081822520107516,7140dibdnow9c7btw4b38r2t407gjesb0feknv62naa7q
The Ballard Bridge has reopened to traffic at  09:27 AM on 02/04/2025,1886828836513362010,1886828836513362010,100,1887245108300652917,1885081822520107516,7140dibdnow9c7btw4b38r2t407gjesb0feknv62naa7q
The 1st Ave S Bridge has reopened to traffic at  09:32 AM on 02/04/2025,1886830096230527125,1886830096230527125,100,1887245108300652917,1885081822520107516,7140dibdnow9c7btw4b38r2t407gjesb0feknv62naa7q
The Fremont Bridge has closed to traffic at  11:22 AM on 02/04/2025,1886857798165594608,1886857798165594608,100,1887245108300652917,1885081822520107516,7140dibdnow9c7btw4b38r2t407gjesb0feknv62naa7q
The Fremont Bridge has reopened to traffic at  11:27 AM on 02/04/2025,1886859058021335148,1886859058021335148,100,1887245108300652917,1885081822520107516,7140dibdnow9c7btw4b38r2t407gjesb0feknv62naa7q
The Ballard Bridge has closed to traffic at  11:40 AM on 02/04/2025,1886862334280298540,1886862334280298540,100,1887245108300652917,1885081822520107516,7140dibdnow9c7btw4b38r2t407gjesb0feknv62naa7q
The Montlake Bridge has closed to traffic at  11:40 AM on 02/04/2025,1886862335026893263,1886862335026893263,100,1887245108300652917,1885081822520107516,7140dibdnow9c7btw4b38r2t407gjesb0feknv62naa7q
The Ballard Bridge has reopened to traffic at  11:44 AM on 02/04/2025,1886863342876123374,1886863342876123374,100,1887245108300652917,1885081822520107516,7140dibdnow9c7btw4b38r2t407gjesb0feknv62naa7q
The Montlake Bridge has reopened to traffic at  11:46 AM on 02/04/2025,1886863847299977408,1886863847299977408,100,1887245108300652917,1885081822520107516,7140dibdnow9c7btw4b38r2t407gjesb0feknv62naa7q
The University Bridge has closed to traffic at  11:50 AM on 02/04/2025,1886864855396696114,1886864855396696114,100,1887245108300652917,1885081822520107516,7140dibdnow9c7btw4b38r2t407gjesb0feknv62naa7q
The 1st Ave S Bridge has closed to traffic at  11:55 AM on 02/04/2025,1886866115134955764,1886866115134955764,100,1887245108300652917,1885081822520107516,7140dibdnow9c7btw4b38r2t407gjesb0feknv62naa7q
The University Bridge has reopened to traffic at  11:55 AM on 02/04/2025,1886866117680894007,1886866117680894007,100,1887245108300652917,1885081822520107516,7140dibdnow9c7btw4b38r2t407gjesb0feknv62naa7q
The 1st Ave S Bridge has reopened to traffic at  12:07 PM on 02/04/2025,1886869142029893802,1886869142029893802,100,1887245108300652917,1885081822520107516,7140dibdnow9c7btw4b38r2t407gjesb0feknv62naa7q
The Fremont Bridge has closed to traffic at  12:08 PM on 02/04/2025,1886869394526970151,1886869394526970151,100,1887245108300652917,1885081822520107516,7140dibdnow9c7btw4b38r2t407gjesb0feknv62naa7q
The Fremont Bridge has reopened to traffic at  12:13 PM on 02/04/2025,1886870654386937908,1886870654386937908,100,1887245108300652917,1885081822520107516,7140dibdnow9c7btw4b38r2t407gjesb0feknv62naa7q
The 1st Ave S Bridge has closed to traffic at  12:54 PM on 02/04/2025,1886880919086129645,1886880919086129645,100,1887245108300652917,1885081822520107516,7140dibdnow9c7btw4b38r2t407gjesb0feknv62naa7q
The 1st Ave S Bridge has reopened to traffic at  01:06 PM on 02/04/2025,1886883943015755888,1886883943015755888,100,1887245108300652917,1885081822520107516,7140dibdnow9c7btw4b38r2t407gjesb0feknv62naa7q
The 1st Ave S Bridge has closed to traffic at  01:54 PM on 02/04/2025,1886896032333578422,1886896032333578422,100,1887245108300652917,1885081822520107516,7140dibdnow9c7btw4b38r2t407gjesb0feknv62naa7q
The 1st Ave S Bridge has reopened to traffic at  02:05 PM on 02/04/2025,1886898804332384477,1886898804332384477,100,1887245108300652917,1885081822520107516,7140dibdnow9c7btw4b38r2t407gjesb0feknv62naa7q
The 1st Ave S Bridge has closed to traffic at  02:28 PM on 02/04/2025,1886904599237230788,1886904599237230788,100,1887245108300652917,1885081822520107516,7140dibdnow9c7btw4b38r2t407gjesb0feknv62naa7q
The 1st Ave S Bridge has reopened to traffic at  02:37 PM on 02/04/2025,1886906867755913539,1886906867755913539,100,1887245108300652917,1885081822520107516,7140dibdnow9c7btw4b38r2t407gjesb0feknv62naa7q
The Fremont Bridge has closed to traffic at  03:24 PM on 02/04/2025,1886918707214962882,1886918707214962882,100,1887245108300652917,1885081822520107516,7140dibdnow9c7btw4b38r2t407gjesb0feknv62naa7q
The Fremont Bridge has reopened to traffic at  03:27 PM on 02/04/2025,1886919463699660947,1886919463699660947,100,1887245108300652917,1885081822520107516,7140dibdnow9c7btw4b38r2t407gjesb0feknv62naa7q
The 1st Ave S Bridge has closed to traffic at  06:11 PM on 02/04/2025,1886960711084982523,1886960711084982523,100,1887245108300652917,1885081822520107516,7140dibdnow9c7btw4b38r2t407gjesb0feknv62naa7q
The 1st Ave S Bridge has reopened to traffic at  06:21 PM on 02/04/2025,1886963231819788386,1886963231819788386,100,1887245108300652917,1885081822520107516,7140dibdnow9c7btw4b38r2t407gjesb0feknv62naa7q
The 1st Ave S Bridge has reopened to traffic at  11:00 PM on 02/04/2025,1887033427544957267,1887033427544957267,100,1887245108300652917,1885081822520107516,7140dibdnow9c7btw4b38r2t407gjesb0feknv62naa7q
The 1st Ave S Bridge has closed to traffic at  11:07 AM on 02/05/2025,1887216393663500649,1887216393663500649,100,1887245108300652917,1885081822520107516,7140dibdnow9c7btw4b38r2t407gjesb0feknv62naa7q
The Ballard Bridge has closed to traffic at  11:15 AM on 02/05/2025,1887218409777369159,1887218409777369159,100,1887245108300652917,1885081822520107516,7140dibdnow9c7btw4b38r2t407gjesb0feknv62naa7q
The Ballard Bridge has reopened to traffic at  11:19 AM on 02/05/2025,1887219417328808185,1887219417328808185,100,1887245108300652917,1885081822520107516,7140dibdnow9c7btw4b38r2t407gjesb0feknv62naa7q
The 1st Ave S Bridge has reopened to traffic at  11:21 AM on 02/05/2025,1887219921278673115,1887219921278673115,100,1887245108300652917,1885081822520107516,7140dibdnow9c7btw4b38r2t407gjesb0feknv62naa7q
The 1st Ave S Bridge has closed to traffic at  12:29 PM on 02/05/2025,1887237044654776725,1887237044654776725,100,1887245108300652917,1885081822520107516,7140dibdnow9c7btw4b38r2t407gjesb0feknv62naa7q
The 1st Ave S Bridge has reopened to traffic at  12:38 PM on 02/05/2025,1887239312821158392,1887239312821158392,100,1887245108300652917,1885081822520107516,7140dibdnow9c7btw4b38r2t407gjesb0feknv62naa7q
The 1st Ave S Bridge has closed to traffic at  12:55 PM on 02/05/2025,1887243595369029863,1887243595369029863,100,1887245108300652917,1885081822520107516,7140dibdnow9c7btw4b38r2t407gjesb0feknv62naa7q
The Ballard Bridge has closed to traffic at  01:01 PM on 02/05/2025,1887245108300652917,1887245108300652917,100,1887245108300652917,1885081822520107516,7140dibdnow9c7btw4b38r2t407gjesb0feknv62naa7q
The Ballard Bridge has reopened to traffic at  01:03 PM on 02/05/2025,1887245612468654204,1887245612468654204,100,1888673225305190871,1887245612468654204,7140dibdnow9c7btw4b38vcuth8nhl9sn9qtsx9cz55x0
The 1st Ave S Bridge has reopened to traffic at  01:05 PM on 02/05/2025,1887246116359741687,1887246116359741687,100,1888673225305190871,1887245612468654204,7140dibdnow9c7btw4b38vcuth8nhl9sn9qtsx9cz55x0
The 1st Ave S Bridge has closed to traffic at  01:24 PM on 02/05/2025,1887250902517752273,1887250902517752273,100,1888673225305190871,1887245612468654204,7140dibdnow9c7btw4b38vcuth8nhl9sn9qtsx9cz55x0
The 1st Ave S Bridge has reopened to traffic at  01:33 PM on 02/05/2025,1887253171795525768,1887253171795525768,100,1888673225305190871,1887245612468654204,7140dibdnow9c7btw4b38vcuth8nhl9sn9qtsx9cz55x0
The Fremont Bridge has closed to traffic at  03:23 PM on 02/05/2025,1887280818697216272,1887280818697216272,100,1888673225305190871,1887245612468654204,7140dibdnow9c7btw4b38vcuth8nhl9sn9qtsx9cz55x0
The Fremont Bridge has reopened to traffic at  03:27 PM on 02/05/2025,1887281826403917922,1887281826403917922,100,1888673225305190871,1887245612468654204,7140dibdnow9c7btw4b38vcuth8nhl9sn9qtsx9cz55x0
The 1st Ave S Bridge has closed to traffic at  06:04 PM on 02/05/2025,1887321359585567081,1887321359585567081,100,1888673225305190871,1887245612468654204,7140dibdnow9c7btw4b38vcuth8nhl9sn9qtsx9cz55x0
The 1st Ave S Bridge has reopened to traffic at  06:19 PM on 02/05/2025,1887325138284388634,1887325138284388634,100,1888673225305190871,1887245612468654204,7140dibdnow9c7btw4b38vcuth8nhl9sn9qtsx9cz55x0
The 1st Ave S Bridge has closed to traffic at  01:51 AM on 02/06/2025,1887438895870321065,1887438895870321065,100,1888673225305190871,1887245612468654204,7140dibdnow9c7btw4b38vcuth8nhl9sn9qtsx9cz55x0
The 1st Ave S Bridge has reopened to traffic at  02:00 AM on 02/06/2025,1887441163726307402,1887441163726307402,100,1888673225305190871,1887245612468654204,7140dibdnow9c7btw4b38vcuth8nhl9sn9qtsx9cz55x0
The 1st Ave S Bridge has closed to traffic at  09:09 AM on 02/06/2025,1887549126449242316,1887549126449242316,100,1888673225305190871,1887245612468654204,7140dibdnow9c7btw4b38vcuth8nhl9sn9qtsx9cz55x0
The 1st Ave S Bridge has reopened to traffic at  09:19 AM on 02/06/2025,1887551588094632261,1887551588094632261,100,1888673225305190871,1887245612468654204,7140dibdnow9c7btw4b38vcuth8nhl9sn9qtsx9cz55x0
The 1st Ave S Bridge has closed to traffic at  11:03 AM on 02/06/2025,1887577778293506084,1887577778293506084,100,1888673225305190871,1887245612468654204,7140dibdnow9c7btw4b38vcuth8nhl9sn9qtsx9cz55x0
The 1st Ave S Bridge has reopened to traffic at  11:10 AM on 02/06/2025,1887579542925287706,1887579542925287706,100,1888673225305190871,1887245612468654204,7140dibdnow9c7btw4b38vcuth8nhl9sn9qtsx9cz55x0
The Montlake Bridge has closed to traffic at  11:20 AM on 02/06/2025,1887582062712111385,1887582062712111385,100,1888673225305190871,1887245612468654204,7140dibdnow9c7btw4b38vcuth8nhl9sn9qtsx9cz55x0
The Montlake Bridge has reopened to traffic at  11:26 AM on 02/06/2025,1887583574960054666,1887583574960054666,100,1888673225305190871,1887245612468654204,7140dibdnow9c7btw4b38vcuth8nhl9sn9qtsx9cz55x0
The Fremont Bridge has closed to traffic at  11:38 AM on 02/06/2025,1887586598407266790,1887586598407266790,100,1888673225305190871,1887245612468654204,7140dibdnow9c7btw4b38vcuth8nhl9sn9qtsx9cz55x0
The Fremont Bridge has reopened to traffic at  11:42 AM on 02/06/2025,1887587606013370727,1887587606013370727,100,1888673225305190871,1887245612468654204,7140dibdnow9c7btw4b38vcuth8nhl9sn9qtsx9cz55x0
The 1st Ave S Bridge has closed to traffic at  01:35 PM on 02/06/2025,1887616060679200827,1887616060679200827,100,1888673225305190871,1887245612468654204,7140dibdnow9c7btw4b38vcuth8nhl9sn9qtsx9cz55x0
The Fremont Bridge has closed to traffic at  01:36 PM on 02/06/2025,1887616313016922528,1887616313016922528,100,1888673225305190871,1887245612468654204,7140dibdnow9c7btw4b38vcuth8nhl9sn9qtsx9cz55x0
The Fremont Bridge has reopened to traffic at  01:41 PM on 02/06/2025,1887617572532842875,1887617572532842875,100,1888673225305190871,1887245612468654204,7140dibdnow9c7btw4b38vcuth8nhl9sn9qtsx9cz55x0
The 1st Ave S Bridge has reopened to traffic at  01:48 PM on 02/06/2025,1887619336967495925,1887619336967495925,100,1888673225305190871,1887245612468654204,7140dibdnow9c7btw4b38vcuth8nhl9sn9qtsx9cz55x0
The 1st Ave S Bridge has closed to traffic at  02:24 PM on 02/06/2025,1887628341316100162,1887628341316100162,100,1888673225305190871,1887245612468654204,7140dibdnow9c7btw4b38vcuth8nhl9sn9qtsx9cz55x0
The 1st Ave S Bridge has reopened to traffic at  02:32 PM on 02/06/2025,1887630358197510515,1887630358197510515,100,1888673225305190871,1887245612468654204,7140dibdnow9c7btw4b38vcuth8nhl9sn9qtsx9cz55x0
The 1st Ave S Bridge has closed to traffic at  06:43 PM on 02/06/2025,1887693567075963069,1887693567075963069,100,1888673225305190871,1887245612468654204,7140dibdnow9c7btw4b38vcuth8nhl9sn9qtsx9cz55x0
The 1st Ave S Bridge has reopened to traffic at  06:53 PM on 02/06/2025,1887696086787367264,1887696086787367264,100,1888673225305190871,1887245612468654204,7140dibdnow9c7btw4b38vcuth8nhl9sn9qtsx9cz55x0
The Montlake Bridge has reopened to traffic at  07:03 PM on 02/06/2025,1887698606653948384,1887698606653948384,100,1888673225305190871,1887245612468654204,7140dibdnow9c7btw4b38vcuth8nhl9sn9qtsx9cz55x0
The University Bridge has closed to traffic at  10:02 PM on 02/06/2025,1887743618120917191,1887743618120917191,100,1888673225305190871,1887245612468654204,7140dibdnow9c7btw4b38vcuth8nhl9sn9qtsx9cz55x0
The University Bridge has reopened to traffic at  10:07 PM on 02/06/2025,1887744877628399723,1887744877628399723,100,1888673225305190871,1887245612468654204,7140dibdnow9c7btw4b38vcuth8nhl9sn9qtsx9cz55x0
The 1st Ave S Bridge has closed to traffic at  05:57 AM on 02/07/2025,1887863181600772157,1887863181600772157,100,1888673225305190871,1887245612468654204,7140dibdnow9c7btw4b38vcuth8nhl9sn9qtsx9cz55x0
The 1st Ave S Bridge has reopened to traffic at  06:06 AM on 02/07/2025,1887865449783894197,1887865449783894197,100,1888673225305190871,1887245612468654204,7140dibdnow9c7btw4b38vcuth8nhl9sn9qtsx9cz55x0
The University Bridge has closed to traffic at  09:44 AM on 02/07/2025,1887920284117946660,1887920284117946660,100,1888673225305190871,1887245612468654204,7140dibdnow9c7btw4b38vcuth8nhl9sn9qtsx9cz55x0
The University Bridge has reopened to traffic at  09:48 AM on 02/07/2025,1887921292361564360,1887921292361564360,100,1888673225305190871,1887245612468654204,7140dibdnow9c7btw4b38vcuth8nhl9sn9qtsx9cz55x0
The Fremont Bridge has closed to traffic at  10:01 AM on 02/07/2025,1887924567852872080,1887924567852872080,100,1888673225305190871,1887245612468654204,7140dibdnow9c7btw4b38vcuth8nhl9sn9qtsx9cz55x0
The Fremont Bridge has reopened to traffic at  10:05 AM on 02/07/2025,1887925575765082480,1887925575765082480,100,1888673225305190871,1887245612468654204,7140dibdnow9c7btw4b38vcuth8nhl9sn9qtsx9cz55x0
The Ballard Bridge has closed to traffic at  10:16 AM on 02/07/2025,1887928347369554010,1887928347369554010,100,1888673225305190871,1887245612468654204,7140dibdnow9c7btw4b38vcuth8nhl9sn9qtsx9cz55x0
The Ballard Bridge has reopened to traffic at  10:19 AM on 02/07/2025,1887929103237710019,1887929103237710019,100,1888673225305190871,1887245612468654204,7140dibdnow9c7btw4b38vcuth8nhl9sn9qtsx9cz55x0
The 1st Ave S Bridge has closed to traffic at  11:40 AM on 02/07/2025,1887949501459218817,1887949501459218817,100,1888673225305190871,1887245612468654204,7140dibdnow9c7btw4b38vcuth8nhl9sn9qtsx9cz55x0
The 1st Ave S Bridge has reopened to traffic at  11:51 AM on 02/07/2025,1887952273059496444,1887952273059496444,100,1888673225305190871,1887245612468654204,7140dibdnow9c7btw4b38vcuth8nhl9sn9qtsx9cz55x0
The 1st Ave S Bridge has closed to traffic at  06:21 PM on 02/07/2025,1888050415004254618,1888050415004254618,100,1888673225305190871,1887245612468654204,7140dibdnow9c7btw4b38vcuth8nhl9sn9qtsx9cz55x0
The 1st Ave S Bridge has reopened to traffic at  06:32 PM on 02/07/2025,1888053186277290324,1888053186277290324,100,1888673225305190871,1887245612468654204,7140dibdnow9c7btw4b38vcuth8nhl9sn9qtsx9cz55x0
The 1st Ave S Bridge has closed to traffic at  10:42 PM on 02/07/2025,1888116075600257037,1888116075600257037,100,1888673225305190871,1887245612468654204,7140dibdnow9c7btw4b38vcuth8nhl9sn9qtsx9cz55x0
The 1st Ave S Bridge has reopened to traffic at  10:50 PM on 02/07/2025,1888118091638534321,1888118091638534321,100,1888673225305190871,1887245612468654204,7140dibdnow9c7btw4b38vcuth8nhl9sn9qtsx9cz55x0
The 1st Ave S Bridge has closed to traffic at  07:30 AM on 02/08/2025,1888248985611301321,1888248985611301321,100,1888673225305190871,1887245612468654204,7140dibdnow9c7btw4b38vcuth8nhl9sn9qtsx9cz55x0
The 1st Ave S Bridge has reopened to traffic at  07:37 AM on 02/08/2025,1888250750821871771,1888250750821871771,100,1888673225305190871,1887245612468654204,7140dibdnow9c7btw4b38vcuth8nhl9sn9qtsx9cz55x0
The Fremont Bridge has closed to traffic at  08:23 AM on 02/08/2025,1888262274072371218,1888262274072371218,100,1888673225305190871,1887245612468654204,7140dibdnow9c7btw4b38vcuth8nhl9sn9qtsx9cz55x0
The Fremont Bridge has reopened to traffic at  08:27 AM on 02/08/2025,1888263281535754406,1888263281535754406,100,1888673225305190871,1887245612468654204,7140dibdnow9c7btw4b38vcuth8nhl9sn9qtsx9cz55x0
The Fremont Bridge has closed to traffic at  09:25 AM on 02/08/2025,1888277886412714097,1888277886412714097,100,1888673225305190871,1887245612468654204,7140dibdnow9c7btw4b38vcuth8nhl9sn9qtsx9cz55x0
The Fremont Bridge has reopened to traffic at  09:29 AM on 02/08/2025,1888278894027162053,1888278894027162053,100,1888673225305190871,1887245612468654204,7140dibdnow9c7btw4b38vcuth8nhl9sn9qtsx9cz55x0
The 1st Ave S Bridge has closed to traffic at  10:46 AM on 02/08/2025,1888298285125013560,1888298285125013560,100,1888673225305190871,1887245612468654204,7140dibdnow9c7btw4b38vcuth8nhl9sn9qtsx9cz55x0
The 1st Ave S Bridge has reopened to traffic at  10:47 AM on 02/08/2025,1888298537387225103,1888298537387225103,100,1888673225305190871,1887245612468654204,7140dibdnow9c7btw4b38vcuth8nhl9sn9qtsx9cz55x0
The Montlake Bridge has closed to traffic at  10:48 AM on 02/08/2025,1888298789578150252,1888298789578150252,100,1888673225305190871,1887245612468654204,7140dibdnow9c7btw4b38vcuth8nhl9sn9qtsx9cz55x0
The Montlake Bridge has reopened to traffic at  10:55 AM on 02/08/2025,1888300553509511410,1888300553509511410,100,1888673225305190871,1887245612468654204,7140dibdnow9c7btw4b38vcuth8nhl9sn9qtsx9cz55x0
The University Bridge has closed to traffic at  10:58 AM on 02/08/2025,1888301309214024114,1888301309214024114,100,1888673225305190871,1887245612468654204,7140dibdnow9c7btw4b38vcuth8nhl9sn9qtsx9cz55x0
The University Bridge has reopened to traffic at  11:05 AM on 02/08/2025,1888303073560576034,1888303073560576034,100,1888673225305190871,1887245612468654204,7140dibdnow9c7btw4b38vcuth8nhl9sn9qtsx9cz55x0
The 1st Ave S Bridge has closed to traffic at  11:06 AM on 02/08/2025,1888303325717938233,1888303325717938233,100,1888673225305190871,1887245612468654204,7140dibdnow9c7btw4b38vcuth8nhl9sn9qtsx9cz55x0
The 1st Ave S Bridge has reopened to traffic at  11:07 AM on 02/08/2025,1888303577887801384,1888303577887801384,100,1888673225305190871,1887245612468654204,7140dibdnow9c7btw4b38vcuth8nhl9sn9qtsx9cz55x0
The 1st Ave S Bridge has closed to traffic at  11:08 AM on 02/08/2025,1888303830062043264,1888303830062043264,100,1888673225305190871,1887245612468654204,7140dibdnow9c7btw4b38vcuth8nhl9sn9qtsx9cz55x0
The 1st Ave S Bridge has reopened to traffic at  11:09 AM on 02/08/2025,1888304082231959910,1888304082231959910,100,1888673225305190871,1887245612468654204,7140dibdnow9c7btw4b38vcuth8nhl9sn9qtsx9cz55x0
The Fremont Bridge has closed to traffic at  11:23 AM on 02/08/2025,1888307609184399806,1888307609184399806,100,1888673225305190871,1887245612468654204,7140dibdnow9c7btw4b38vcuth8nhl9sn9qtsx9cz55x0
The Fremont Bridge has reopened to traffic at  11:31 AM on 02/08/2025,1888309624803381609,1888309624803381609,100,1888673225305190871,1887245612468654204,7140dibdnow9c7btw4b38vcuth8nhl9sn9qtsx9cz55x0
The Ballard Bridge has closed to traffic at  12:01 PM on 02/08/2025,1888317180598702318,1888317180598702318,100,1888673225305190871,1887245612468654204,7140dibdnow9c7btw4b38vcuth8nhl9sn9qtsx9cz55x0
The Ballard Bridge has reopened to traffic at  12:06 PM on 02/08/2025,1888318439741362351,1888318439741362351,100,1888673225305190871,1887245612468654204,7140dibdnow9c7btw4b38vcuth8nhl9sn9qtsx9cz55x0
The Fremont Bridge has closed to traffic at  12:20 PM on 02/08/2025,1888321966521868583,1888321966521868583,100,1888673225305190871,1887245612468654204,7140dibdnow9c7btw4b38vcuth8nhl9sn9qtsx9cz55x0
The Fremont Bridge has reopened to traffic at  12:25 PM on 02/08/2025,1888323225727471999,1888323225727471999,100,1888673225305190871,1887245612468654204,7140dibdnow9c7btw4b38vcuth8nhl9sn9qtsx9cz55x0
The Fremont Bridge has closed to traffic at  01:05 PM on 02/08/2025,1888333236138557678,1888333236138557678,100,1888673225305190871,1887245612468654204,7140dibdnow9c7btw4b38vcuth8nhl9sn9qtsx9cz55x0
The Fremont Bridge has reopened to traffic at  01:10 PM on 02/08/2025,1888334495612633465,1888334495612633465,100,1888673225305190871,1887245612468654204,7140dibdnow9c7btw4b38vcuth8nhl9sn9qtsx9cz55x0
The 1st Ave S Bridge has closed to traffic at  01:32 PM on 02/08/2025,1888340036602773556,1888340036602773556,100,1888673225305190871,1887245612468654204,7140dibdnow9c7btw4b38vcuth8nhl9sn9qtsx9cz55x0
The 1st Ave S Bridge has reopened to traffic at  01:33 PM on 02/08/2025,1888340288932110437,1888340288932110437,100,1888673225305190871,1887245612468654204,7140dibdnow9c7btw4b38vcuth8nhl9sn9qtsx9cz55x0
The Fremont Bridge has closed to traffic at  01:36 PM on 02/08/2025,1888341044607287339,1888341044607287339,100,1888673225305190871,1887245612468654204,7140dibdnow9c7btw4b38vcuth8nhl9sn9qtsx9cz55x0
The Fremont Bridge has reopened to traffic at  01:40 PM on 02/08/2025,1888342052058059153,1888342052058059153,100,1888673225305190871,1887245612468654204,7140dibdnow9c7btw4b38vcuth8nhl9sn9qtsx9cz55x0
The Ballard Bridge has closed to traffic at  01:53 PM on 02/08/2025,1888345327960465604,1888345327960465604,100,1888673225305190871,1887245612468654204,7140dibdnow9c7btw4b38vcuth8nhl9sn9qtsx9cz55x0
The Ballard Bridge has reopened to traffic at  01:57 PM on 02/08/2025,1888346337063891031,1888346337063891031,100,1888673225305190871,1887245612468654204,7140dibdnow9c7btw4b38vcuth8nhl9sn9qtsx9cz55x0
The 1st Ave S Bridge has closed to traffic at  01:58 PM on 02/08/2025,1888346589280014533,1888346589280014533,100,1888673225305190871,1887245612468654204,7140dibdnow9c7btw4b38vcuth8nhl9sn9qtsx9cz55x0
The 1st Ave S Bridge has reopened to traffic at  02:07 PM on 02/08/2025,1888348856779502012,1888348856779502012,100,1888673225305190871,1887245612468654204,7140dibdnow9c7btw4b38vcuth8nhl9sn9qtsx9cz55x0
The Fremont Bridge has closed to traffic at  04:30 PM on 02/08/2025,1888384865621708966,1888384865621708966,100,1888673225305190871,1887245612468654204,7140dibdnow9c7btw4b38vcuth8nhl9sn9qtsx9cz55x0
The Fremont Bridge has reopened to traffic at  04:33 PM on 02/08/2025,1888385621510795423,1888385621510795423,100,1888673225305190871,1887245612468654204,7140dibdnow9c7btw4b38vcuth8nhl9sn9qtsx9cz55x0
The Ballard Bridge has closed to traffic at  07:05 PM on 02/08/2025,1888423836774961426,1888423836774961426,100,1888673225305190871,1887245612468654204,7140dibdnow9c7btw4b38vcuth8nhl9sn9qtsx9cz55x0
The Ballard Bridge has reopened to traffic at  07:10 PM on 02/08/2025,1888425096198656370,1888425096198656370,100,1888673225305190871,1887245612468654204,7140dibdnow9c7btw4b38vcuth8nhl9sn9qtsx9cz55x0
The Fremont Bridge has closed to traffic at  07:18 PM on 02/08/2025,1888427113885344245,1888427113885344245,100,1888673225305190871,1887245612468654204,7140dibdnow9c7btw4b38vcuth8nhl9sn9qtsx9cz55x0
The Fremont Bridge has reopened to traffic at  07:22 PM on 02/08/2025,1888428121420157257,1888428121420157257,100,1888673225305190871,1887245612468654204,7140dibdnow9c7btw4b38vcuth8nhl9sn9qtsx9cz55x0
The University Bridge has closed to traffic at  08:16 AM on 02/09/2025,1888622905791283711,1888622905791283711,100,1888673225305190871,1887245612468654204,7140dibdnow9c7btw4b38vcuth8nhl9sn9qtsx9cz55x0
The University Bridge has reopened to traffic at  08:18 AM on 02/09/2025,1888623409825030613,1888623409825030613,100,1888673225305190871,1887245612468654204,7140dibdnow9c7btw4b38vcuth8nhl9sn9qtsx9cz55x0
The University Bridge has closed to traffic at  08:44 AM on 02/09/2025,1888629958396022899,1888629958396022899,100,1888673225305190871,1887245612468654204,7140dibdnow9c7btw4b38vcuth8nhl9sn9qtsx9cz55x0
The University Bridge has reopened to traffic at  08:46 AM on 02/09/2025,1888630462412910656,1888630462412910656,100,1888673225305190871,1887245612468654204,7140dibdnow9c7btw4b38vcuth8nhl9sn9qtsx9cz55x0
The University Bridge has closed to traffic at  08:58 AM on 02/09/2025,1888633485432418386,1888633485432418386,100,1888673225305190871,1887245612468654204,7140dibdnow9c7btw4b38vcuth8nhl9sn9qtsx9cz55x0
The University Bridge has reopened to traffic at  09:03 AM on 02/09/2025,1888634744604434526,1888634744604434526,100,1888673225305190871,1887245612468654204,7140dibdnow9c7btw4b38vcuth8nhl9sn9qtsx9cz55x0
The University Bridge has closed to traffic at  09:39 AM on 02/09/2025,1888643811796214238,1888643811796214238,100,1888673225305190871,1887245612468654204,7140dibdnow9c7btw4b38vcuth8nhl9sn9qtsx9cz55x0
The University Bridge has reopened to traffic at  09:44 AM on 02/09/2025,1888645071253414357,1888645071253414357,100,1888673225305190871,1887245612468654204,7140dibdnow9c7btw4b38vcuth8nhl9sn9qtsx9cz55x0
The Ballard Bridge has closed to traffic at  10:26 AM on 02/09/2025,1888655649690841268,1888655649690841268,100,1888673225305190871,1887245612468654204,7140dibdnow9c7btw4b38vcuth8nhl9sn9qtsx9cz55x0
The Ballard Bridge has reopened to traffic at  10:31 AM on 02/09/2025,1888656909106102578,1888656909106102578,100,1888673225305190871,1887245612468654204,7140dibdnow9c7btw4b38vcuth8nhl9sn9qtsx9cz55x0
The Fremont Bridge has closed to traffic at  10:40 AM on 02/09/2025,1888659178027397264,1888659178027397264,100,1888673225305190871,1887245612468654204,7140dibdnow9c7btw4b38vcuth8nhl9sn9qtsx9cz55x0
The Fremont Bridge has reopened to traffic at  10:45 AM on 02/09/2025,1888660437346226679,1888660437346226679,100,1888673225305190871,1887245612468654204,7140dibdnow9c7btw4b38vcuth8nhl9sn9qtsx9cz55x0
The Ballard Bridge has closed to traffic at  10:48 AM on 02/09/2025,1888661194548081054,1888661194548081054,100,1888673225305190871,1887245612468654204,7140dibdnow9c7btw4b38vcuth8nhl9sn9qtsx9cz55x0
The Ballard Bridge has reopened to traffic at  10:51 AM on 02/09/2025,1888661950319743103,1888661950319743103,100,1888673225305190871,1887245612468654204,7140dibdnow9c7btw4b38vcuth8nhl9sn9qtsx9cz55x0
The Fremont Bridge has closed to traffic at  11:04 AM on 02/09/2025,1888665225253314568,1888665225253314568,100,1888673225305190871,1887245612468654204,7140dibdnow9c7btw4b38vcuth8nhl9sn9qtsx9cz55x0
The Fremont Bridge has reopened to traffic at  11:09 AM on 02/09/2025,1888666484668604687,1888666484668604687,100,1888673225305190871,1887245612468654204,7140dibdnow9c7btw4b38vcuth8nhl9sn9qtsx9cz55x0
The University Bridge has closed to traffic at  11:23 AM on 02/09/2025,1888670012787044383,1888670012787044383,100,1888673225305190871,1887245612468654204,7140dibdnow9c7btw4b38vcuth8nhl9sn9qtsx9cz55x0
The University Bridge has reopened to traffic at  11:28 AM on 02/09/2025,1888671272198156748,1888671272198156748,100,1888673225305190871,1887245612468654204,7140dibdnow9c7btw4b38vcuth8nhl9sn9qtsx9cz55x0
The University Bridge has closed to traffic at  11:36 AM on 02/09/2025,1888673225305190871,1888673225305190871,100,1888673225305190871,1887245612468654204,7140dibdnow9c7btw4b38vcuth8nhl9sn9qtsx9cz55x0
The University Bridge has reopened to traffic at  11:41 AM on 02/09/2025,1888674484586229943,1888674484586229943,100,1889965546986475989,1888674484586229943,7140dibdnow9c7btw4b38xis92cpx0spjhkhu0lu971gz
The Montlake Bridge has closed to traffic at  11:50 AM on 02/09/2025,1888676752966431155,1888676752966431155,100,1889965546986475989,1888674484586229943,7140dibdnow9c7btw4b38xis92cpx0spjhkhu0lu971gz
The Montlake Bridge has reopened to traffic at  11:55 AM on 02/09/2025,1888678012247588949,1888678012247588949,100,1889965546986475989,1888674484586229943,7140dibdnow9c7btw4b38xis92cpx0spjhkhu0lu971gz
The University Bridge has closed to traffic at  11:58 AM on 02/09/2025,1888678769277513768,1888678769277513768,100,1889965546986475989,1888674484586229943,7140dibdnow9c7btw4b38xis92cpx0spjhkhu0lu971gz
The University Bridge has reopened to traffic at  12:03 PM on 02/09/2025,1888680028520788053,1888680028520788053,100,1889965546986475989,1888674484586229943,7140dibdnow9c7btw4b38xis92cpx0spjhkhu0lu971gz
The University Bridge has closed to traffic at  12:22 PM on 02/09/2025,1888684814146154627,1888684814146154627,100,1889965546986475989,1888674484586229943,7140dibdnow9c7btw4b38xis92cpx0spjhkhu0lu971gz
The University Bridge has reopened to traffic at  12:26 PM on 02/09/2025,1888685821685067881,1888685821685067881,100,1889965546986475989,1888674484586229943,7140dibdnow9c7btw4b38xis92cpx0spjhkhu0lu971gz
The Ballard Bridge has closed to traffic at  12:49 PM on 02/09/2025,1888691615130419240,1888691615130419240,100,1889965546986475989,1888674484586229943,7140dibdnow9c7btw4b38xis92cpx0spjhkhu0lu971gz
The Ballard Bridge has reopened to traffic at  12:53 PM on 02/09/2025,1888692622707069120,1888692622707069120,100,1889965546986475989,1888674484586229943,7140dibdnow9c7btw4b38xis92cpx0spjhkhu0lu971gz
The Ballard Bridge has closed to traffic at  01:00 PM on 02/09/2025,1888694386785124447,1888694386785124447,100,1889965546986475989,1888674484586229943,7140dibdnow9c7btw4b38xis92cpx0spjhkhu0lu971gz
The Ballard Bridge has reopened to traffic at  01:05 PM on 02/09/2025,1888695646095655176,1888695646095655176,100,1889965546986475989,1888674484586229943,7140dibdnow9c7btw4b38xis92cpx0spjhkhu0lu971gz
The Ballard Bridge has closed to traffic at  01:46 PM on 02/09/2025,1888705972086214810,1888705972086214810,100,1889965546986475989,1888674484586229943,7140dibdnow9c7btw4b38xis92cpx0spjhkhu0lu971gz
The Ballard Bridge has reopened to traffic at  01:50 PM on 02/09/2025,1888706979583099241,1888706979583099241,100,1889965546986475989,1888674484586229943,7140dibdnow9c7btw4b38xis92cpx0spjhkhu0lu971gz
The Fremont Bridge has closed to traffic at  02:00 PM on 02/09/2025,1888709499835555996,1888709499835555996,100,1889965546986475989,1888674484586229943,7140dibdnow9c7btw4b38xis92cpx0spjhkhu0lu971gz
The University Bridge has closed to traffic at  02:03 PM on 02/09/2025,1888710255649210475,1888710255649210475,100,1889965546986475989,1888674484586229943,7140dibdnow9c7btw4b38xis92cpx0spjhkhu0lu971gz
The Fremont Bridge has reopened to traffic at  02:05 PM on 02/09/2025,1888710759548596597,1888710759548596597,100,1889965546986475989,1888674484586229943,7140dibdnow9c7btw4b38xis92cpx0spjhkhu0lu971gz
The University Bridge has reopened to traffic at  02:07 PM on 02/09/2025,1888711263838241207,1888711263838241207,100,1889965546986475989,1888674484586229943,7140dibdnow9c7btw4b38xis92cpx0spjhkhu0lu971gz
The University Bridge has closed to traffic at  02:19 PM on 02/09/2025,1888714287017079172,1888714287017079172,100,1889965546986475989,1888674484586229943,7140dibdnow9c7btw4b38xis92cpx0spjhkhu0lu971gz
The University Bridge has reopened to traffic at  02:23 PM on 02/09/2025,1888715294555988369,1888715294555988369,100,1889965546986475989,1888674484586229943,7140dibdnow9c7btw4b38xis92cpx0spjhkhu0lu971gz
The University Bridge has closed to traffic at  02:49 PM on 02/09/2025,1888721843982660048,1888721843982660048,100,1889965546986475989,1888674484586229943,7140dibdnow9c7btw4b38xis92cpx0spjhkhu0lu971gz
The University Bridge has reopened to traffic at  02:53 PM on 02/09/2025,1888722851534135767,1888722851534135767,100,1889965546986475989,1888674484586229943,7140dibdnow9c7btw4b38xis92cpx0spjhkhu0lu971gz
The Montlake Bridge has closed to traffic at  02:57 PM on 02/09/2025,1888723859010187504,1888723859010187504,100,1889965546986475989,1888674484586229943,7140dibdnow9c7btw4b38xis92cpx0spjhkhu0lu971gz
The Montlake Bridge has reopened to traffic at  03:02 PM on 02/09/2025,1888725118479892603,1888725118479892603,100,1889965546986475989,1888674484586229943,7140dibdnow9c7btw4b38xis92cpx0spjhkhu0lu971gz
The 1st Ave S Bridge has closed to traffic at  09:10 AM on 02/10/2025,1888998911404306559,1888998911404306559,100,1889965546986475989,1888674484586229943,7140dibdnow9c7btw4b38xis92cpx0spjhkhu0lu971gz
The 1st Ave S Bridge has reopened to traffic at  09:17 AM on 02/10/2025,1889000675708989464,1889000675708989464,100,1889965546986475989,1888674484586229943,7140dibdnow9c7btw4b38xis92cpx0spjhkhu0lu971gz
The 1st Ave S Bridge has closed to traffic at  09:50 AM on 02/10/2025,1889008987125031253,1889008987125031253,100,1889965546986475989,1888674484586229943,7140dibdnow9c7btw4b38xis92cpx0spjhkhu0lu971gz
The 1st Ave S Bridge has reopened to traffic at  09:58 AM on 02/10/2025,1889011003553370554,1889011003553370554,100,1889965546986475989,1888674484586229943,7140dibdnow9c7btw4b38xis92cpx0spjhkhu0lu971gz
The 1st Ave S Bridge has closed to traffic at  10:19 AM on 02/10/2025,1889016293124452807,1889016293124452807,100,1889965546986475989,1888674484586229943,7140dibdnow9c7btw4b38xis92cpx0spjhkhu0lu971gz
The Fremont Bridge has closed to traffic at  10:27 AM on 02/10/2025,1889018309120852478,1889018309120852478,100,1889965546986475989,1888674484586229943,7140dibdnow9c7btw4b38xis92cpx0spjhkhu0lu971gz
The 1st Ave S Bridge has reopened to traffic at  10:31 AM on 02/10/2025,1889019253875245355,1889019253875245355,100,1889965546986475989,1888674484586229943,7140dibdnow9c7btw4b38xis92cpx0spjhkhu0lu971gz
The Fremont Bridge has reopened to traffic at  10:31 AM on 02/10/2025,1889019254290456938,1889019254290456938,100,1889965546986475989,1888674484586229943,7140dibdnow9c7btw4b38xis92cpx0spjhkhu0lu971gz
The Fremont Bridge has closed to traffic at  11:27 AM on 02/10/2025,1889033361626378657,1889033361626378657,100,1889965546986475989,1888674484586229943,7140dibdnow9c7btw4b38xis92cpx0spjhkhu0lu971gz
The Fremont Bridge has reopened to traffic at  11:32 AM on 02/10/2025,1889034621066862795,1889034621066862795,100,1889965546986475989,1888674484586229943,7140dibdnow9c7btw4b38xis92cpx0spjhkhu0lu971gz
The University Bridge has closed to traffic at  11:49 AM on 02/10/2025,1889038902922764589,1889038902922764589,100,1889965546986475989,1888674484586229943,7140dibdnow9c7btw4b38xis92cpx0spjhkhu0lu971gz
The Montlake Bridge has closed to traffic at  11:51 AM on 02/10/2025,1889039406964887860,1889039406964887860,100,1889965546986475989,1888674484586229943,7140dibdnow9c7btw4b38xis92cpx0spjhkhu0lu971gz
The University Bridge has reopened to traffic at  11:53 AM on 02/10/2025,1889039910923038891,1889039910923038891,100,1889965546986475989,1888674484586229943,7140dibdnow9c7btw4b38xis92cpx0spjhkhu0lu971gz
The Montlake Bridge has reopened to traffic at  12:00 PM on 02/10/2025,1889041676582453492,1889041676582453492,100,1889965546986475989,1888674484586229943,7140dibdnow9c7btw4b38xis92cpx0spjhkhu0lu971gz
The University Bridge has closed to traffic at  12:03 PM on 02/10/2025,1889042432207294815,1889042432207294815,100,1889965546986475989,1888674484586229943,7140dibdnow9c7btw4b38xis92cpx0spjhkhu0lu971gz
The University Bridge has reopened to traffic at  12:08 PM on 02/10/2025,1889043691630895549,1889043691630895549,100,1889965546986475989,1888674484586229943,7140dibdnow9c7btw4b38xis92cpx0spjhkhu0lu971gz
The Montlake Bridge has closed to traffic at  12:14 PM on 02/10/2025,1889045204029890990,1889045204029890990,100,1889965546986475989,1888674484586229943,7140dibdnow9c7btw4b38xis92cpx0spjhkhu0lu971gz
The Montlake Bridge has reopened to traffic at  12:22 PM on 02/10/2025,1889047220286329278,1889047220286329278,100,1889965546986475989,1888674484586229943,7140dibdnow9c7btw4b38xis92cpx0spjhkhu0lu971gz
The Fremont Bridge has closed to traffic at  01:22 PM on 02/10/2025,1889062330102862329,1889062330102862329,100,1889965546986475989,1888674484586229943,7140dibdnow9c7btw4b38xis92cpx0spjhkhu0lu971gz
The Fremont Bridge has reopened to traffic at  01:27 PM on 02/10/2025,1889063589526622421,1889063589526622421,100,1889965546986475989,1888674484586229943,7140dibdnow9c7btw4b38xis92cpx0spjhkhu0lu971gz
The Fremont Bridge has closed to traffic at  02:47 PM on 02/10/2025,1889083736869974506,1889083736869974506,100,1889965546986475989,1888674484586229943,7140dibdnow9c7btw4b38xis92cpx0spjhkhu0lu971gz
The Fremont Bridge has reopened to traffic at  02:51 PM on 02/10/2025,1889084744773886151,1889084744773886151,100,1889965546986475989,1888674484586229943,7140dibdnow9c7btw4b38xis92cpx0spjhkhu0lu971gz
The 1st Ave S Bridge has closed to traffic at  06:02 PM on 02/10/2025,1889132793948786693,1889132793948786693,100,1889965546986475989,1888674484586229943,7140dibdnow9c7btw4b38xis92cpx0spjhkhu0lu971gz
The 1st Ave S Bridge has reopened to traffic at  06:13 PM on 02/10/2025,1889135566706692586,1889135566706692586,100,1889965546986475989,1888674484586229943,7140dibdnow9c7btw4b38xis92cpx0spjhkhu0lu971gz
The 1st Ave S Bridge has closed to traffic at  09:35 AM on 02/11/2025,1889367597025730862,1889367597025730862,100,1889965546986475989,1888674484586229943,7140dibdnow9c7btw4b38xis92cpx0spjhkhu0lu971gz
The 1st Ave S Bridge has reopened to traffic at  09:41 AM on 02/11/2025,1889369129188204986,1889369129188204986,100,1889965546986475989,1888674484586229943,7140dibdnow9c7btw4b38xis92cpx0spjhkhu0lu971gz
The Fremont Bridge has closed to traffic at  01:10 PM on 02/11/2025,1889421697356636285,1889421697356636285,100,1889965546986475989,1888674484586229943,7140dibdnow9c7btw4b38xis92cpx0spjhkhu0lu971gz
The Fremont Bridge has reopened to traffic at  01:15 PM on 02/11/2025,1889422956901834862,1889422956901834862,100,1889965546986475989,1888674484586229943,7140dibdnow9c7btw4b38xis92cpx0spjhkhu0lu971gz
The University Bridge has closed to traffic at  01:27 PM on 02/11/2025,1889425980139380754,1889425980139380754,100,1889965546986475989,1888674484586229943,7140dibdnow9c7btw4b38xis92cpx0spjhkhu0lu971gz
The University Bridge has reopened to traffic at  01:32 PM on 02/11/2025,1889427239651123671,1889427239651123671,100,1889965546986475989,1888674484586229943,7140dibdnow9c7btw4b38xis92cpx0spjhkhu0lu971gz
The Montlake Bridge has closed to traffic at  02:01 PM on 02/11/2025,1889434548162973861,1889434548162973861,100,1889965546986475989,1888674484586229943,7140dibdnow9c7btw4b38xis92cpx0spjhkhu0lu971gz
The Montlake Bridge has reopened to traffic at  02:06 PM on 02/11/2025,1889435807733391716,1889435807733391716,100,1889965546986475989,1888674484586229943,7140dibdnow9c7btw4b38xis92cpx0spjhkhu0lu971gz
The University Bridge has closed to traffic at  02:53 PM on 02/11/2025,1889447585037095251,1889447585037095251,100,1889965546986475989,1888674484586229943,7140dibdnow9c7btw4b38xis92cpx0spjhkhu0lu971gz
The University Bridge has reopened to traffic at  02:58 PM on 02/11/2025,1889448844498444784,1889448844498444784,100,1889965546986475989,1888674484586229943,7140dibdnow9c7btw4b38xis92cpx0spjhkhu0lu971gz
The Lower Spokane St Bridge has reopened to traffic at  08:56 AM on 02/12/2025,1889720164519911767,1889720164519911767,100,1889965546986475989,1888674484586229943,7140dibdnow9c7btw4b38xis92cpx0spjhkhu0lu971gz
The 1st Ave S Bridge has reopened to traffic at  08:59 AM on 02/12/2025,1889720920262189160,1889720920262189160,100,1889965546986475989,1888674484586229943,7140dibdnow9c7btw4b38xis92cpx0spjhkhu0lu971gz
The Ballard Bridge has closed to traffic at  09:01 AM on 02/12/2025,1889721424081986043,1889721424081986043,100,1889965546986475989,1888674484586229943,7140dibdnow9c7btw4b38xis92cpx0spjhkhu0lu971gz
The Ballard Bridge has reopened to traffic at  09:05 AM on 02/12/2025,1889722431490896007,1889722431490896007,100,1889965546986475989,1888674484586229943,7140dibdnow9c7btw4b38xis92cpx0spjhkhu0lu971gz
The 1st Ave S Bridge has closed to traffic at  09:33 AM on 02/12/2025,1889729483755880670,1889729483755880670,100,1889965546986475989,1888674484586229943,7140dibdnow9c7btw4b38xis92cpx0spjhkhu0lu971gz
The 1st Ave S Bridge has reopened to traffic at  09:43 AM on 02/12/2025,1889732004134134068,1889732004134134068,100,1889965546986475989,1888674484586229943,7140dibdnow9c7btw4b38xis92cpx0spjhkhu0lu971gz
The 1st Ave S Bridge has closed to traffic at  09:58 AM on 02/12/2025,1889735783474716806,1889735783474716806,100,1889965546986475989,1888674484586229943,7140dibdnow9c7btw4b38xis92cpx0spjhkhu0lu971gz
The Fremont Bridge has closed to traffic at  10:02 AM on 02/12/2025,1889736791156207700,1889736791156207700,100,1889965546986475989,1888674484586229943,7140dibdnow9c7btw4b38xis92cpx0spjhkhu0lu971gz
The Fremont Bridge has reopened to traffic at  10:07 AM on 02/12/2025,1889738051020267630,1889738051020267630,100,1889965546986475989,1888674484586229943,7140dibdnow9c7btw4b38xis92cpx0spjhkhu0lu971gz
The 1st Ave S Bridge has reopened to traffic at  10:08 AM on 02/12/2025,1889738305727766959,1889738305727766959,100,1889965546986475989,1888674484586229943,7140dibdnow9c7btw4b38xis92cpx0spjhkhu0lu971gz
The Fremont Bridge has closed to traffic at  10:52 AM on 02/12/2025,1889749325779177588,1889749325779177588,100,1889965546986475989,1888674484586229943,7140dibdnow9c7btw4b38xis92cpx0spjhkhu0lu971gz
The Fremont Bridge has reopened to traffic at  10:56 AM on 02/12/2025,1889750333347471633,1889750333347471633,100,1889965546986475989,1888674484586229943,7140dibdnow9c7btw4b38xis92cpx0spjhkhu0lu971gz
The University Bridge has closed to traffic at  11:11 AM on 02/12/2025,1889754113573003743,1889754113573003743,100,1889965546986475989,1888674484586229943,7140dibdnow9c7btw4b38xis92cpx0spjhkhu0lu971gz
The University Bridge has reopened to traffic at  11:12 AM on 02/12/2025,1889754365801668669,1889754365801668669,100,1889965546986475989,1888674484586229943,7140dibdnow9c7btw4b38xis92cpx0spjhkhu0lu971gz
The 1st Ave S Bridge has closed to traffic at  11:14 AM on 02/12/2025,1889754869780848890,1889754869780848890,100,1889965546986475989,1888674484586229943,7140dibdnow9c7btw4b38xis92cpx0spjhkhu0lu971gz
The 1st Ave S Bridge has reopened to traffic at  11:21 AM on 02/12/2025,1889756634299457766,1889756634299457766,100,1889965546986475989,1888674484586229943,7140dibdnow9c7btw4b38xis92cpx0spjhkhu0lu971gz
The 1st Ave S Bridge has closed to traffic at  12:31 PM on 02/12/2025,1889774262464160059,1889774262464160059,100,1889965546986475989,1888674484586229943,7140dibdnow9c7btw4b38xis92cpx0spjhkhu0lu971gz
The 1st Ave S Bridge has reopened to traffic at  12:40 PM on 02/12/2025,1889776532643782936,1889776532643782936,100,1889965546986475989,1888674484586229943,7140dibdnow9c7btw4b38xis92cpx0spjhkhu0lu971gz
The Montlake Bridge has closed to traffic at  03:01 PM on 02/12/2025,1889811978048380978,1889811978048380978,100,1889965546986475989,1888674484586229943,7140dibdnow9c7btw4b38xis92cpx0spjhkhu0lu971gz
The Montlake Bridge has reopened to traffic at  03:07 PM on 02/12/2025,1889813513239142905,1889813513239142905,100,1889965546986475989,1888674484586229943,7140dibdnow9c7btw4b38xis92cpx0spjhkhu0lu971gz
The University Bridge has closed to traffic at  03:13 PM on 02/12/2025,1889815026162344090,1889815026162344090,100,1889965546986475989,1888674484586229943,7140dibdnow9c7btw4b38xis92cpx0spjhkhu0lu971gz
The University Bridge has reopened to traffic at  03:19 PM on 02/12/2025,1889816539295261130,1889816539295261130,100,1889965546986475989,1888674484586229943,7140dibdnow9c7btw4b38xis92cpx0spjhkhu0lu971gz
The Fremont Bridge has closed to traffic at  03:37 PM on 02/12/2025,1889821076135588349,1889821076135588349,100,1889965546986475989,1888674484586229943,7140dibdnow9c7btw4b38xis92cpx0spjhkhu0lu971gz
The Fremont Bridge has reopened to traffic at  03:42 PM on 02/12/2025,1889822335676678594,1889822335676678594,100,1889965546986475989,1888674484586229943,7140dibdnow9c7btw4b38xis92cpx0spjhkhu0lu971gz
The Fremont Bridge has closed to traffic at  03:57 PM on 02/12/2025,1889826114589303189,1889826114589303189,100,1889965546986475989,1888674484586229943,7140dibdnow9c7btw4b38xis92cpx0spjhkhu0lu971gz
The Fremont Bridge has reopened to traffic at  04:00 PM on 02/12/2025,1889826872483275085,1889826872483275085,100,1889965546986475989,1888674484586229943,7140dibdnow9c7btw4b38xis92cpx0spjhkhu0lu971gz
The Fremont Bridge has closed to traffic at  06:02 PM on 02/12/2025,1889857530261868766,1889857530261868766,100,1889965546986475989,1888674484586229943,7140dibdnow9c7btw4b38xis92cpx0spjhkhu0lu971gz
The Fremont Bridge has reopened to traffic at  06:05 PM on 02/12/2025,1889858286209671568,1889858286209671568,100,1889965546986475989,1888674484586229943,7140dibdnow9c7btw4b38xis92cpx0spjhkhu0lu971gz
The Fremont Bridge has closed to traffic at  06:32 PM on 02/12/2025,1889865087571337601,1889865087571337601,100,1889965546986475989,1888674484586229943,7140dibdnow9c7btw4b38xis92cpx0spjhkhu0lu971gz
The Fremont Bridge has reopened to traffic at  06:36 PM on 02/12/2025,1889866094992891966,1889866094992891966,100,1889965546986475989,1888674484586229943,7140dibdnow9c7btw4b38xis92cpx0spjhkhu0lu971gz
The University Bridge has closed to traffic at  06:45 PM on 02/12/2025,1889868362798473315,1889868362798473315,100,1889965546986475989,1888674484586229943,7140dibdnow9c7btw4b38xis92cpx0spjhkhu0lu971gz
The University Bridge has reopened to traffic at  06:49 PM on 02/12/2025,1889869370345791493,1889869370345791493,100,1889965546986475989,1888674484586229943,7140dibdnow9c7btw4b38xis92cpx0spjhkhu0lu971gz
The Montlake Bridge has closed to traffic at  07:01 PM on 02/12/2025,1889872394954874982,1889872394954874982,100,1889965546986475989,1888674484586229943,7140dibdnow9c7btw4b38xis92cpx0spjhkhu0lu971gz
The Montlake Bridge has reopened to traffic at  07:06 PM on 02/12/2025,1889873654382735841,1889873654382735841,100,1889965546986475989,1888674484586229943,7140dibdnow9c7btw4b38xis92cpx0spjhkhu0lu971gz
The Montlake Bridge has closed to traffic at  07:41 PM on 02/12/2025,1889882469727662134,1889882469727662134,100,1889965546986475989,1888674484586229943,7140dibdnow9c7btw4b38xis92cpx0spjhkhu0lu971gz
The Montlake Bridge has reopened to traffic at  07:46 PM on 02/12/2025,1889883729100939704,1889883729100939704,100,1889965546986475989,1888674484586229943,7140dibdnow9c7btw4b38xis92cpx0spjhkhu0lu971gz
The University Bridge has closed to traffic at  07:48 PM on 02/12/2025,1889884234204192963,1889884234204192963,100,1889965546986475989,1888674484586229943,7140dibdnow9c7btw4b38xis92cpx0spjhkhu0lu971gz
The University Bridge has reopened to traffic at  07:53 PM on 02/12/2025,1889885493527191620,1889885493527191620,100,1889965546986475989,1888674484586229943,7140dibdnow9c7btw4b38xis92cpx0spjhkhu0lu971gz
The 1st Ave S Bridge has closed to traffic at  09:06 PM on 02/12/2025,1889903876507312267,1889903876507312267,100,1889965546986475989,1888674484586229943,7140dibdnow9c7btw4b38xis92cpx0spjhkhu0lu971gz
The 1st Ave S Bridge has reopened to traffic at  09:20 PM on 02/12/2025,1889907403300495793,1889907403300495793,100,1889965546986475989,1888674484586229943,7140dibdnow9c7btw4b38xis92cpx0spjhkhu0lu971gz
The Montlake Bridge has closed to traffic at  01:02 AM on 02/13/2025,1889963278979518501,1889963278979518501,100,1889965546986475989,1888674484586229943,7140dibdnow9c7btw4b38xis92cpx0spjhkhu0lu971gz
The Montlake Bridge has reopened to traffic at  01:09 AM on 02/13/2025,1889965043015721457,1889965043015721457,100,1889965546986475989,1888674484586229943,7140dibdnow9c7btw4b38xis92cpx0spjhkhu0lu971gz
The Montlake Bridge has closed to traffic at  01:11 AM on 02/13/2025,1889965546986475989,1889965546986475989,100,1889965546986475989,1888674484586229943,7140dibdnow9c7btw4b38xis92cpx0spjhkhu0lu971gz
The Montlake Bridge has reopened to traffic at  01:19 AM on 02/13/2025,1889967563368800716,1889967563368800716,100,1891189858154283272,1889967563368800716,7140dibdnow9c7btw4b38zoeq6ggig0iuhq7dtlz0mrli
The Montlake Bridge has closed to traffic at  01:20 AM on 02/13/2025,1889967752636739768,1889967752636739768,100,1891189858154283272,1889967563368800716,7140dibdnow9c7btw4b38zoeq6ggig0iuhq7dtlz0mrli
The Montlake Bridge has reopened to traffic at  01:25 AM on 02/13/2025,1889969012131663888,1889969012131663888,100,1891189858154283272,1889967563368800716,7140dibdnow9c7btw4b38zoeq6ggig0iuhq7dtlz0mrli
The 1st Ave S Bridge has closed to traffic at  02:44 AM on 02/13/2025,1889988906659238278,1889988906659238278,100,1891189858154283272,1889967563368800716,7140dibdnow9c7btw4b38zoeq6ggig0iuhq7dtlz0mrli
The 1st Ave S Bridge has reopened to traffic at  02:51 AM on 02/13/2025,1889990671018459366,1889990671018459366,100,1891189858154283272,1889967563368800716,7140dibdnow9c7btw4b38zoeq6ggig0iuhq7dtlz0mrli
The 1st Ave S Bridge has closed to traffic at  03:46 AM on 02/13/2025,1890004531238642045,1890004531238642045,100,1891189858154283272,1889967563368800716,7140dibdnow9c7btw4b38zoeq6ggig0iuhq7dtlz0mrli
The 1st Ave S Bridge has reopened to traffic at  03:53 AM on 02/13/2025,1890006297271218347,1890006297271218347,100,1891189858154283272,1889967563368800716,7140dibdnow9c7btw4b38zoeq6ggig0iuhq7dtlz0mrli
The Fremont Bridge has closed to traffic at  09:24 AM on 02/13/2025,1890089583179915547,1890089583179915547,100,1891189858154283272,1889967563368800716,7140dibdnow9c7btw4b38zoeq6ggig0iuhq7dtlz0mrli
The Fremont Bridge has reopened to traffic at  09:28 AM on 02/13/2025,1890090592094605648,1890090592094605648,100,1891189858154283272,1889967563368800716,7140dibdnow9c7btw4b38zoeq6ggig0iuhq7dtlz0mrli
The 1st Ave S Bridge has closed to traffic at  09:31 AM on 02/13/2025,1890091347799077127,1890091347799077127,100,1891189858154283272,1889967563368800716,7140dibdnow9c7btw4b38zoeq6ggig0iuhq7dtlz0mrli
The Ballard Bridge has closed to traffic at  09:37 AM on 02/13/2025,1890092860638441701,1890092860638441701,100,1891189858154283272,1889967563368800716,7140dibdnow9c7btw4b38zoeq6ggig0iuhq7dtlz0mrli
The Ballard Bridge has reopened to traffic at  09:40 AM on 02/13/2025,1890093616468750798,1890093616468750798,100,1891189858154283272,1889967563368800716,7140dibdnow9c7btw4b38zoeq6ggig0iuhq7dtlz0mrli
The 1st Ave S Bridge has reopened to traffic at  09:41 AM on 02/13/2025,1890093868651303314,1890093868651303314,100,1891189858154283272,1889967563368800716,7140dibdnow9c7btw4b38zoeq6ggig0iuhq7dtlz0mrli
The 1st Ave S Bridge has closed to traffic at  10:19 AM on 02/13/2025,1890103438752772220,1890103438752772220,100,1891189858154283272,1889967563368800716,7140dibdnow9c7btw4b38zoeq6ggig0iuhq7dtlz0mrli
The 1st Ave S Bridge has reopened to traffic at  10:27 AM on 02/13/2025,1890105454744990100,1890105454744990100,100,1891189858154283272,1889967563368800716,7140dibdnow9c7btw4b38zoeq6ggig0iuhq7dtlz0mrli
The Fremont Bridge has closed to traffic at  10:35 AM on 02/13/2025,1890107470972080541,1890107470972080541,100,1891189858154283272,1889967563368800716,7140dibdnow9c7btw4b38zoeq6ggig0iuhq7dtlz0mrli
The Fremont Bridge has reopened to traffic at  10:39 AM on 02/13/2025,1890108478473269378,1890108478473269378,100,1891189858154283272,1889967563368800716,7140dibdnow9c7btw4b38zoeq6ggig0iuhq7dtlz0mrli
The Fremont Bridge has closed to traffic at  11:43 AM on 02/13/2025,1890124598030876745,1890124598030876745,100,1891189858154283272,1889967563368800716,7140dibdnow9c7btw4b38zoeq6ggig0iuhq7dtlz0mrli
The Fremont Bridge has reopened to traffic at  11:49 AM on 02/13/2025,1890126110438125821,1890126110438125821,100,1891189858154283272,1889967563368800716,7140dibdnow9c7btw4b38zoeq6ggig0iuhq7dtlz0mrli
The 1st Ave S Bridge has closed to traffic at  12:12 PM on 02/13/2025,1890131840964653143,1890131840964653143,100,1891189858154283272,1889967563368800716,7140dibdnow9c7btw4b38zoeq6ggig0iuhq7dtlz0mrli
The 1st Ave S Bridge has reopened to traffic at  12:20 PM on 02/13/2025,1890133857858629931,1890133857858629931,100,1891189858154283272,1889967563368800716,7140dibdnow9c7btw4b38zoeq6ggig0iuhq7dtlz0mrli
The 1st Ave S Bridge has closed to traffic at  01:09 PM on 02/13/2025,1890146198818025530,1890146198818025530,100,1891189858154283272,1889967563368800716,7140dibdnow9c7btw4b38zoeq6ggig0iuhq7dtlz0mrli
The 1st Ave S Bridge has reopened to traffic at  01:20 PM on 02/13/2025,1890148970032464014,1890148970032464014,100,1891189858154283272,1889967563368800716,7140dibdnow9c7btw4b38zoeq6ggig0iuhq7dtlz0mrli
The University Bridge has closed to traffic at  02:51 PM on 02/13/2025,1890171885713072414,1890171885713072414,100,1891189858154283272,1889967563368800716,7140dibdnow9c7btw4b38zoeq6ggig0iuhq7dtlz0mrli
The University Bridge has reopened to traffic at  02:56 PM on 02/13/2025,1890173145254121876,1890173145254121876,100,1891189858154283272,1889967563368800716,7140dibdnow9c7btw4b38zoeq6ggig0iuhq7dtlz0mrli
The Ballard Bridge has closed to traffic at  03:26 PM on 02/13/2025,1890180701070446840,1890180701070446840,100,1891189858154283272,1889967563368800716,7140dibdnow9c7btw4b38zoeq6ggig0iuhq7dtlz0mrli
The Fremont Bridge has closed to traffic at  03:26 PM on 02/13/2025,1890180701485662338,1890180701485662338,100,1891189858154283272,1889967563368800716,7140dibdnow9c7btw4b38zoeq6ggig0iuhq7dtlz0mrli
The Ballard Bridge has reopened to traffic at  03:29 PM on 02/13/2025,1890181457307730153,1890181457307730153,100,1891189858154283272,1889967563368800716,7140dibdnow9c7btw4b38zoeq6ggig0iuhq7dtlz0mrli
The Fremont Bridge has reopened to traffic at  03:30 PM on 02/13/2025,1890181709502771568,1890181709502771568,100,1891189858154283272,1889967563368800716,7140dibdnow9c7btw4b38zoeq6ggig0iuhq7dtlz0mrli
The 1st Ave S Bridge has closed to traffic at  08:36 PM on 02/13/2025,1890258702537822237,1890258702537822237,100,1891189858154283272,1889967563368800716,7140dibdnow9c7btw4b38zoeq6ggig0iuhq7dtlz0mrli
The 1st Ave S Bridge has reopened to traffic at  08:45 PM on 02/13/2025,1890260970263703752,1890260970263703752,100,1891189858154283272,1889967563368800716,7140dibdnow9c7btw4b38zoeq6ggig0iuhq7dtlz0mrli
The 1st Ave S Bridge has closed to traffic at  02:39 AM on 02/14/2025,1890350049663783346,1890350049663783346,100,1891189858154283272,1889967563368800716,7140dibdnow9c7btw4b38zoeq6ggig0iuhq7dtlz0mrli
The 1st Ave S Bridge has reopened to traffic at  02:47 AM on 02/14/2025,1890352065622516112,1890352065622516112,100,1891189858154283272,1889967563368800716,7140dibdnow9c7btw4b38zoeq6ggig0iuhq7dtlz0mrli
The Fremont Bridge has closed to traffic at  09:02 AM on 02/14/2025,1890446429208080536,1890446429208080536,100,1891189858154283272,1889967563368800716,7140dibdnow9c7btw4b38zoeq6ggig0iuhq7dtlz0mrli
The Fremont Bridge has reopened to traffic at  09:09 AM on 02/14/2025,1890448193177153861,1890448193177153861,100,1891189858154283272,1889967563368800716,7140dibdnow9c7btw4b38zoeq6ggig0iuhq7dtlz0mrli
The Ballard Bridge has closed to traffic at  09:15 AM on 02/14/2025,1890449706641211705,1890449706641211705,100,1891189858154283272,1889967563368800716,7140dibdnow9c7btw4b38zoeq6ggig0iuhq7dtlz0mrli
The Ballard Bridge has reopened to traffic at  09:21 AM on 02/14/2025,1890451219610788159,1890451219610788159,100,1891189858154283272,1889967563368800716,7140dibdnow9c7btw4b38zoeq6ggig0iuhq7dtlz0mrli
The 1st Ave S Bridge has closed to traffic at  09:40 AM on 02/14/2025,1890456005626286475,1890456005626286475,100,1891189858154283272,1889967563368800716,7140dibdnow9c7btw4b38zoeq6ggig0iuhq7dtlz0mrli
The 1st Ave S Bridge has reopened to traffic at  09:50 AM on 02/14/2025,1890458524926566456,1890458524926566456,100,1891189858154283272,1889967563368800716,7140dibdnow9c7btw4b38zoeq6ggig0iuhq7dtlz0mrli
The 1st Ave S Bridge has closed to traffic at  10:06 AM on 02/14/2025,1890462555421974970,1890462555421974970,100,1891189858154283272,1889967563368800716,7140dibdnow9c7btw4b38zoeq6ggig0iuhq7dtlz0mrli
The Fremont Bridge has closed to traffic at  10:10 AM on 02/14/2025,1890463563019653227,1890463563019653227,100,1891189858154283272,1889967563368800716,7140dibdnow9c7btw4b38zoeq6ggig0iuhq7dtlz0mrli
The 1st Ave S Bridge has reopened to traffic at  10:12 AM on 02/14/2025,1890464067049124227,1890464067049124227,100,1891189858154283272,1889967563368800716,7140dibdnow9c7btw4b38zoeq6ggig0iuhq7dtlz0mrli
The Fremont Bridge has reopened to traffic at  10:16 AM on 02/14/2025,1890465074604830764,1890465074604830764,100,1891189858154283272,1889967563368800716,7140dibdnow9c7btw4b38zoeq6ggig0iuhq7dtlz0mrli
The University Bridge has closed to traffic at  10:30 AM on 02/14/2025,1890468601267982542,1890468601267982542,100,1891189858154283272,1889967563368800716,7140dibdnow9c7btw4b38zoeq6ggig0iuhq7dtlz0mrli
The University Bridge has reopened to traffic at  10:35 AM on 02/14/2025,1890469860658069629,1890469860658069629,100,1891189858154283272,1889967563368800716,7140dibdnow9c7btw4b38zoeq6ggig0iuhq7dtlz0mrli
The Ballard Bridge has closed to traffic at  10:38 AM on 02/14/2025,1890470617415365083,1890470617415365083,100,1891189858154283272,1889967563368800716,7140dibdnow9c7btw4b38zoeq6ggig0iuhq7dtlz0mrli
The Fremont Bridge has closed to traffic at  10:38 AM on 02/14/2025,1890470617822245344,1890470617822245344,100,1891189858154283272,1889967563368800716,7140dibdnow9c7btw4b38zoeq6ggig0iuhq7dtlz0mrli
The Montlake Bridge has closed to traffic at  10:39 AM on 02/14/2025,1890470869950165365,1890470869950165365,100,1891189858154283272,1889967563368800716,7140dibdnow9c7btw4b38zoeq6ggig0iuhq7dtlz0mrli
The Fremont Bridge has reopened to traffic at  10:42 AM on 02/14/2025,1890471625721790560,1890471625721790560,100,1891189858154283272,1889967563368800716,7140dibdnow9c7btw4b38zoeq6ggig0iuhq7dtlz0mrli
The Ballard Bridge has reopened to traffic at  10:43 AM on 02/14/2025,1890471877900136494,1890471877900136494,100,1891189858154283272,1889967563368800716,7140dibdnow9c7btw4b38zoeq6ggig0iuhq7dtlz0mrli
The Montlake Bridge has reopened to traffic at  10:46 AM on 02/14/2025,1890472633575301159,1890472633575301159,100,1891189858154283272,1889967563368800716,7140dibdnow9c7btw4b38zoeq6ggig0iuhq7dtlz0mrli
The Ballard Bridge has closed to traffic at  10:56 AM on 02/14/2025,1890475153961930995,1890475153961930995,100,1891189858154283272,1889967563368800716,7140dibdnow9c7btw4b38zoeq6ggig0iuhq7dtlz0mrli
The Ballard Bridge has reopened to traffic at  11:03 AM on 02/14/2025,1890476919633899884,1890476919633899884,100,1891189858154283272,1889967563368800716,7140dibdnow9c7btw4b38zoeq6ggig0iuhq7dtlz0mrli
The Fremont Bridge has closed to traffic at  12:15 PM on 02/14/2025,1890494989194653975,1890494989194653975,100,1891189858154283272,1889967563368800716,7140dibdnow9c7btw4b38zoeq6ggig0iuhq7dtlz0mrli
The Fremont Bridge has reopened to traffic at  12:19 PM on 02/14/2025,1890495996775538805,1890495996775538805,100,1891189858154283272,1889967563368800716,7140dibdnow9c7btw4b38zoeq6ggig0iuhq7dtlz0mrli
The 1st Ave S Bridge has closed to traffic at  12:44 PM on 02/14/2025,1890502293419900974,1890502293419900974,100,1891189858154283272,1889967563368800716,7140dibdnow9c7btw4b38zoeq6ggig0iuhq7dtlz0mrli
The 1st Ave S Bridge has reopened to traffic at  12:55 PM on 02/14/2025,1890505064638554208,1890505064638554208,100,1891189858154283272,1889967563368800716,7140dibdnow9c7btw4b38zoeq6ggig0iuhq7dtlz0mrli
The Fremont Bridge has closed to traffic at  01:00 PM on 02/14/2025,1890506326046069172,1890506326046069172,100,1891189858154283272,1889967563368800716,7140dibdnow9c7btw4b38zoeq6ggig0iuhq7dtlz0mrli
The Fremont Bridge has reopened to traffic at  01:04 PM on 02/14/2025,1890507334998450576,1890507334998450576,100,1891189858154283272,1889967563368800716,7140dibdnow9c7btw4b38zoeq6ggig0iuhq7dtlz0mrli
The 1st Ave S Bridge has closed to traffic at  01:31 PM on 02/14/2025,1890514136003670516,1890514136003670516,100,1891189858154283272,1889967563368800716,7140dibdnow9c7btw4b38zoeq6ggig0iuhq7dtlz0mrli
The Ballard Bridge has closed to traffic at  01:35 PM on 02/14/2025,1890515143580319934,1890515143580319934,100,1891189858154283272,1889967563368800716,7140dibdnow9c7btw4b38zoeq6ggig0iuhq7dtlz0mrli
The 1st Ave S Bridge has reopened to traffic at  01:39 PM on 02/14/2025,1890516151069008161,1890516151069008161,100,1891189858154283272,1889967563368800716,7140dibdnow9c7btw4b38zoeq6ggig0iuhq7dtlz0mrli
The Ballard Bridge has reopened to traffic at  01:41 PM on 02/14/2025,1890516654972633153,1890516654972633153,100,1891189858154283272,1889967563368800716,7140dibdnow9c7btw4b38zoeq6ggig0iuhq7dtlz0mrli
The Fremont Bridge has closed to traffic at  01:53 PM on 02/14/2025,1890519677916635198,1890519677916635198,100,1891189858154283272,1889967563368800716,7140dibdnow9c7btw4b38zoeq6ggig0iuhq7dtlz0mrli
The Fremont Bridge has reopened to traffic at  02:00 PM on 02/14/2025,1890521441822740667,1890521441822740667,100,1891189858154283272,1889967563368800716,7140dibdnow9c7btw4b38zoeq6ggig0iuhq7dtlz0mrli
The 1st Ave S Bridge has closed to traffic at  02:24 PM on 02/14/2025,1890527486955680230,1890527486955680230,100,1891189858154283272,1889967563368800716,7140dibdnow9c7btw4b38zoeq6ggig0iuhq7dtlz0mrli
The Ballard Bridge has closed to traffic at  02:26 PM on 02/14/2025,1890527990918054191,1890527990918054191,100,1891189858154283272,1889967563368800716,7140dibdnow9c7btw4b38zoeq6ggig0iuhq7dtlz0mrli
The 1st Ave S Bridge has reopened to traffic at  02:27 PM on 02/14/2025,1890528243096383929,1890528243096383929,100,1891189858154283272,1889967563368800716,7140dibdnow9c7btw4b38zoeq6ggig0iuhq7dtlz0mrli
The 1st Ave S Bridge has closed to traffic at  02:32 PM on 02/14/2025,1890529502469714076,1890529502469714076,100,1891189858154283272,1889967563368800716,7140dibdnow9c7btw4b38zoeq6ggig0iuhq7dtlz0mrli
The Ballard Bridge has reopened to traffic at  02:32 PM on 02/14/2025,1890529504122270091,1890529504122270091,100,1891189858154283272,1889967563368800716,7140dibdnow9c7btw4b38zoeq6ggig0iuhq7dtlz0mrli
The 1st Ave S Bridge has reopened to traffic at  02:36 PM on 02/14/2025,1890530511636034031,1890530511636034031,100,1891189858154283272,1889967563368800716,7140dibdnow9c7btw4b38zoeq6ggig0iuhq7dtlz0mrli
The 1st Ave S Bridge has closed to traffic at  06:03 PM on 02/14/2025,1890582571681214903,1890582571681214903,100,1891189858154283272,1889967563368800716,7140dibdnow9c7btw4b38zoeq6ggig0iuhq7dtlz0mrli
The Fremont Bridge has closed to traffic at  06:15 PM on 02/14/2025,1890585595015307530,1890585595015307530,100,1891189858154283272,1889967563368800716,7140dibdnow9c7btw4b38zoeq6ggig0iuhq7dtlz0mrli
The 1st Ave S Bridge has reopened to traffic at  06:16 PM on 02/14/2025,1890585847122243867,1890585847122243867,100,1891189858154283272,1889967563368800716,7140dibdnow9c7btw4b38zoeq6ggig0iuhq7dtlz0mrli
The Fremont Bridge has reopened to traffic at  06:21 PM on 02/14/2025,1890587106499874893,1890587106499874893,100,1891189858154283272,1889967563368800716,7140dibdnow9c7btw4b38zoeq6ggig0iuhq7dtlz0mrli
The Ballard Bridge has closed to traffic at  10:12 PM on 02/14/2025,1890645274097582466,1890645274097582466,100,1891189858154283272,1889967563368800716,7140dibdnow9c7btw4b38zoeq6ggig0iuhq7dtlz0mrli
The Ballard Bridge has reopened to traffic at  10:18 PM on 02/14/2025,1890646786605466025,1890646786605466025,100,1891189858154283272,1889967563368800716,7140dibdnow9c7btw4b38zoeq6ggig0iuhq7dtlz0mrli
The Fremont Bridge has closed to traffic at  10:28 PM on 02/14/2025,1890649243398144068,1890649243398144068,100,1891189858154283272,1889967563368800716,7140dibdnow9c7btw4b38zoeq6ggig0iuhq7dtlz0mrli
The Fremont Bridge has reopened to traffic at  10:34 PM on 02/14/2025,1890650755767599248,1890650755767599248,100,1891189858154283272,1889967563368800716,7140dibdnow9c7btw4b38zoeq6ggig0iuhq7dtlz0mrli
The 1st Ave S Bridge has closed to traffic at  11:48 PM on 02/14/2025,1890669392310182029,1890669392310182029,100,1891189858154283272,1889967563368800716,7140dibdnow9c7btw4b38zoeq6ggig0iuhq7dtlz0mrli
The 1st Ave S Bridge has reopened to traffic at  11:57 PM on 02/14/2025,1890671659897745503,1890671659897745503,100,1891189858154283272,1889967563368800716,7140dibdnow9c7btw4b38zoeq6ggig0iuhq7dtlz0mrli
The Fremont Bridge has closed to traffic at  09:46 AM on 02/15/2025,1890819917454434680,1890819917454434680,100,1891189858154283272,1889967563368800716,7140dibdnow9c7btw4b38zoeq6ggig0iuhq7dtlz0mrli
The Fremont Bridge has reopened to traffic at  09:53 AM on 02/15/2025,1890821681641636154,1890821681641636154,100,1891189858154283272,1889967563368800716,7140dibdnow9c7btw4b38zoeq6ggig0iuhq7dtlz0mrli
The Ballard Bridge has closed to traffic at  10:09 AM on 02/15/2025,1890825712841667027,1890825712841667027,100,1891189858154283272,1889967563368800716,7140dibdnow9c7btw4b38zoeq6ggig0iuhq7dtlz0mrli
The Ballard Bridge has reopened to traffic at  10:16 AM on 02/15/2025,1890827477033140560,1890827477033140560,100,1891189858154283272,1889967563368800716,7140dibdnow9c7btw4b38zoeq6ggig0iuhq7dtlz0mrli
The University Bridge has closed to traffic at  10:18 AM on 02/15/2025,1890827981037404561,1890827981037404561,100,1891189858154283272,1889967563368800716,7140dibdnow9c7btw4b38zoeq6ggig0iuhq7dtlz0mrli
The University Bridge has reopened to traffic at  10:23 AM on 02/15/2025,1890829240393937119,1890829240393937119,100,1891189858154283272,1889967563368800716,7140dibdnow9c7btw4b38zoeq6ggig0iuhq7dtlz0mrli
The Fremont Bridge has closed to traffic at  10:35 AM on 02/15/2025,1890832201430045065,1890832201430045065,100,1891189858154283272,1889967563368800716,7140dibdnow9c7btw4b38zoeq6ggig0iuhq7dtlz0mrli
The Fremont Bridge has reopened to traffic at  10:39 AM on 02/15/2025,1890833210155688004,1890833210155688004,100,1891189858154283272,1889967563368800716,7140dibdnow9c7btw4b38zoeq6ggig0iuhq7dtlz0mrli
The Ballard Bridge has closed to traffic at  10:50 AM on 02/15/2025,1890835981915623697,1890835981915623697,100,1891189858154283272,1889967563368800716,7140dibdnow9c7btw4b38zoeq6ggig0iuhq7dtlz0mrli
The Ballard Bridge has reopened to traffic at  10:53 AM on 02/15/2025,1890836737573982496,1890836737573982496,100,1891189858154283272,1889967563368800716,7140dibdnow9c7btw4b38zoeq6ggig0iuhq7dtlz0mrli
The 1st Ave S Bridge has closed to traffic at  12:19 PM on 02/15/2025,1890858406183104804,1890858406183104804,100,1891189858154283272,1889967563368800716,7140dibdnow9c7btw4b38zoeq6ggig0iuhq7dtlz0mrli
The 1st Ave S Bridge has reopened to traffic at  12:31 PM on 02/15/2025,1890861429328343497,1890861429328343497,100,1891189858154283272,1889967563368800716,7140dibdnow9c7btw4b38zoeq6ggig0iuhq7dtlz0mrli
The 1st Ave S Bridge has closed to traffic at  01:32 PM on 02/15/2025,1890876789876277552,1890876789876277552,100,1891189858154283272,1889967563368800716,7140dibdnow9c7btw4b38zoeq6ggig0iuhq7dtlz0mrli
The 1st Ave S Bridge has reopened to traffic at  01:40 PM on 02/15/2025,1890878805482553448,1890878805482553448,100,1891189858154283272,1889967563368800716,7140dibdnow9c7btw4b38zoeq6ggig0iuhq7dtlz0mrli
The 1st Ave S Bridge has closed to traffic at  03:47 PM on 02/15/2025,1890910724140233191,1890910724140233191,100,1891189858154283272,1889967563368800716,7140dibdnow9c7btw4b38zoeq6ggig0iuhq7dtlz0mrli
The 1st Ave S Bridge has reopened to traffic at  03:56 PM on 02/15/2025,1890912991736152237,1890912991736152237,100,1891189858154283272,1889967563368800716,7140dibdnow9c7btw4b38zoeq6ggig0iuhq7dtlz0mrli
The University Bridge has closed to traffic at  10:07 AM on 02/16/2025,1891187590168190995,1891187590168190995,100,1891189858154283272,1889967563368800716,7140dibdnow9c7btw4b38zoeq6ggig0iuhq7dtlz0mrli
The University Bridge has reopened to traffic at  10:12 AM on 02/16/2025,1891188849558401477,1891188849558401477,100,1891189858154283272,1889967563368800716,7140dibdnow9c7btw4b38zoeq6ggig0iuhq7dtlz0mrli
The Fremont Bridge has closed to traffic at  10:16 AM on 02/16/2025,1891189858154283272,1891189858154283272,100,1891189858154283272,1889967563368800716,7140dibdnow9c7btw4b38zoeq6ggig0iuhq7dtlz0mrli
The Fremont Bridge has reopened to traffic at  10:20 AM on 02/16/2025,1891190865852514451,1891190865852514451,100,1891940796791914613,1891190865852514451,7140dibdnow9c7btw4b3no659o5ac6vtnadkjykx8r38x
The Fremont Bridge has closed to traffic at  10:28 AM on 02/16/2025,1891192882075496698,1891192882075496698,100,1891940796791914613,1891190865852514451,7140dibdnow9c7btw4b3no659o5ac6vtnadkjykx8r38x
The Fremont Bridge has reopened to traffic at  10:31 AM on 02/16/2025,1891193639008879033,1891193639008879033,100,1891940796791914613,1891190865852514451,7140dibdnow9c7btw4b3no659o5ac6vtnadkjykx8r38x
The Ballard Bridge has closed to traffic at  10:44 AM on 02/16/2025,1891196914135405027,1891196914135405027,100,1891940796791914613,1891190865852514451,7140dibdnow9c7btw4b3no659o5ac6vtnadkjykx8r38x
The Ballard Bridge has reopened to traffic at  10:47 AM on 02/16/2025,1891197607063789747,1891197607063789747,100,1891940796791914613,1891190865852514451,7140dibdnow9c7btw4b3no659o5ac6vtnadkjykx8r38x
The Montlake Bridge has closed to traffic at  11:23 AM on 02/16/2025,1891206682409390485,1891206682409390485,100,1891940796791914613,1891190865852514451,7140dibdnow9c7btw4b3no659o5ac6vtnadkjykx8r38x
The Montlake Bridge has reopened to traffic at  11:30 AM on 02/16/2025,1891208446625902774,1891208446625902774,100,1891940796791914613,1891190865852514451,7140dibdnow9c7btw4b3no659o5ac6vtnadkjykx8r38x
The University Bridge has closed to traffic at  11:34 AM on 02/16/2025,1891209454026387678,1891209454026387678,100,1891940796791914613,1891190865852514451,7140dibdnow9c7btw4b3no659o5ac6vtnadkjykx8r38x
The University Bridge has reopened to traffic at  11:38 AM on 02/16/2025,1891210461678629317,1891210461678629317,100,1891940796791914613,1891190865852514451,7140dibdnow9c7btw4b3no659o5ac6vtnadkjykx8r38x
The University Bridge has closed to traffic at  12:00 PM on 02/16/2025,1891216002958172512,1891216002958172512,100,1891940796791914613,1891190865852514451,7140dibdnow9c7btw4b3no659o5ac6vtnadkjykx8r38x
The University Bridge has reopened to traffic at  12:04 PM on 02/16/2025,1891217010794893541,1891217010794893541,100,1891940796791914613,1891190865852514451,7140dibdnow9c7btw4b3no659o5ac6vtnadkjykx8r38x
The University Bridge has closed to traffic at  12:08 PM on 02/16/2025,1891218018338025650,1891218018338025650,100,1891940796791914613,1891190865852514451,7140dibdnow9c7btw4b3no659o5ac6vtnadkjykx8r38x
The University Bridge has reopened to traffic at  12:12 PM on 02/16/2025,1891219025805631631,1891219025805631631,100,1891940796791914613,1891190865852514451,7140dibdnow9c7btw4b3no659o5ac6vtnadkjykx8r38x
The Ballard Bridge has closed to traffic at  12:14 PM on 02/16/2025,1891219529742811245,1891219529742811245,100,1891940796791914613,1891190865852514451,7140dibdnow9c7btw4b3no659o5ac6vtnadkjykx8r38x
The Ballard Bridge has reopened to traffic at  12:17 PM on 02/16/2025,1891220285443244375,1891220285443244375,100,1891940796791914613,1891190865852514451,7140dibdnow9c7btw4b3no659o5ac6vtnadkjykx8r38x
The Fremont Bridge has closed to traffic at  12:32 PM on 02/16/2025,1891224064150442002,1891224064150442002,100,1891940796791914613,1891190865852514451,7140dibdnow9c7btw4b3no659o5ac6vtnadkjykx8r38x
The Fremont Bridge has reopened to traffic at  12:36 PM on 02/16/2025,1891225071739666782,1891225071739666782,100,1891940796791914613,1891190865852514451,7140dibdnow9c7btw4b3no659o5ac6vtnadkjykx8r38x
The Ballard Bridge has closed to traffic at  12:46 PM on 02/16/2025,1891227591467733013,1891227591467733013,100,1891940796791914613,1891190865852514451,7140dibdnow9c7btw4b3no659o5ac6vtnadkjykx8r38x
The Ballard Bridge has reopened to traffic at  12:50 PM on 02/16/2025,1891228598939599190,1891228598939599190,100,1891940796791914613,1891190865852514451,7140dibdnow9c7btw4b3no659o5ac6vtnadkjykx8r38x
The Fremont Bridge has closed to traffic at  01:06 PM on 02/16/2025,1891232630789833204,1891232630789833204,100,1891940796791914613,1891190865852514451,7140dibdnow9c7btw4b3no659o5ac6vtnadkjykx8r38x
The Fremont Bridge has reopened to traffic at  01:10 PM on 02/16/2025,1891233638307762516,1891233638307762516,100,1891940796791914613,1891190865852514451,7140dibdnow9c7btw4b3no659o5ac6vtnadkjykx8r38x
The University Bridge has closed to traffic at  01:20 PM on 02/16/2025,1891236157897515170,1891236157897515170,100,1891940796791914613,1891190865852514451,7140dibdnow9c7btw4b3no659o5ac6vtnadkjykx8r38x
The University Bridge has reopened to traffic at  01:24 PM on 02/16/2025,1891237165335728212,1891237165335728212,100,1891940796791914613,1891190865852514451,7140dibdnow9c7btw4b3no659o5ac6vtnadkjykx8r38x
The Fremont Bridge has closed to traffic at  02:58 PM on 02/16/2025,1891260774787809605,1891260774787809605,100,1891940796791914613,1891190865852514451,7140dibdnow9c7btw4b3no659o5ac6vtnadkjykx8r38x
The Fremont Bridge has reopened to traffic at  03:02 PM on 02/16/2025,1891261783001989201,1891261783001989201,100,1891940796791914613,1891190865852514451,7140dibdnow9c7btw4b3no659o5ac6vtnadkjykx8r38x
The University Bridge has closed to traffic at  03:49 PM on 02/16/2025,1891273618820419828,1891273618820419828,100,1891940796791914613,1891190865852514451,7140dibdnow9c7btw4b3no659o5ac6vtnadkjykx8r38x
The University Bridge has reopened to traffic at  03:53 PM on 02/16/2025,1891274626560676089,1891274626560676089,100,1891940796791914613,1891190865852514451,7140dibdnow9c7btw4b3no659o5ac6vtnadkjykx8r38x
The University Bridge has closed to traffic at  04:03 PM on 02/16/2025,1891277146234171647,1891277146234171647,100,1891940796791914613,1891190865852514451,7140dibdnow9c7btw4b3no659o5ac6vtnadkjykx8r38x
The University Bridge has reopened to traffic at  04:06 PM on 02/16/2025,1891277901921923557,1891277901921923557,100,1891940796791914613,1891190865852514451,7140dibdnow9c7btw4b3no659o5ac6vtnadkjykx8r38x
The Montlake Bridge has closed to traffic at  04:11 PM on 02/16/2025,1891279161349816710,1891279161349816710,100,1891940796791914613,1891190865852514451,7140dibdnow9c7btw4b3no659o5ac6vtnadkjykx8r38x
The Montlake Bridge has reopened to traffic at  04:15 PM on 02/16/2025,1891280169996067067,1891280169996067067,100,1891940796791914613,1891190865852514451,7140dibdnow9c7btw4b3no659o5ac6vtnadkjykx8r38x
The Ballard Bridge has closed to traffic at  05:27 PM on 02/16/2025,1891298301250867213,1891298301250867213,100,1891940796791914613,1891190865852514451,7140dibdnow9c7btw4b3no659o5ac6vtnadkjykx8r38x
The Ballard Bridge has reopened to traffic at  05:33 PM on 02/16/2025,1891299813532299539,1891299813532299539,100,1891940796791914613,1891190865852514451,7140dibdnow9c7btw4b3no659o5ac6vtnadkjykx8r38x
The Fremont Bridge has closed to traffic at  05:41 PM on 02/16/2025,1891301829411315905,1891301829411315905,100,1891940796791914613,1891190865852514451,7140dibdnow9c7btw4b3no659o5ac6vtnadkjykx8r38x
The Fremont Bridge has reopened to traffic at  05:48 PM on 02/16/2025,1891303593418097107,1891303593418097107,100,1891940796791914613,1891190865852514451,7140dibdnow9c7btw4b3no659o5ac6vtnadkjykx8r38x
The University Bridge has closed to traffic at  05:58 PM on 02/16/2025,1891306113003655454,1891306113003655454,100,1891940796791914613,1891190865852514451,7140dibdnow9c7btw4b3no659o5ac6vtnadkjykx8r38x
The University Bridge has reopened to traffic at  06:05 PM on 02/16/2025,1891307877429907589,1891307877429907589,100,1891940796791914613,1891190865852514451,7140dibdnow9c7btw4b3no659o5ac6vtnadkjykx8r38x
The Montlake Bridge has closed to traffic at  06:08 PM on 02/16/2025,1891308633461555312,1891308633461555312,100,1891940796791914613,1891190865852514451,7140dibdnow9c7btw4b3no659o5ac6vtnadkjykx8r38x
The Montlake Bridge has reopened to traffic at  06:15 PM on 02/16/2025,1891310397640360264,1891310397640360264,100,1891940796791914613,1891190865852514451,7140dibdnow9c7btw4b3no659o5ac6vtnadkjykx8r38x
The University Bridge has closed to traffic at  06:23 PM on 02/16/2025,1891312413443772855,1891312413443772855,100,1891940796791914613,1891190865852514451,7140dibdnow9c7btw4b3no659o5ac6vtnadkjykx8r38x
The University Bridge has reopened to traffic at  06:26 PM on 02/16/2025,1891313169630634191,1891313169630634191,100,1891940796791914613,1891190865852514451,7140dibdnow9c7btw4b3no659o5ac6vtnadkjykx8r38x
The Montlake Bridge has closed to traffic at  09:27 PM on 02/16/2025,1891358686091911282,1891358686091911282,100,1891940796791914613,1891190865852514451,7140dibdnow9c7btw4b3no659o5ac6vtnadkjykx8r38x
The Montlake Bridge has reopened to traffic at  09:34 PM on 02/16/2025,1891360450350346281,1891360450350346281,100,1891940796791914613,1891190865852514451,7140dibdnow9c7btw4b3no659o5ac6vtnadkjykx8r38x
The University Bridge has closed to traffic at  09:35 PM on 02/16/2025,1891360702532919494,1891360702532919494,100,1891940796791914613,1891190865852514451,7140dibdnow9c7btw4b3no659o5ac6vtnadkjykx8r38x
The University Bridge has reopened to traffic at  09:43 PM on 02/16/2025,1891362718491550030,1891362718491550030,100,1891940796791914613,1891190865852514451,7140dibdnow9c7btw4b3no659o5ac6vtnadkjykx8r38x
The Fremont Bridge has closed to traffic at  09:58 PM on 02/16/2025,1891366497198690711,1891366497198690711,100,1891940796791914613,1891190865852514451,7140dibdnow9c7btw4b3no659o5ac6vtnadkjykx8r38x
The Fremont Bridge has reopened to traffic at  10:05 PM on 02/16/2025,1891368261813756263,1891368261813756263,100,1891940796791914613,1891190865852514451,7140dibdnow9c7btw4b3no659o5ac6vtnadkjykx8r38x
The Ballard Bridge has closed to traffic at  10:15 PM on 02/16/2025,1891370781697053131,1891370781697053131,100,1891940796791914613,1891190865852514451,7140dibdnow9c7btw4b3no659o5ac6vtnadkjykx8r38x
The Ballard Bridge has reopened to traffic at  10:22 PM on 02/16/2025,1891372546047795375,1891372546047795375,100,1891940796791914613,1891190865852514451,7140dibdnow9c7btw4b3no659o5ac6vtnadkjykx8r38x
The 1st Ave S Bridge has closed to traffic at  09:04 AM on 02/17/2025,1891534129763869070,1891534129763869070,100,1891940796791914613,1891190865852514451,7140dibdnow9c7btw4b3no659o5ac6vtnadkjykx8r38x
The 1st Ave S Bridge has reopened to traffic at  09:10 AM on 02/17/2025,1891535642242449489,1891535642242449489,100,1891940796791914613,1891190865852514451,7140dibdnow9c7btw4b3no659o5ac6vtnadkjykx8r38x
The Lower Spokane St Bridge has reopened to traffic at  09:23 AM on 02/17/2025,1891538916915937414,1891538916915937414,100,1891940796791914613,1891190865852514451,7140dibdnow9c7btw4b3no659o5ac6vtnadkjykx8r38x
The Ballard Bridge has closed to traffic at  09:33 AM on 02/17/2025,1891541374169907529,1891541374169907529,100,1891940796791914613,1891190865852514451,7140dibdnow9c7btw4b3no659o5ac6vtnadkjykx8r38x
The Ballard Bridge has reopened to traffic at  09:38 AM on 02/17/2025,1891542633618735613,1891542633618735613,100,1891940796791914613,1891190865852514451,7140dibdnow9c7btw4b3no659o5ac6vtnadkjykx8r38x
The Fremont Bridge has closed to traffic at  09:42 AM on 02/17/2025,1891543642529202263,1891543642529202263,100,1891940796791914613,1891190865852514451,7140dibdnow9c7btw4b3no659o5ac6vtnadkjykx8r38x
The Ballard Bridge has closed to traffic at  09:45 AM on 02/17/2025,1891544398254711132,1891544398254711132,100,1891940796791914613,1891190865852514451,7140dibdnow9c7btw4b3no659o5ac6vtnadkjykx8r38x
The Ballard Bridge has reopened to traffic at  09:49 AM on 02/17/2025,1891545405990764770,1891545405990764770,100,1891940796791914613,1891190865852514451,7140dibdnow9c7btw4b3no659o5ac6vtnadkjykx8r38x
The University Bridge has closed to traffic at  09:50 AM on 02/17/2025,1891545658139836857,1891545658139836857,100,1891940796791914613,1891190865852514451,7140dibdnow9c7btw4b3no659o5ac6vtnadkjykx8r38x
The Fremont Bridge has reopened to traffic at  09:51 AM on 02/17/2025,1891545910293012603,1891545910293012603,100,1891940796791914613,1891190865852514451,7140dibdnow9c7btw4b3no659o5ac6vtnadkjykx8r38x
The University Bridge has reopened to traffic at  09:52 AM on 02/17/2025,1891546162756505635,1891546162756505635,100,1891940796791914613,1891190865852514451,7140dibdnow9c7btw4b3no659o5ac6vtnadkjykx8r38x
The Fremont Bridge has closed to traffic at  10:21 AM on 02/17/2025,1891553467443052824,1891553467443052824,100,1891940796791914613,1891190865852514451,7140dibdnow9c7btw4b3no659o5ac6vtnadkjykx8r38x
The Fremont Bridge has reopened to traffic at  10:25 AM on 02/17/2025,1891554474981982593,1891554474981982593,100,1891940796791914613,1891190865852514451,7140dibdnow9c7btw4b3no659o5ac6vtnadkjykx8r38x
The Ballard Bridge has closed to traffic at  10:50 AM on 02/17/2025,1891560771924132006,1891560771924132006,100,1891940796791914613,1891190865852514451,7140dibdnow9c7btw4b3no659o5ac6vtnadkjykx8r38x
The Ballard Bridge has reopened to traffic at  10:56 AM on 02/17/2025,1891562284314657044,1891562284314657044,100,1891940796791914613,1891190865852514451,7140dibdnow9c7btw4b3no659o5ac6vtnadkjykx8r38x
The Fremont Bridge has closed to traffic at  10:59 AM on 02/17/2025,1891563040061128897,1891563040061128897,100,1891940796791914613,1891190865852514451,7140dibdnow9c7btw4b3no659o5ac6vtnadkjykx8r38x
The Fremont Bridge has reopened to traffic at  11:08 AM on 02/17/2025,1891565309527720237,1891565309527720237,100,1891940796791914613,1891190865852514451,7140dibdnow9c7btw4b3no659o5ac6vtnadkjykx8r38x
The Ballard Bridge has closed to traffic at  11:19 AM on 02/17/2025,1891568082357047734,1891568082357047734,100,1891940796791914613,1891190865852514451,7140dibdnow9c7btw4b3no659o5ac6vtnadkjykx8r38x
The 1st Ave S Bridge has closed to traffic at  11:23 AM on 02/17/2025,1891569090273345587,1891569090273345587,100,1891940796791914613,1891190865852514451,7140dibdnow9c7btw4b3no659o5ac6vtnadkjykx8r38x
The Ballard Bridge has reopened to traffic at  11:25 AM on 02/17/2025,1891569594206499278,1891569594206499278,100,1891940796791914613,1891190865852514451,7140dibdnow9c7btw4b3no659o5ac6vtnadkjykx8r38x
The 1st Ave S Bridge has reopened to traffic at  11:34 AM on 02/17/2025,1891571862091727222,1891571862091727222,100,1891940796791914613,1891190865852514451,7140dibdnow9c7btw4b3no659o5ac6vtnadkjykx8r38x
The Fremont Bridge has closed to traffic at  12:07 PM on 02/17/2025,1891580173725860195,1891580173725860195,100,1891940796791914613,1891190865852514451,7140dibdnow9c7btw4b3no659o5ac6vtnadkjykx8r38x
The Fremont Bridge has reopened to traffic at  12:13 PM on 02/17/2025,1891581686489678100,1891581686489678100,100,1891940796791914613,1891190865852514451,7140dibdnow9c7btw4b3no659o5ac6vtnadkjykx8r38x
The University Bridge has closed to traffic at  12:31 PM on 02/17/2025,1891586220821709209,1891586220821709209,100,1891940796791914613,1891190865852514451,7140dibdnow9c7btw4b3no659o5ac6vtnadkjykx8r38x
The University Bridge has reopened to traffic at  12:32 PM on 02/17/2025,1891586473096511583,1891586473096511583,100,1891940796791914613,1891190865852514451,7140dibdnow9c7btw4b3no659o5ac6vtnadkjykx8r38x
The 1st Ave S Bridge has closed to traffic at  03:15 PM on 02/17/2025,1891627455229854175,1891627455229854175,100,1891940796791914613,1891190865852514451,7140dibdnow9c7btw4b3no659o5ac6vtnadkjykx8r38x
The Fremont Bridge has closed to traffic at  03:15 PM on 02/17/2025,1891627455624118406,1891627455624118406,100,1891940796791914613,1891190865852514451,7140dibdnow9c7btw4b3no659o5ac6vtnadkjykx8r38x
The Fremont Bridge has reopened to traffic at  03:20 PM on 02/17/2025,1891628714796122506,1891628714796122506,100,1891940796791914613,1891190865852514451,7140dibdnow9c7btw4b3no659o5ac6vtnadkjykx8r38x
The 1st Ave S Bridge has reopened to traffic at  03:25 PM on 02/17/2025,1891629975595622693,1891629975595622693,100,1891940796791914613,1891190865852514451,7140dibdnow9c7btw4b3no659o5ac6vtnadkjykx8r38x
The University Bridge has closed to traffic at  05:18 PM on 02/17/2025,1891658430127145103,1891658430127145103,100,1891940796791914613,1891190865852514451,7140dibdnow9c7btw4b3no659o5ac6vtnadkjykx8r38x
The University Bridge has reopened to traffic at  05:36 PM on 02/17/2025,1891662964123631903,1891662964123631903,100,1891940796791914613,1891190865852514451,7140dibdnow9c7btw4b3no659o5ac6vtnadkjykx8r38x
The University Bridge has closed to traffic at  08:47 PM on 02/17/2025,1891710999209836774,1891710999209836774,100,1891940796791914613,1891190865852514451,7140dibdnow9c7btw4b3no659o5ac6vtnadkjykx8r38x
The University Bridge has reopened to traffic at  08:53 PM on 02/17/2025,1891712512745406649,1891712512745406649,100,1891940796791914613,1891190865852514451,7140dibdnow9c7btw4b3no659o5ac6vtnadkjykx8r38x
The University Bridge has closed to traffic at  09:06 PM on 02/17/2025,1891715788354277731,1891715788354277731,100,1891940796791914613,1891190865852514451,7140dibdnow9c7btw4b3no659o5ac6vtnadkjykx8r38x
The University Bridge has reopened to traffic at  09:10 PM on 02/17/2025,1891716796132339961,1891716796132339961,100,1891940796791914613,1891190865852514451,7140dibdnow9c7btw4b3no659o5ac6vtnadkjykx8r38x
The 1st Ave S Bridge has closed to traffic at  09:04 AM on 02/18/2025,1891896522062823846,1891896522062823846,100,1891940796791914613,1891190865852514451,7140dibdnow9c7btw4b3no659o5ac6vtnadkjykx8r38x
The 1st Ave S Bridge has reopened to traffic at  09:13 AM on 02/18/2025,1891898728052576670,1891898728052576670,100,1891940796791914613,1891190865852514451,7140dibdnow9c7btw4b3no659o5ac6vtnadkjykx8r38x
The Ballard Bridge has closed to traffic at  10:13 AM on 02/18/2025,1891913837982646647,1891913837982646647,100,1891940796791914613,1891190865852514451,7140dibdnow9c7btw4b3no659o5ac6vtnadkjykx8r38x
The Ballard Bridge has reopened to traffic at  10:17 AM on 02/18/2025,1891914845454467439,1891914845454467439,100,1891940796791914613,1891190865852514451,7140dibdnow9c7btw4b3no659o5ac6vtnadkjykx8r38x
The Lower Spokane St Bridge has reopened to traffic at  10:18 AM on 02/18/2025,1891915097758662728,1891915097758662728,100,1891940796791914613,1891190865852514451,7140dibdnow9c7btw4b3no659o5ac6vtnadkjykx8r38x
The Fremont Bridge has closed to traffic at  10:30 AM on 02/18/2025,1891918120572551307,1891918120572551307,100,1891940796791914613,1891190865852514451,7140dibdnow9c7btw4b3no659o5ac6vtnadkjykx8r38x
The Fremont Bridge has reopened to traffic at  10:34 AM on 02/18/2025,1891919128170201272,1891919128170201272,100,1891940796791914613,1891190865852514451,7140dibdnow9c7btw4b3no659o5ac6vtnadkjykx8r38x
The Ballard Bridge has closed to traffic at  10:41 AM on 02/18/2025,1891920892953014565,1891920892953014565,100,1891940796791914613,1891190865852514451,7140dibdnow9c7btw4b3no659o5ac6vtnadkjykx8r38x
The Ballard Bridge has reopened to traffic at  10:49 AM on 02/18/2025,1891922909687353400,1891922909687353400,100,1891940796791914613,1891190865852514451,7140dibdnow9c7btw4b3no659o5ac6vtnadkjykx8r38x
The Fremont Bridge has closed to traffic at  11:01 AM on 02/18/2025,1891925932874793345,1891925932874793345,100,1891940796791914613,1891190865852514451,7140dibdnow9c7btw4b3no659o5ac6vtnadkjykx8r38x
The Fremont Bridge has reopened to traffic at  11:09 AM on 02/18/2025,1891927949856915868,1891927949856915868,100,1891940796791914613,1891190865852514451,7140dibdnow9c7btw4b3no659o5ac6vtnadkjykx8r38x
The University Bridge has closed to traffic at  11:36 AM on 02/18/2025,1891934749834477950,1891934749834477950,100,1891940796791914613,1891190865852514451,7140dibdnow9c7btw4b3no659o5ac6vtnadkjykx8r38x
The University Bridge has reopened to traffic at  11:43 AM on 02/18/2025,1891936513858171340,1891936513858171340,100,1891940796791914613,1891190865852514451,7140dibdnow9c7btw4b3no659o5ac6vtnadkjykx8r38x
The Fremont Bridge has closed to traffic at  11:55 AM on 02/18/2025,1891939536961454135,1891939536961454135,100,1891940796791914613,1891190865852514451,7140dibdnow9c7btw4b3no659o5ac6vtnadkjykx8r38x
The Ballard Bridge has closed to traffic at  11:59 AM on 02/18/2025,1891940544580026862,1891940544580026862,100,1891940796791914613,1891190865852514451,7140dibdnow9c7btw4b3no659o5ac6vtnadkjykx8r38x
The Fremont Bridge has reopened to traffic at  12:00 PM on 02/18/2025,1891940796791914613,1891940796791914613,100,1891940796791914613,1891190865852514451,7140dibdnow9c7btw4b3no659o5ac6vtnadkjykx8r38x
The Ballard Bridge has reopened to traffic at  12:05 PM on 02/18/2025,1891942056031137833,1891942056031137833,100,1892764433489023133,1891942056031137833,7140dibdnow9c7btw4b3no8jdigazkzv8qps3x0h5dxdf
The Fremont Bridge has closed to traffic at  12:14 PM on 02/18/2025,1891944323287228714,1891944323287228714,100,1892764433489023133,1891942056031137833,7140dibdnow9c7btw4b3no8jdigazkzv8qps3x0h5dxdf
The Fremont Bridge has reopened to traffic at  12:21 PM on 02/18/2025,1891946087222747495,1891946087222747495,100,1892764433489023133,1891942056031137833,7140dibdnow9c7btw4b3no8jdigazkzv8qps3x0h5dxdf
The Montlake Bridge has closed to traffic at  12:26 PM on 02/18/2025,1891947346415714673,1891947346415714673,100,1892764433489023133,1891942056031137833,7140dibdnow9c7btw4b3no8jdigazkzv8qps3x0h5dxdf
The 1st Ave S Bridge has closed to traffic at  12:29 PM on 02/18/2025,1891948104007680260,1891948104007680260,100,1892764433489023133,1891942056031137833,7140dibdnow9c7btw4b3no8jdigazkzv8qps3x0h5dxdf
The University Bridge has closed to traffic at  12:32 PM on 02/18/2025,1891948864284000523,1891948864284000523,100,1892764433489023133,1891942056031137833,7140dibdnow9c7btw4b3no8jdigazkzv8qps3x0h5dxdf
The Montlake Bridge has reopened to traffic at  12:33 PM on 02/18/2025,1891949116516860086,1891949116516860086,100,1892764433489023133,1891942056031137833,7140dibdnow9c7btw4b3no8jdigazkzv8qps3x0h5dxdf
The 1st Ave S Bridge has reopened to traffic at  12:39 PM on 02/18/2025,1891950628878025191,1891950628878025191,100,1892764433489023133,1891942056031137833,7140dibdnow9c7btw4b3no8jdigazkzv8qps3x0h5dxdf
The Montlake Bridge has closed to traffic at  12:46 PM on 02/18/2025,1891952330129694971,1891952330129694971,100,1892764433489023133,1891942056031137833,7140dibdnow9c7btw4b3no8jdigazkzv8qps3x0h5dxdf
The University Bridge has reopened to traffic at  12:46 PM on 02/18/2025,1891952330498769166,1891952330498769166,100,1892764433489023133,1891942056031137833,7140dibdnow9c7btw4b3no8jdigazkzv8qps3x0h5dxdf
The Fremont Bridge has closed to traffic at  12:47 PM on 02/18/2025,1891952582765183338,1891952582765183338,100,1892764433489023133,1891942056031137833,7140dibdnow9c7btw4b3no8jdigazkzv8qps3x0h5dxdf
The 1st Ave S Bridge has closed to traffic at  12:49 PM on 02/18/2025,1891953086752751634,1891953086752751634,100,1892764433489023133,1891942056031137833,7140dibdnow9c7btw4b3no8jdigazkzv8qps3x0h5dxdf
The 1st Ave S Bridge has reopened to traffic at  12:52 PM on 02/18/2025,1891953842566373831,1891953842566373831,100,1892764433489023133,1891942056031137833,7140dibdnow9c7btw4b3no8jdigazkzv8qps3x0h5dxdf
The Fremont Bridge has reopened to traffic at  12:53 PM on 02/18/2025,1891954094799200561,1891954094799200561,100,1892764433489023133,1891942056031137833,7140dibdnow9c7btw4b3no8jdigazkzv8qps3x0h5dxdf
The Montlake Bridge has reopened to traffic at  12:55 PM on 02/18/2025,1891954598929445217,1891954598929445217,100,1892764433489023133,1891942056031137833,7140dibdnow9c7btw4b3no8jdigazkzv8qps3x0h5dxdf
The Fremont Bridge has closed to traffic at  01:06 PM on 02/18/2025,1891957370475196642,1891957370475196642,100,1892764433489023133,1891942056031137833,7140dibdnow9c7btw4b3no8jdigazkzv8qps3x0h5dxdf
The 1st Ave S Bridge has closed to traffic at  01:10 PM on 02/18/2025,1891958378047603080,1891958378047603080,100,1892764433489023133,1891942056031137833,7140dibdnow9c7btw4b3no8jdigazkzv8qps3x0h5dxdf
The Fremont Bridge has reopened to traffic at  01:11 PM on 02/18/2025,1891958630263714224,1891958630263714224,100,1892764433489023133,1891942056031137833,7140dibdnow9c7btw4b3no8jdigazkzv8qps3x0h5dxdf
The 1st Ave S Bridge has reopened to traffic at  01:17 PM on 02/18/2025,1891960142507409759,1891960142507409759,100,1892764433489023133,1891942056031137833,7140dibdnow9c7btw4b3no8jdigazkzv8qps3x0h5dxdf
The 1st Ave S Bridge has closed to traffic at  01:27 PM on 02/18/2025,1891962661887410658,1891962661887410658,100,1892764433489023133,1891942056031137833,7140dibdnow9c7btw4b3no8jdigazkzv8qps3x0h5dxdf
The 1st Ave S Bridge has reopened to traffic at  01:34 PM on 02/18/2025,1891964426112336327,1891964426112336327,100,1892764433489023133,1891942056031137833,7140dibdnow9c7btw4b3no8jdigazkzv8qps3x0h5dxdf
The Fremont Bridge has closed to traffic at  01:55 PM on 02/18/2025,1891969715230343309,1891969715230343309,100,1892764433489023133,1891942056031137833,7140dibdnow9c7btw4b3no8jdigazkzv8qps3x0h5dxdf
The Fremont Bridge has reopened to traffic at  02:03 PM on 02/18/2025,1891971730937352335,1891971730937352335,100,1892764433489023133,1891942056031137833,7140dibdnow9c7btw4b3no8jdigazkzv8qps3x0h5dxdf
The Ballard Bridge has closed to traffic at  02:18 PM on 02/18/2025,1891975509329969542,1891975509329969542,100,1892764433489023133,1891942056031137833,7140dibdnow9c7btw4b3no8jdigazkzv8qps3x0h5dxdf
The Ballard Bridge has reopened to traffic at  02:25 PM on 02/18/2025,1891977273626198310,1891977273626198310,100,1892764433489023133,1891942056031137833,7140dibdnow9c7btw4b3no8jdigazkzv8qps3x0h5dxdf
The 1st Ave S Bridge has closed to traffic at  02:40 PM on 02/18/2025,1891981052488581252,1891981052488581252,100,1892764433489023133,1891942056031137833,7140dibdnow9c7btw4b3no8jdigazkzv8qps3x0h5dxdf
The 1st Ave S Bridge has reopened to traffic at  02:51 PM on 02/18/2025,1891983823661121648,1891983823661121648,100,1892764433489023133,1891942056031137833,7140dibdnow9c7btw4b3no8jdigazkzv8qps3x0h5dxdf
The Montlake Bridge has closed to traffic at  03:51 PM on 02/18/2025,1891998935448969361,1891998935448969361,100,1892764433489023133,1891942056031137833,7140dibdnow9c7btw4b3no8jdigazkzv8qps3x0h5dxdf
The Montlake Bridge has reopened to traffic at  03:59 PM on 02/18/2025,1892000951382442059,1892000951382442059,100,1892764433489023133,1891942056031137833,7140dibdnow9c7btw4b3no8jdigazkzv8qps3x0h5dxdf
The University Bridge has closed to traffic at  04:00 PM on 02/18/2025,1892001203590136025,1892001203590136025,100,1892764433489023133,1891942056031137833,7140dibdnow9c7btw4b3no8jdigazkzv8qps3x0h5dxdf
The University Bridge has reopened to traffic at  04:07 PM on 02/18/2025,1892002968351932704,1892002968351932704,100,1892764433489023133,1891942056031137833,7140dibdnow9c7btw4b3no8jdigazkzv8qps3x0h5dxdf
The Fremont Bridge has closed to traffic at  04:19 PM on 02/18/2025,1892005991350432194,1892005991350432194,100,1892764433489023133,1891942056031137833,7140dibdnow9c7btw4b3no8jdigazkzv8qps3x0h5dxdf
The Fremont Bridge has reopened to traffic at  04:24 PM on 02/18/2025,1892007250820272224,1892007250820272224,100,1892764433489023133,1891942056031137833,7140dibdnow9c7btw4b3no8jdigazkzv8qps3x0h5dxdf
The Ballard Bridge has closed to traffic at  04:38 PM on 02/18/2025,1892010714484834318,1892010714484834318,100,1892764433489023133,1891942056031137833,7140dibdnow9c7btw4b3no8jdigazkzv8qps3x0h5dxdf
The Ballard Bridge has reopened to traffic at  04:48 PM on 02/18/2025,1892013234594644444,1892013234594644444,100,1892764433489023133,1891942056031137833,7140dibdnow9c7btw4b3no8jdigazkzv8qps3x0h5dxdf
The Ballard Bridge has closed to traffic at  05:32 AM on 02/19/2025,1892205505248202876,1892205505248202876,100,1892764433489023133,1891942056031137833,7140dibdnow9c7btw4b3no8jdigazkzv8qps3x0h5dxdf
The Ballard Bridge has reopened to traffic at  05:38 AM on 02/19/2025,1892207017831583919,1892207017831583919,100,1892764433489023133,1891942056031137833,7140dibdnow9c7btw4b3no8jdigazkzv8qps3x0h5dxdf
The Fremont Bridge has closed to traffic at  05:52 AM on 02/19/2025,1892210544729530541,1892210544729530541,100,1892764433489023133,1891942056031137833,7140dibdnow9c7btw4b3no8jdigazkzv8qps3x0h5dxdf
The Fremont Bridge has reopened to traffic at  05:57 AM on 02/19/2025,1892211803964539097,1892211803964539097,100,1892764433489023133,1891942056031137833,7140dibdnow9c7btw4b3no8jdigazkzv8qps3x0h5dxdf
The Ballard Bridge has closed to traffic at  09:01 AM on 02/19/2025,1892258139191595086,1892258139191595086,100,1892764433489023133,1891942056031137833,7140dibdnow9c7btw4b3no8jdigazkzv8qps3x0h5dxdf
The Ballard Bridge has reopened to traffic at  09:05 AM on 02/19/2025,1892259146818555976,1892259146818555976,100,1892764433489023133,1891942056031137833,7140dibdnow9c7btw4b3no8jdigazkzv8qps3x0h5dxdf
The Fremont Bridge has closed to traffic at  10:17 AM on 02/19/2025,1892277277343568259,1892277277343568259,100,1892764433489023133,1891942056031137833,7140dibdnow9c7btw4b3no8jdigazkzv8qps3x0h5dxdf
The Fremont Bridge has reopened to traffic at  10:22 AM on 02/19/2025,1892278537278935469,1892278537278935469,100,1892764433489023133,1891942056031137833,7140dibdnow9c7btw4b3no8jdigazkzv8qps3x0h5dxdf
The Fremont Bridge has closed to traffic at  10:43 AM on 02/19/2025,1892283827579764885,1892283827579764885,100,1892764433489023133,1891942056031137833,7140dibdnow9c7btw4b3no8jdigazkzv8qps3x0h5dxdf
The Fremont Bridge has reopened to traffic at  10:50 AM on 02/19/2025,1892285528932044891,1892285528932044891,100,1892764433489023133,1891942056031137833,7140dibdnow9c7btw4b3no8jdigazkzv8qps3x0h5dxdf
The Fremont Bridge has closed to traffic at  12:47 PM on 02/19/2025,1892314991895990732,1892314991895990732,100,1892764433489023133,1891942056031137833,7140dibdnow9c7btw4b3no8jdigazkzv8qps3x0h5dxdf
The Ballard Bridge has closed to traffic at  12:51 PM on 02/19/2025,1892316001628541110,1892316001628541110,100,1892764433489023133,1891942056031137833,7140dibdnow9c7btw4b3no8jdigazkzv8qps3x0h5dxdf
The Fremont Bridge has reopened to traffic at  12:51 PM on 02/19/2025,1892316002610008213,1892316002610008213,100,1892764433489023133,1891942056031137833,7140dibdnow9c7btw4b3no8jdigazkzv8qps3x0h5dxdf
The Ballard Bridge has reopened to traffic at  12:57 PM on 02/19/2025,1892317515008922106,1892317515008922106,100,1892764433489023133,1891942056031137833,7140dibdnow9c7btw4b3no8jdigazkzv8qps3x0h5dxdf
The Fremont Bridge has closed to traffic at  01:06 PM on 02/19/2025,1892319783858917682,1892319783858917682,100,1892764433489023133,1891942056031137833,7140dibdnow9c7btw4b3no8jdigazkzv8qps3x0h5dxdf
The Fremont Bridge has reopened to traffic at  01:13 PM on 02/19/2025,1892321549233139867,1892321549233139867,100,1892764433489023133,1891942056031137833,7140dibdnow9c7btw4b3no8jdigazkzv8qps3x0h5dxdf
The University Bridge has closed to traffic at  01:25 PM on 02/19/2025,1892324572772651458,1892324572772651458,100,1892764433489023133,1891942056031137833,7140dibdnow9c7btw4b3no8jdigazkzv8qps3x0h5dxdf
The University Bridge has reopened to traffic at  01:32 PM on 02/19/2025,1892326337194684787,1892326337194684787,100,1892764433489023133,1891942056031137833,7140dibdnow9c7btw4b3no8jdigazkzv8qps3x0h5dxdf
The Montlake Bridge has closed to traffic at  01:33 PM on 02/19/2025,1892326589503066213,1892326589503066213,100,1892764433489023133,1891942056031137833,7140dibdnow9c7btw4b3no8jdigazkzv8qps3x0h5dxdf
The Montlake Bridge has reopened to traffic at  01:40 PM on 02/19/2025,1892328353493111110,1892328353493111110,100,1892764433489023133,1891942056031137833,7140dibdnow9c7btw4b3no8jdigazkzv8qps3x0h5dxdf
The Fremont Bridge has closed to traffic at  02:12 PM on 02/19/2025,1892336412059717933,1892336412059717933,100,1892764433489023133,1891942056031137833,7140dibdnow9c7btw4b3no8jdigazkzv8qps3x0h5dxdf
The Fremont Bridge has reopened to traffic at  02:17 PM on 02/19/2025,1892337671424614842,1892337671424614842,100,1892764433489023133,1891942056031137833,7140dibdnow9c7btw4b3no8jdigazkzv8qps3x0h5dxdf
The Montlake Bridge has closed to traffic at  07:22 PM on 02/19/2025,1892414415984873811,1892414415984873811,100,1892764433489023133,1891942056031137833,7140dibdnow9c7btw4b3no8jdigazkzv8qps3x0h5dxdf
The Montlake Bridge has reopened to traffic at  07:29 PM on 02/19/2025,1892416179958141268,1892416179958141268,100,1892764433489023133,1891942056031137833,7140dibdnow9c7btw4b3no8jdigazkzv8qps3x0h5dxdf
The University Bridge has closed to traffic at  07:30 PM on 02/19/2025,1892416432081949104,1892416432081949104,100,1892764433489023133,1891942056031137833,7140dibdnow9c7btw4b3no8jdigazkzv8qps3x0h5dxdf
The University Bridge has reopened to traffic at  07:39 PM on 02/19/2025,1892418701259133252,1892418701259133252,100,1892764433489023133,1891942056031137833,7140dibdnow9c7btw4b3no8jdigazkzv8qps3x0h5dxdf
The Fremont Bridge has closed to traffic at  07:50 PM on 02/19/2025,1892421472288985233,1892421472288985233,100,1892764433489023133,1891942056031137833,7140dibdnow9c7btw4b3no8jdigazkzv8qps3x0h5dxdf
The Fremont Bridge has reopened to traffic at  07:57 PM on 02/19/2025,1892423236224508102,1892423236224508102,100,1892764433489023133,1891942056031137833,7140dibdnow9c7btw4b3no8jdigazkzv8qps3x0h5dxdf
The Ballard Bridge has closed to traffic at  08:07 PM on 02/19/2025,1892425755881329080,1892425755881329080,100,1892764433489023133,1891942056031137833,7140dibdnow9c7btw4b3no8jdigazkzv8qps3x0h5dxdf
The Ballard Bridge has reopened to traffic at  08:13 PM on 02/19/2025,1892427268158550270,1892427268158550270,100,1892764433489023133,1891942056031137833,7140dibdnow9c7btw4b3no8jdigazkzv8qps3x0h5dxdf
The Fremont Bridge has closed to traffic at  09:42 AM on 02/20/2025,1892630859079156089,1892630859079156089,100,1892764433489023133,1891942056031137833,7140dibdnow9c7btw4b3no8jdigazkzv8qps3x0h5dxdf
The Fremont Bridge has reopened to traffic at  09:58 AM on 02/20/2025,1892634827490525240,1892634827490525240,100,1892764433489023133,1891942056031137833,7140dibdnow9c7btw4b3no8jdigazkzv8qps3x0h5dxdf
The Fremont Bridge has closed to traffic at  11:41 AM on 02/20/2025,1892660764777054318,1892660764777054318,100,1892764433489023133,1891942056031137833,7140dibdnow9c7btw4b3no8jdigazkzv8qps3x0h5dxdf
The Fremont Bridge has reopened to traffic at  11:48 AM on 02/20/2025,1892662529320747434,1892662529320747434,100,1892764433489023133,1891942056031137833,7140dibdnow9c7btw4b3no8jdigazkzv8qps3x0h5dxdf
The University Bridge has closed to traffic at  12:06 PM on 02/20/2025,1892667062990078021,1892667062990078021,100,1892764433489023133,1891942056031137833,7140dibdnow9c7btw4b3no8jdigazkzv8qps3x0h5dxdf
The University Bridge has reopened to traffic at  12:12 PM on 02/20/2025,1892668575258968450,1892668575258968450,100,1892764433489023133,1891942056031137833,7140dibdnow9c7btw4b3no8jdigazkzv8qps3x0h5dxdf
The Montlake Bridge has closed to traffic at  12:16 PM on 02/20/2025,1892669582688845920,1892669582688845920,100,1892764433489023133,1891942056031137833,7140dibdnow9c7btw4b3no8jdigazkzv8qps3x0h5dxdf
The University Bridge has closed to traffic at  12:21 PM on 02/20/2025,1892670842137673986,1892670842137673986,100,1892764433489023133,1891942056031137833,7140dibdnow9c7btw4b3no8jdigazkzv8qps3x0h5dxdf
The Montlake Bridge has reopened to traffic at  12:24 PM on 02/20/2025,1892671599226323180,1892671599226323180,100,1892764433489023133,1891942056031137833,7140dibdnow9c7btw4b3no8jdigazkzv8qps3x0h5dxdf
The University Bridge has reopened to traffic at  12:24 PM on 02/20/2025,1892671599649948041,1892671599649948041,100,1892764433489023133,1891942056031137833,7140dibdnow9c7btw4b3no8jdigazkzv8qps3x0h5dxdf
The Ballard Bridge has closed to traffic at  12:54 PM on 02/20/2025,1892679155621495298,1892679155621495298,100,1892764433489023133,1891942056031137833,7140dibdnow9c7btw4b3no8jdigazkzv8qps3x0h5dxdf
The Ballard Bridge has reopened to traffic at  01:00 PM on 02/20/2025,1892680668687302922,1892680668687302922,100,1892764433489023133,1891942056031137833,7140dibdnow9c7btw4b3no8jdigazkzv8qps3x0h5dxdf
The Fremont Bridge has closed to traffic at  01:10 PM on 02/20/2025,1892683188738392535,1892683188738392535,100,1892764433489023133,1891942056031137833,7140dibdnow9c7btw4b3no8jdigazkzv8qps3x0h5dxdf
The Fremont Bridge has reopened to traffic at  01:16 PM on 02/20/2025,1892684701183438983,1892684701183438983,100,1892764433489023133,1891942056031137833,7140dibdnow9c7btw4b3no8jdigazkzv8qps3x0h5dxdf
The University Bridge has closed to traffic at  01:28 PM on 02/20/2025,1892687724530041153,1892687724530041153,100,1892764433489023133,1891942056031137833,7140dibdnow9c7btw4b3no8jdigazkzv8qps3x0h5dxdf
The University Bridge has reopened to traffic at  01:34 PM on 02/20/2025,1892689237038006521,1892689237038006521,100,1892764433489023133,1891942056031137833,7140dibdnow9c7btw4b3no8jdigazkzv8qps3x0h5dxdf
The Montlake Bridge has closed to traffic at  01:37 PM on 02/20/2025,1892689992927084777,1892689992927084777,100,1892764433489023133,1891942056031137833,7140dibdnow9c7btw4b3no8jdigazkzv8qps3x0h5dxdf
The University Bridge has closed to traffic at  01:42 PM on 02/20/2025,1892691252233306193,1892691252233306193,100,1892764433489023133,1891942056031137833,7140dibdnow9c7btw4b3no8jdigazkzv8qps3x0h5dxdf
The Montlake Bridge has reopened to traffic at  01:43 PM on 02/20/2025,1892691505745428517,1892691505745428517,100,1892764433489023133,1891942056031137833,7140dibdnow9c7btw4b3no8jdigazkzv8qps3x0h5dxdf
The University Bridge has reopened to traffic at  01:45 PM on 02/20/2025,1892692010093707435,1892692010093707435,100,1892764433489023133,1891942056031137833,7140dibdnow9c7btw4b3no8jdigazkzv8qps3x0h5dxdf
The Fremont Bridge has closed to traffic at  02:19 PM on 02/20/2025,1892700509460722148,1892700509460722148,100,1892764433489023133,1891942056031137833,7140dibdnow9c7btw4b3no8jdigazkzv8qps3x0h5dxdf
The Fremont Bridge has reopened to traffic at  02:23 PM on 02/20/2025,1892701517200945255,1892701517200945255,100,1892764433489023133,1891942056031137833,7140dibdnow9c7btw4b3no8jdigazkzv8qps3x0h5dxdf
The University Bridge has closed to traffic at  03:25 PM on 02/20/2025,1892717130413682906,1892717130413682906,100,1892764433489023133,1891942056031137833,7140dibdnow9c7btw4b3no8jdigazkzv8qps3x0h5dxdf
The University Bridge has reopened to traffic at  03:31 PM on 02/20/2025,1892718643177521379,1892718643177521379,100,1892764433489023133,1891942056031137833,7140dibdnow9c7btw4b3no8jdigazkzv8qps3x0h5dxdf
The Montlake Bridge has closed to traffic at  04:24 PM on 02/20/2025,1892731992753766812,1892731992753766812,100,1892764433489023133,1891942056031137833,7140dibdnow9c7btw4b3no8jdigazkzv8qps3x0h5dxdf
The Montlake Bridge has reopened to traffic at  04:32 PM on 02/20/2025,1892734008599183850,1892734008599183850,100,1892764433489023133,1891942056031137833,7140dibdnow9c7btw4b3no8jdigazkzv8qps3x0h5dxdf
The University Bridge has closed to traffic at  04:33 PM on 02/20/2025,1892734260853022859,1892734260853022859,100,1892764433489023133,1891942056031137833,7140dibdnow9c7btw4b3no8jdigazkzv8qps3x0h5dxdf
The University Bridge has reopened to traffic at  04:40 PM on 02/20/2025,1892736032766079341,1892736032766079341,100,1892764433489023133,1891942056031137833,7140dibdnow9c7btw4b3no8jdigazkzv8qps3x0h5dxdf
The Fremont Bridge has closed to traffic at  04:51 PM on 02/20/2025,1892738804035047887,1892738804035047887,100,1892764433489023133,1891942056031137833,7140dibdnow9c7btw4b3no8jdigazkzv8qps3x0h5dxdf
The Fremont Bridge has reopened to traffic at  04:57 PM on 02/20/2025,1892740316291334147,1892740316291334147,100,1892764433489023133,1891942056031137833,7140dibdnow9c7btw4b3no8jdigazkzv8qps3x0h5dxdf
The Ballard Bridge has closed to traffic at  05:05 PM on 02/20/2025,1892742332396798281,1892742332396798281,100,1892764433489023133,1891942056031137833,7140dibdnow9c7btw4b3no8jdigazkzv8qps3x0h5dxdf
The Ballard Bridge has reopened to traffic at  05:11 PM on 02/20/2025,1892743844644716609,1892743844644716609,100,1892764433489023133,1891942056031137833,7140dibdnow9c7btw4b3no8jdigazkzv8qps3x0h5dxdf
The Ballard Bridge has closed to traffic at  06:08 PM on 02/20/2025,1892758198349943187,1892758198349943187,100,1892764433489023133,1891942056031137833,7140dibdnow9c7btw4b3no8jdigazkzv8qps3x0h5dxdf
The Ballard Bridge has reopened to traffic at  06:13 PM on 02/20/2025,1892759457601638584,1892759457601638584,100,1892764433489023133,1891942056031137833,7140dibdnow9c7btw4b3no8jdigazkzv8qps3x0h5dxdf
The Ballard Bridge has closed to traffic at  06:33 PM on 02/20/2025,1892764433489023133,1892764433489023133,100,1892764433489023133,1891942056031137833,7140dibdnow9c7btw4b3no8jdigazkzv8qps3x0h5dxdf
The Ballard Bridge has reopened to traffic at  06:36 PM on 02/20/2025,1892765189399073025,1892765189399073025,100,1893460568046186802,1892765189399073025,7140dibdnow9c7btw4b3nqco11jt3kahi5ovr0kcug01h
The Fremont Bridge has closed to traffic at  09:06 AM on 02/21/2025,1892984144327778808,1892984144327778808,100,1893460568046186802,1892765189399073025,7140dibdnow9c7btw4b3nqco11jt3kahi5ovr0kcug01h
The Fremont Bridge has reopened to traffic at  09:12 AM on 02/21/2025,1892985656978387177,1892985656978387177,100,1893460568046186802,1892765189399073025,7140dibdnow9c7btw4b3nqco11jt3kahi5ovr0kcug01h
The Ballard Bridge has closed to traffic at  09:20 AM on 02/21/2025,1892987672903459227,1892987672903459227,100,1893460568046186802,1892765189399073025,7140dibdnow9c7btw4b3nqco11jt3kahi5ovr0kcug01h
The Ballard Bridge has reopened to traffic at  09:25 AM on 02/21/2025,1892988932125794789,1892988932125794789,100,1893460568046186802,1892765189399073025,7140dibdnow9c7btw4b3nqco11jt3kahi5ovr0kcug01h
The Ballard Bridge has closed to traffic at  09:45 AM on 02/21/2025,1892993969270988908,1892993969270988908,100,1893460568046186802,1892765189399073025,7140dibdnow9c7btw4b3nqco11jt3kahi5ovr0kcug01h
The Ballard Bridge has reopened to traffic at  09:49 AM on 02/21/2025,1892994976889577483,1892994976889577483,100,1893460568046186802,1892765189399073025,7140dibdnow9c7btw4b3nqco11jt3kahi5ovr0kcug01h
The Fremont Bridge has closed to traffic at  10:34 AM on 02/21/2025,1893006310037393408,1893006310037393408,100,1893460568046186802,1892765189399073025,7140dibdnow9c7btw4b3nqco11jt3kahi5ovr0kcug01h
The Fremont Bridge has reopened to traffic at  10:37 AM on 02/21/2025,1893007065997832688,1893007065997832688,100,1893460568046186802,1892765189399073025,7140dibdnow9c7btw4b3nqco11jt3kahi5ovr0kcug01h
The Fremont Bridge has closed to traffic at  11:51 AM on 02/21/2025,1893025701881893183,1893025701881893183,100,1893460568046186802,1892765189399073025,7140dibdnow9c7btw4b3nqco11jt3kahi5ovr0kcug01h
The Fremont Bridge has reopened to traffic at  11:56 AM on 02/21/2025,1893026961267822664,1893026961267822664,100,1893460568046186802,1892765189399073025,7140dibdnow9c7btw4b3nqco11jt3kahi5ovr0kcug01h
The Ballard Bridge has closed to traffic at  12:53 PM on 02/21/2025,1893041314918436930,1893041314918436930,100,1893460568046186802,1892765189399073025,7140dibdnow9c7btw4b3nqco11jt3kahi5ovr0kcug01h
The Ballard Bridge has reopened to traffic at  12:59 PM on 02/21/2025,1893042827191533581,1893042827191533581,100,1893460568046186802,1892765189399073025,7140dibdnow9c7btw4b3nqco11jt3kahi5ovr0kcug01h
The Fremont Bridge has closed to traffic at  01:08 PM on 02/21/2025,1893045032225309164,1893045032225309164,100,1893460568046186802,1892765189399073025,7140dibdnow9c7btw4b3nqco11jt3kahi5ovr0kcug01h
The Fremont Bridge has reopened to traffic at  01:14 PM on 02/21/2025,1893046546008318011,1893046546008318011,100,1893460568046186802,1892765189399073025,7140dibdnow9c7btw4b3nqco11jt3kahi5ovr0kcug01h
The Ballard Bridge has closed to traffic at  01:17 PM on 02/21/2025,1893047301842833538,1893047301842833538,100,1893460568046186802,1892765189399073025,7140dibdnow9c7btw4b3nqco11jt3kahi5ovr0kcug01h
The Ballard Bridge has reopened to traffic at  01:21 PM on 02/21/2025,1893048309536956772,1893048309536956772,100,1893460568046186802,1892765189399073025,7140dibdnow9c7btw4b3nqco11jt3kahi5ovr0kcug01h
The University Bridge has closed to traffic at  01:23 PM on 02/21/2025,1893048813532913851,1893048813532913851,100,1893460568046186802,1892765189399073025,7140dibdnow9c7btw4b3nqco11jt3kahi5ovr0kcug01h
The Montlake Bridge has closed to traffic at  01:31 PM on 02/21/2025,1893050829298638945,1893050829298638945,100,1893460568046186802,1892765189399073025,7140dibdnow9c7btw4b3nqco11jt3kahi5ovr0kcug01h
The University Bridge has reopened to traffic at  01:31 PM on 02/21/2025,1893050829692977181,1893050829692977181,100,1893460568046186802,1892765189399073025,7140dibdnow9c7btw4b3nqco11jt3kahi5ovr0kcug01h
The Fremont Bridge has closed to traffic at  01:33 PM on 02/21/2025,1893051333659517237,1893051333659517237,100,1893460568046186802,1892765189399073025,7140dibdnow9c7btw4b3nqco11jt3kahi5ovr0kcug01h
The Fremont Bridge has reopened to traffic at  01:37 PM on 02/21/2025,1893052341383057880,1893052341383057880,100,1893460568046186802,1892765189399073025,7140dibdnow9c7btw4b3nqco11jt3kahi5ovr0kcug01h
The Montlake Bridge has reopened to traffic at  01:37 PM on 02/21/2025,1893052341873713528,1893052341873713528,100,1893460568046186802,1892765189399073025,7140dibdnow9c7btw4b3nqco11jt3kahi5ovr0kcug01h
The Fremont Bridge has closed to traffic at  01:51 PM on 02/21/2025,1893055868658426365,1893055868658426365,100,1893460568046186802,1892765189399073025,7140dibdnow9c7btw4b3nqco11jt3kahi5ovr0kcug01h
The University Bridge has closed to traffic at  01:52 PM on 02/21/2025,1893056121054863557,1893056121054863557,100,1893460568046186802,1892765189399073025,7140dibdnow9c7btw4b3nqco11jt3kahi5ovr0kcug01h
The Fremont Bridge has reopened to traffic at  01:57 PM on 02/21/2025,1893057380310753494,1893057380310753494,100,1893460568046186802,1892765189399073025,7140dibdnow9c7btw4b3nqco11jt3kahi5ovr0kcug01h
The University Bridge has reopened to traffic at  01:57 PM on 02/21/2025,1893057381833286009,1893057381833286009,100,1893460568046186802,1892765189399073025,7140dibdnow9c7btw4b3nqco11jt3kahi5ovr0kcug01h
The Montlake Bridge has closed to traffic at  04:10 PM on 02/21/2025,1893090873191342402,1893090873191342402,100,1893460568046186802,1892765189399073025,7140dibdnow9c7btw4b3nqco11jt3kahi5ovr0kcug01h
The Montlake Bridge has reopened to traffic at  04:17 PM on 02/21/2025,1893092637621862565,1893092637621862565,100,1893460568046186802,1892765189399073025,7140dibdnow9c7btw4b3nqco11jt3kahi5ovr0kcug01h
The University Bridge has closed to traffic at  04:18 PM on 02/21/2025,1893092889955361065,1893092889955361065,100,1893460568046186802,1892765189399073025,7140dibdnow9c7btw4b3nqco11jt3kahi5ovr0kcug01h
The University Bridge has reopened to traffic at  04:26 PM on 02/21/2025,1893094906039804278,1893094906039804278,100,1893460568046186802,1892765189399073025,7140dibdnow9c7btw4b3nqco11jt3kahi5ovr0kcug01h
The Fremont Bridge has closed to traffic at  04:36 PM on 02/21/2025,1893097425507885183,1893097425507885183,100,1893460568046186802,1892765189399073025,7140dibdnow9c7btw4b3nqco11jt3kahi5ovr0kcug01h
The Fremont Bridge has reopened to traffic at  04:42 PM on 02/21/2025,1893098938296869006,1893098938296869006,100,1893460568046186802,1892765189399073025,7140dibdnow9c7btw4b3nqco11jt3kahi5ovr0kcug01h
The Ballard Bridge has closed to traffic at  04:50 PM on 02/21/2025,1893100954066788489,1893100954066788489,100,1893460568046186802,1892765189399073025,7140dibdnow9c7btw4b3nqco11jt3kahi5ovr0kcug01h
The Ballard Bridge has reopened to traffic at  04:55 PM on 02/21/2025,1893102213532455406,1893102213532455406,100,1893460568046186802,1892765189399073025,7140dibdnow9c7btw4b3nqco11jt3kahi5ovr0kcug01h
The Ballard Bridge has closed to traffic at  05:20 PM on 02/21/2025,1893108447211852247,1893108447211852247,100,1893460568046186802,1892765189399073025,7140dibdnow9c7btw4b3nqco11jt3kahi5ovr0kcug01h
The Ballard Bridge has reopened to traffic at  05:25 PM on 02/21/2025,1893109706711015748,1893109706711015748,100,1893460568046186802,1892765189399073025,7140dibdnow9c7btw4b3nqco11jt3kahi5ovr0kcug01h
The Ballard Bridge has closed to traffic at  07:30 PM on 02/21/2025,1893141183351947525,1893141183351947525,100,1893460568046186802,1892765189399073025,7140dibdnow9c7btw4b3nqco11jt3kahi5ovr0kcug01h
The Ballard Bridge has reopened to traffic at  07:33 PM on 02/21/2025,1893141939115172069,1893141939115172069,100,1893460568046186802,1892765189399073025,7140dibdnow9c7btw4b3nqco11jt3kahi5ovr0kcug01h
The Fremont Bridge has closed to traffic at  07:53 PM on 02/21/2025,1893146976629473558,1893146976629473558,100,1893460568046186802,1892765189399073025,7140dibdnow9c7btw4b3nqco11jt3kahi5ovr0kcug01h
The Fremont Bridge has reopened to traffic at  07:57 PM on 02/21/2025,1893147984348750249,1893147984348750249,100,1893460568046186802,1892765189399073025,7140dibdnow9c7btw4b3nqco11jt3kahi5ovr0kcug01h
The University Bridge has closed to traffic at  09:19 PM on 02/21/2025,1893168633687482796,1893168633687482796,100,1893460568046186802,1892765189399073025,7140dibdnow9c7btw4b3nqco11jt3kahi5ovr0kcug01h
The University Bridge has reopened to traffic at  09:23 PM on 02/21/2025,1893169641142525980,1893169641142525980,100,1893460568046186802,1892765189399073025,7140dibdnow9c7btw4b3nqco11jt3kahi5ovr0kcug01h
The Montlake Bridge has closed to traffic at  09:31 PM on 02/21/2025,1893171656778273102,1893171656778273102,100,1893460568046186802,1892765189399073025,7140dibdnow9c7btw4b3nqco11jt3kahi5ovr0kcug01h
The Montlake Bridge has reopened to traffic at  09:36 PM on 02/21/2025,1893172917963497665,1893172917963497665,100,1893460568046186802,1892765189399073025,7140dibdnow9c7btw4b3nqco11jt3kahi5ovr0kcug01h
The Ballard Bridge has closed to traffic at  10:08 PM on 02/21/2025,1893180976853066139,1893180976853066139,100,1893460568046186802,1892765189399073025,7140dibdnow9c7btw4b3nqco11jt3kahi5ovr0kcug01h
The Ballard Bridge has reopened to traffic at  10:12 PM on 02/21/2025,1893181984450716127,1893181984450716127,100,1893460568046186802,1892765189399073025,7140dibdnow9c7btw4b3nqco11jt3kahi5ovr0kcug01h
The Fremont Bridge has closed to traffic at  10:22 PM on 02/21/2025,1893184504246022587,1893184504246022587,100,1893460568046186802,1892765189399073025,7140dibdnow9c7btw4b3nqco11jt3kahi5ovr0kcug01h
The Fremont Bridge has reopened to traffic at  10:26 PM on 02/21/2025,1893185511835214076,1893185511835214076,100,1893460568046186802,1892765189399073025,7140dibdnow9c7btw4b3nqco11jt3kahi5ovr0kcug01h
The 1st Ave S Bridge has closed to traffic at  09:00 AM on 02/22/2025,1893345015944094070,1893345015944094070,100,1893460568046186802,1892765189399073025,7140dibdnow9c7btw4b3nqco11jt3kahi5ovr0kcug01h
The 1st Ave S Bridge has reopened to traffic at  09:04 AM on 02/22/2025,1893346023483023791,1893346023483023791,100,1893460568046186802,1892765189399073025,7140dibdnow9c7btw4b3nqco11jt3kahi5ovr0kcug01h
The 1st Ave S Bridge has closed to traffic at  09:14 AM on 02/22/2025,1893348542712029209,1893348542712029209,100,1893460568046186802,1892765189399073025,7140dibdnow9c7btw4b3nqco11jt3kahi5ovr0kcug01h
The 1st Ave S Bridge has reopened to traffic at  09:18 AM on 02/22/2025,1893349550271946879,1893349550271946879,100,1893460568046186802,1892765189399073025,7140dibdnow9c7btw4b3nqco11jt3kahi5ovr0kcug01h
The University Bridge has closed to traffic at  09:18 AM on 02/22/2025,1893349550678778362,1893349550678778362,100,1893460568046186802,1892765189399073025,7140dibdnow9c7btw4b3nqco11jt3kahi5ovr0kcug01h
The Ballard Bridge has closed to traffic at  09:22 AM on 02/22/2025,1893350558284779974,1893350558284779974,100,1893460568046186802,1892765189399073025,7140dibdnow9c7btw4b3nqco11jt3kahi5ovr0kcug01h
The Montlake Bridge has closed to traffic at  09:22 AM on 02/22/2025,1893350558716891205,1893350558716891205,100,1893460568046186802,1892765189399073025,7140dibdnow9c7btw4b3nqco11jt3kahi5ovr0kcug01h
The University Bridge has reopened to traffic at  09:22 AM on 02/22/2025,1893350559144640915,1893350559144640915,100,1893460568046186802,1892765189399073025,7140dibdnow9c7btw4b3nqco11jt3kahi5ovr0kcug01h
The University Bridge has closed to traffic at  09:26 AM on 02/22/2025,1893351566708748798,1893351566708748798,100,1893460568046186802,1892765189399073025,7140dibdnow9c7btw4b3nqco11jt3kahi5ovr0kcug01h
The Ballard Bridge has reopened to traffic at  09:27 AM on 02/22/2025,1893351818840940586,1893351818840940586,100,1893460568046186802,1892765189399073025,7140dibdnow9c7btw4b3nqco11jt3kahi5ovr0kcug01h
The Montlake Bridge has reopened to traffic at  09:28 AM on 02/22/2025,1893352071103180983,1893352071103180983,100,1893460568046186802,1892765189399073025,7140dibdnow9c7btw4b3nqco11jt3kahi5ovr0kcug01h
The University Bridge has reopened to traffic at  09:31 AM on 02/22/2025,1893352826962878783,1893352826962878783,100,1893460568046186802,1892765189399073025,7140dibdnow9c7btw4b3nqco11jt3kahi5ovr0kcug01h
The Montlake Bridge has closed to traffic at  09:35 AM on 02/22/2025,1893353834447331648,1893353834447331648,100,1893460568046186802,1892765189399073025,7140dibdnow9c7btw4b3nqco11jt3kahi5ovr0kcug01h
The Fremont Bridge has closed to traffic at  09:40 AM on 02/22/2025,1893355093959025011,1893355093959025011,100,1893460568046186802,1892765189399073025,7140dibdnow9c7btw4b3nqco11jt3kahi5ovr0kcug01h
The Montlake Bridge has reopened to traffic at  09:41 AM on 02/22/2025,1893355347487924253,1893355347487924253,100,1893460568046186802,1892765189399073025,7140dibdnow9c7btw4b3nqco11jt3kahi5ovr0kcug01h
The Fremont Bridge has reopened to traffic at  09:45 AM on 02/22/2025,1893356355035242745,1893356355035242745,100,1893460568046186802,1892765189399073025,7140dibdnow9c7btw4b3nqco11jt3kahi5ovr0kcug01h
The University Bridge has closed to traffic at  09:47 AM on 02/22/2025,1893356859022811284,1893356859022811284,100,1893460568046186802,1892765189399073025,7140dibdnow9c7btw4b3nqco11jt3kahi5ovr0kcug01h
The University Bridge has reopened to traffic at  09:51 AM on 02/22/2025,1893357866687570304,1893357866687570304,100,1893460568046186802,1892765189399073025,7140dibdnow9c7btw4b3nqco11jt3kahi5ovr0kcug01h
The Montlake Bridge has closed to traffic at  09:56 AM on 02/22/2025,1893359126279004664,1893359126279004664,100,1893460568046186802,1892765189399073025,7140dibdnow9c7btw4b3nqco11jt3kahi5ovr0kcug01h
The University Bridge has closed to traffic at  09:56 AM on 02/22/2025,1893359127767982304,1893359127767982304,100,1893460568046186802,1892765189399073025,7140dibdnow9c7btw4b3nqco11jt3kahi5ovr0kcug01h
The 1st Ave S Bridge has closed to traffic at  09:58 AM on 02/22/2025,1893359631768104993,1893359631768104993,100,1893460568046186802,1892765189399073025,7140dibdnow9c7btw4b3nqco11jt3kahi5ovr0kcug01h
The Montlake Bridge has reopened to traffic at  10:01 AM on 02/22/2025,1893360387548160502,1893360387548160502,100,1893460568046186802,1892765189399073025,7140dibdnow9c7btw4b3nqco11jt3kahi5ovr0kcug01h
The University Bridge has reopened to traffic at  10:01 AM on 02/22/2025,1893360387946639692,1893360387946639692,100,1893460568046186802,1892765189399073025,7140dibdnow9c7btw4b3nqco11jt3kahi5ovr0kcug01h
The 1st Ave S Bridge has reopened to traffic at  10:07 AM on 02/22/2025,1893361901494481202,1893361901494481202,100,1893460568046186802,1892765189399073025,7140dibdnow9c7btw4b3nqco11jt3kahi5ovr0kcug01h
The Montlake Bridge has closed to traffic at  10:08 AM on 02/22/2025,1893362153845071932,1893362153845071932,100,1893460568046186802,1892765189399073025,7140dibdnow9c7btw4b3nqco11jt3kahi5ovr0kcug01h
The 1st Ave S Bridge has closed to traffic at  10:12 AM on 02/22/2025,1893363161392390267,1893363161392390267,100,1893460568046186802,1892765189399073025,7140dibdnow9c7btw4b3nqco11jt3kahi5ovr0kcug01h
The 1st Ave S Bridge has reopened to traffic at  10:13 AM on 02/22/2025,1893363413524586874,1893363413524586874,100,1893460568046186802,1892765189399073025,7140dibdnow9c7btw4b3nqco11jt3kahi5ovr0kcug01h
The Montlake Bridge has reopened to traffic at  10:13 AM on 02/22/2025,1893363413910462509,1893363413910462509,100,1893460568046186802,1892765189399073025,7140dibdnow9c7btw4b3nqco11jt3kahi5ovr0kcug01h
The Montlake Bridge has closed to traffic at  10:18 AM on 02/22/2025,1893364673350901942,1893364673350901942,100,1893460568046186802,1892765189399073025,7140dibdnow9c7btw4b3nqco11jt3kahi5ovr0kcug01h
The Montlake Bridge has reopened to traffic at  10:24 AM on 02/22/2025,1893366185938579608,1893366185938579608,100,1893460568046186802,1892765189399073025,7140dibdnow9c7btw4b3nqco11jt3kahi5ovr0kcug01h
The 1st Ave S Bridge has closed to traffic at  11:30 AM on 02/22/2025,1893382807516565650,1893382807516565650,100,1893460568046186802,1892765189399073025,7140dibdnow9c7btw4b3nqco11jt3kahi5ovr0kcug01h
The 1st Ave S Bridge has reopened to traffic at  11:31 AM on 02/22/2025,1893383059694866777,1893383059694866777,100,1893460568046186802,1892765189399073025,7140dibdnow9c7btw4b3nqco11jt3kahi5ovr0kcug01h
The 1st Ave S Bridge has closed to traffic at  11:40 AM on 02/22/2025,1893385327274009031,1893385327274009031,100,1893460568046186802,1892765189399073025,7140dibdnow9c7btw4b3nqco11jt3kahi5ovr0kcug01h
The 1st Ave S Bridge has reopened to traffic at  11:41 AM on 02/22/2025,1893385579553005852,1893385579553005852,100,1893460568046186802,1892765189399073025,7140dibdnow9c7btw4b3nqco11jt3kahi5ovr0kcug01h
The Ballard Bridge has closed to traffic at  11:49 AM on 02/22/2025,1893387595524251669,1893387595524251669,100,1893460568046186802,1892765189399073025,7140dibdnow9c7btw4b3nqco11jt3kahi5ovr0kcug01h
The Ballard Bridge has reopened to traffic at  11:54 AM on 02/22/2025,1893388854906032248,1893388854906032248,100,1893460568046186802,1892765189399073025,7140dibdnow9c7btw4b3nqco11jt3kahi5ovr0kcug01h
The Fremont Bridge has closed to traffic at  12:08 PM on 02/22/2025,1893392318918742456,1893392318918742456,100,1893460568046186802,1892765189399073025,7140dibdnow9c7btw4b3nqco11jt3kahi5ovr0kcug01h
The Fremont Bridge has reopened to traffic at  12:13 PM on 02/22/2025,1893393578480791581,1893393578480791581,100,1893460568046186802,1892765189399073025,7140dibdnow9c7btw4b3nqco11jt3kahi5ovr0kcug01h
The Fremont Bridge has closed to traffic at  01:17 PM on 02/22/2025,1893409694812905745,1893409694812905745,100,1893460568046186802,1892765189399073025,7140dibdnow9c7btw4b3nqco11jt3kahi5ovr0kcug01h
The Fremont Bridge has reopened to traffic at  01:21 PM on 02/22/2025,1893410702326669467,1893410702326669467,100,1893460568046186802,1892765189399073025,7140dibdnow9c7btw4b3nqco11jt3kahi5ovr0kcug01h
The Montlake Bridge has closed to traffic at  01:37 PM on 02/22/2025,1893414733468074099,1893414733468074099,100,1893460568046186802,1892765189399073025,7140dibdnow9c7btw4b3nqco11jt3kahi5ovr0kcug01h
The Montlake Bridge has reopened to traffic at  01:42 PM on 02/22/2025,1893415992879128655,1893415992879128655,100,1893460568046186802,1892765189399073025,7140dibdnow9c7btw4b3nqco11jt3kahi5ovr0kcug01h
The Montlake Bridge has closed to traffic at  04:13 PM on 02/22/2025,1893454016425926743,1893454016425926743,100,1893460568046186802,1892765189399073025,7140dibdnow9c7btw4b3nqco11jt3kahi5ovr0kcug01h
The Montlake Bridge has reopened to traffic at  04:18 PM on 02/22/2025,1893455275870560592,1893455275870560592,100,1893460568046186802,1892765189399073025,7140dibdnow9c7btw4b3nqco11jt3kahi5ovr0kcug01h
The Montlake Bridge has closed to traffic at  04:28 PM on 02/22/2025,1893457795099578650,1893457795099578650,100,1893460568046186802,1892765189399073025,7140dibdnow9c7btw4b3nqco11jt3kahi5ovr0kcug01h
The University Bridge has closed to traffic at  04:28 PM on 02/22/2025,1893457795510607907,1893457795510607907,100,1893460568046186802,1892765189399073025,7140dibdnow9c7btw4b3nqco11jt3kahi5ovr0kcug01h
The Ballard Bridge has closed to traffic at  04:31 PM on 02/22/2025,1893458551991083322,1893458551991083322,100,1893460568046186802,1892765189399073025,7140dibdnow9c7btw4b3nqco11jt3kahi5ovr0kcug01h
The University Bridge has reopened to traffic at  04:32 PM on 02/22/2025,1893458804244951359,1893458804244951359,100,1893460568046186802,1892765189399073025,7140dibdnow9c7btw4b3nqco11jt3kahi5ovr0kcug01h
The Montlake Bridge has reopened to traffic at  04:34 PM on 02/22/2025,1893459308257649090,1893459308257649090,100,1893460568046186802,1892765189399073025,7140dibdnow9c7btw4b3nqco11jt3kahi5ovr0kcug01h
The Ballard Bridge has reopened to traffic at  04:35 PM on 02/22/2025,1893459560431747450,1893459560431747450,100,1893460568046186802,1892765189399073025,7140dibdnow9c7btw4b3nqco11jt3kahi5ovr0kcug01h
The University Bridge has closed to traffic at  04:39 PM on 02/22/2025,1893460568046186802,1893460568046186802,100,1893460568046186802,1892765189399073025,7140dibdnow9c7btw4b3nqco11jt3kahi5ovr0kcug01h
The Montlake Bridge has closed to traffic at  04:41 PM on 02/22/2025,1893461071975063790,1893461071975063790,100,1894093489782305072,1893461071975063790,7140dibdnow9c7btw4b3nsght2j5vezck7nti7p6k6b00
The University Bridge has reopened to traffic at  04:44 PM on 02/22/2025,1893461828883124625,1893461828883124625,100,1894093489782305072,1893461071975063790,7140dibdnow9c7btw4b3nsght2j5vezck7nti7p6k6b00
The Montlake Bridge has reopened to traffic at  04:47 PM on 02/22/2025,1893462584722104779,1893462584722104779,100,1894093489782305072,1893461071975063790,7140dibdnow9c7btw4b3nsght2j5vezck7nti7p6k6b00
The Fremont Bridge has closed to traffic at  04:48 PM on 02/22/2025,1893462836942442712,1893462836942442712,100,1894093489782305072,1893461071975063790,7140dibdnow9c7btw4b3nsght2j5vezck7nti7p6k6b00
The Fremont Bridge has reopened to traffic at  04:51 PM on 02/22/2025,1893463592734990388,1893463592734990388,100,1894093489782305072,1893461071975063790,7140dibdnow9c7btw4b3nsght2j5vezck7nti7p6k6b00
The Montlake Bridge has closed to traffic at  04:56 PM on 02/22/2025,1893464852091543800,1893464852091543800,100,1894093489782305072,1893461071975063790,7140dibdnow9c7btw4b3nsght2j5vezck7nti7p6k6b00
The University Bridge has closed to traffic at  05:01 PM on 02/22/2025,1893466112903520503,1893466112903520503,100,1894093489782305072,1893461071975063790,7140dibdnow9c7btw4b3nsght2j5vezck7nti7p6k6b00
The Montlake Bridge has reopened to traffic at  05:02 PM on 02/22/2025,1893466365052494313,1893466365052494313,100,1894093489782305072,1893461071975063790,7140dibdnow9c7btw4b3nsght2j5vezck7nti7p6k6b00
The Ballard Bridge has closed to traffic at  05:04 PM on 02/22/2025,1893466869073617147,1893466869073617147,100,1894093489782305072,1893461071975063790,7140dibdnow9c7btw4b3nsght2j5vezck7nti7p6k6b00
The Fremont Bridge has closed to traffic at  05:04 PM on 02/22/2025,1893466869467881730,1893466869467881730,100,1894093489782305072,1893461071975063790,7140dibdnow9c7btw4b3nsght2j5vezck7nti7p6k6b00
The University Bridge has reopened to traffic at  05:05 PM on 02/22/2025,1893467121570717976,1893467121570717976,100,1894093489782305072,1893461071975063790,7140dibdnow9c7btw4b3nsght2j5vezck7nti7p6k6b00
The University Bridge has closed to traffic at  05:06 PM on 02/22/2025,1893467373795205577,1893467373795205577,100,1894093489782305072,1893461071975063790,7140dibdnow9c7btw4b3nsght2j5vezck7nti7p6k6b00
The Ballard Bridge has reopened to traffic at  05:07 PM on 02/22/2025,1893467626019660078,1893467626019660078,100,1894093489782305072,1893461071975063790,7140dibdnow9c7btw4b3nsght2j5vezck7nti7p6k6b00
The Fremont Bridge has reopened to traffic at  05:08 PM on 02/22/2025,1893467878307037275,1893467878307037275,100,1894093489782305072,1893461071975063790,7140dibdnow9c7btw4b3nsght2j5vezck7nti7p6k6b00
The University Bridge has reopened to traffic at  05:11 PM on 02/22/2025,1893468571130630467,1893468571130630467,100,1894093489782305072,1893461071975063790,7140dibdnow9c7btw4b3nsght2j5vezck7nti7p6k6b00
The University Bridge has closed to traffic at  05:20 PM on 02/22/2025,1893470838881714196,1893470838881714196,100,1894093489782305072,1893461071975063790,7140dibdnow9c7btw4b3nsght2j5vezck7nti7p6k6b00
The University Bridge has reopened to traffic at  05:24 PM on 02/22/2025,1893471846756127180,1893471846756127180,100,1894093489782305072,1893461071975063790,7140dibdnow9c7btw4b3nsght2j5vezck7nti7p6k6b00
The Ballard Bridge has closed to traffic at  05:25 PM on 02/22/2025,1893472099026772162,1893472099026772162,100,1894093489782305072,1893461071975063790,7140dibdnow9c7btw4b3nsght2j5vezck7nti7p6k6b00
The Fremont Bridge has closed to traffic at  05:25 PM on 02/22/2025,1893472099408421203,1893472099408421203,100,1894093489782305072,1893461071975063790,7140dibdnow9c7btw4b3nsght2j5vezck7nti7p6k6b00
The Ballard Bridge has reopened to traffic at  05:29 PM on 02/22/2025,1893473106897051791,1893473106897051791,100,1894093489782305072,1893461071975063790,7140dibdnow9c7btw4b3nsght2j5vezck7nti7p6k6b00
The Fremont Bridge has reopened to traffic at  05:29 PM on 02/22/2025,1893473107299770421,1893473107299770421,100,1894093489782305072,1893461071975063790,7140dibdnow9c7btw4b3nsght2j5vezck7nti7p6k6b00
The Ballard Bridge has closed to traffic at  05:40 PM on 02/22/2025,1893475879164223540,1893475879164223540,100,1894093489782305072,1893461071975063790,7140dibdnow9c7btw4b3nsght2j5vezck7nti7p6k6b00
The Ballard Bridge has reopened to traffic at  05:44 PM on 02/22/2025,1893476886707339698,1893476886707339698,100,1894093489782305072,1893461071975063790,7140dibdnow9c7btw4b3nsght2j5vezck7nti7p6k6b00
The Montlake Bridge has closed to traffic at  07:27 PM on 02/22/2025,1893502822605603036,1893502822605603036,100,1894093489782305072,1893461071975063790,7140dibdnow9c7btw4b3nsght2j5vezck7nti7p6k6b00
The Montlake Bridge has reopened to traffic at  07:33 PM on 02/22/2025,1893504334916362740,1893504334916362740,100,1894093489782305072,1893461071975063790,7140dibdnow9c7btw4b3nsght2j5vezck7nti7p6k6b00
The University Bridge has closed to traffic at  07:34 PM on 02/22/2025,1893504587090518224,1893504587090518224,100,1894093489782305072,1893461071975063790,7140dibdnow9c7btw4b3nsght2j5vezck7nti7p6k6b00
The University Bridge has reopened to traffic at  07:39 PM on 02/22/2025,1893505846442893793,1893505846442893793,100,1894093489782305072,1893461071975063790,7140dibdnow9c7btw4b3nsght2j5vezck7nti7p6k6b00
The Fremont Bridge has closed to traffic at  07:49 PM on 02/22/2025,1893508366141649023,1893508366141649023,100,1894093489782305072,1893461071975063790,7140dibdnow9c7btw4b3nsght2j5vezck7nti7p6k6b00
The Fremont Bridge has reopened to traffic at  07:52 PM on 02/22/2025,1893509122315911434,1893509122315911434,100,1894093489782305072,1893461071975063790,7140dibdnow9c7btw4b3nsght2j5vezck7nti7p6k6b00
The Ballard Bridge has closed to traffic at  08:01 PM on 02/22/2025,1893511391371501646,1893511391371501646,100,1894093489782305072,1893461071975063790,7140dibdnow9c7btw4b3nsght2j5vezck7nti7p6k6b00
The Ballard Bridge has reopened to traffic at  08:05 PM on 02/22/2025,1893512398834897159,1893512398834897159,100,1894093489782305072,1893461071975063790,7140dibdnow9c7btw4b3nsght2j5vezck7nti7p6k6b00
The 1st Ave S Bridge has closed to traffic at  09:17 PM on 02/22/2025,1893530529280221525,1893530529280221525,100,1894093489782305072,1893461071975063790,7140dibdnow9c7btw4b3nsght2j5vezck7nti7p6k6b00
The 1st Ave S Bridge has reopened to traffic at  09:30 PM on 02/22/2025,1893533804314402879,1893533804314402879,100,1894093489782305072,1893461071975063790,7140dibdnow9c7btw4b3nsght2j5vezck7nti7p6k6b00
The Fremont Bridge has closed to traffic at  07:32 AM on 02/23/2025,1893685270400336226,1893685270400336226,100,1894093489782305072,1893461071975063790,7140dibdnow9c7btw4b3nsght2j5vezck7nti7p6k6b00
The University Bridge has closed to traffic at  07:33 AM on 02/23/2025,1893685522905833629,1893685522905833629,100,1894093489782305072,1893461071975063790,7140dibdnow9c7btw4b3nsght2j5vezck7nti7p6k6b00
The Fremont Bridge has reopened to traffic at  07:35 AM on 02/23/2025,1893686026792812923,1893686026792812923,100,1894093489782305072,1893461071975063790,7140dibdnow9c7btw4b3nsght2j5vezck7nti7p6k6b00
The University Bridge has reopened to traffic at  07:37 AM on 02/23/2025,1893686531103359015,1893686531103359015,100,1894093489782305072,1893461071975063790,7140dibdnow9c7btw4b3nsght2j5vezck7nti7p6k6b00
The Fremont Bridge has closed to traffic at  07:52 AM on 02/23/2025,1893690310036992371,1893690310036992371,100,1894093489782305072,1893461071975063790,7140dibdnow9c7btw4b3nsght2j5vezck7nti7p6k6b00
The Fremont Bridge has reopened to traffic at  07:56 AM on 02/23/2025,1893691317529743433,1893691317529743433,100,1894093489782305072,1893461071975063790,7140dibdnow9c7btw4b3nsght2j5vezck7nti7p6k6b00
The Ballard Bridge has closed to traffic at  08:07 AM on 02/23/2025,1893694088777793861,1893694088777793861,100,1894093489782305072,1893461071975063790,7140dibdnow9c7btw4b3nsght2j5vezck7nti7p6k6b00
The 1st Ave S Bridge has closed to traffic at  08:11 AM on 02/23/2025,1893695096627003778,1893695096627003778,100,1894093489782305072,1893461071975063790,7140dibdnow9c7btw4b3nsght2j5vezck7nti7p6k6b00
The Ballard Bridge has reopened to traffic at  08:11 AM on 02/23/2025,1893695097453326520,1893695097453326520,100,1894093489782305072,1893461071975063790,7140dibdnow9c7btw4b3nsght2j5vezck7nti7p6k6b00
The 1st Ave S Bridge has reopened to traffic at  08:19 AM on 02/23/2025,1893697113269452881,1893697113269452881,100,1894093489782305072,1893461071975063790,7140dibdnow9c7btw4b3nsght2j5vezck7nti7p6k6b00
The Fremont Bridge has closed to traffic at  09:23 AM on 02/23/2025,1893713232638152747,1893713232638152747,100,1894093489782305072,1893461071975063790,7140dibdnow9c7btw4b3nsght2j5vezck7nti7p6k6b00
The Fremont Bridge has reopened to traffic at  09:27 AM on 02/23/2025,1893714240219078780,1893714240219078780,100,1894093489782305072,1893461071975063790,7140dibdnow9c7btw4b3nsght2j5vezck7nti7p6k6b00
The Ballard Bridge has closed to traffic at  09:40 AM on 02/23/2025,1893717515794313312,1893717515794313312,100,1894093489782305072,1893461071975063790,7140dibdnow9c7btw4b3nsght2j5vezck7nti7p6k6b00
The Ballard Bridge has reopened to traffic at  09:44 AM on 02/23/2025,1893718523354153023,1893718523354153023,100,1894093489782305072,1893461071975063790,7140dibdnow9c7btw4b3nsght2j5vezck7nti7p6k6b00
The Ballard Bridge has closed to traffic at  10:10 AM on 02/23/2025,1893725072155935142,1893725072155935142,100,1894093489782305072,1893461071975063790,7140dibdnow9c7btw4b3nsght2j5vezck7nti7p6k6b00
The Ballard Bridge has reopened to traffic at  10:17 AM on 02/23/2025,1893726774028362033,1893726774028362033,100,1894093489782305072,1893461071975063790,7140dibdnow9c7btw4b3nsght2j5vezck7nti7p6k6b00
The Fremont Bridge has closed to traffic at  10:30 AM on 02/23/2025,1893730049909821569,1893730049909821569,100,1894093489782305072,1893461071975063790,7140dibdnow9c7btw4b3nsght2j5vezck7nti7p6k6b00
The Fremont Bridge has reopened to traffic at  10:38 AM on 02/23/2025,1893732066015203811,1893732066015203811,100,1894093489782305072,1893461071975063790,7140dibdnow9c7btw4b3nsght2j5vezck7nti7p6k6b00
The Ballard Bridge has closed to traffic at  10:49 AM on 02/23/2025,1893734837258977507,1893734837258977507,100,1894093489782305072,1893461071975063790,7140dibdnow9c7btw4b3nsght2j5vezck7nti7p6k6b00
The University Bridge has closed to traffic at  10:49 AM on 02/23/2025,1893734837682683972,1893734837682683972,100,1894093489782305072,1893461071975063790,7140dibdnow9c7btw4b3nsght2j5vezck7nti7p6k6b00
The Ballard Bridge has reopened to traffic at  10:54 AM on 02/23/2025,1893736097232085232,1893736097232085232,100,1894093489782305072,1893461071975063790,7140dibdnow9c7btw4b3nsght2j5vezck7nti7p6k6b00
The University Bridge has reopened to traffic at  10:56 AM on 02/23/2025,1893736602679275990,1893736602679275990,100,1894093489782305072,1893461071975063790,7140dibdnow9c7btw4b3nsght2j5vezck7nti7p6k6b00
The Montlake Bridge has closed to traffic at  11:00 AM on 02/23/2025,1893737611187118265,1893737611187118265,100,1894093489782305072,1893461071975063790,7140dibdnow9c7btw4b3nsght2j5vezck7nti7p6k6b00
The Montlake Bridge has reopened to traffic at  11:08 AM on 02/23/2025,1893739628399861958,1893739628399861958,100,1894093489782305072,1893461071975063790,7140dibdnow9c7btw4b3nsght2j5vezck7nti7p6k6b00
The Ballard Bridge has closed to traffic at  11:46 AM on 02/23/2025,1893749200493727914,1893749200493727914,100,1894093489782305072,1893461071975063790,7140dibdnow9c7btw4b3nsght2j5vezck7nti7p6k6b00
The Ballard Bridge has reopened to traffic at  11:54 AM on 02/23/2025,1893751216548860311,1893751216548860311,100,1894093489782305072,1893461071975063790,7140dibdnow9c7btw4b3nsght2j5vezck7nti7p6k6b00
The Montlake Bridge has closed to traffic at  01:54 PM on 02/23/2025,1893781434927870064,1893781434927870064,100,1894093489782305072,1893461071975063790,7140dibdnow9c7btw4b3nsght2j5vezck7nti7p6k6b00
The Montlake Bridge has reopened to traffic at  02:01 PM on 02/23/2025,1893783198934749330,1893783198934749330,100,1894093489782305072,1893461071975063790,7140dibdnow9c7btw4b3nsght2j5vezck7nti7p6k6b00
The University Bridge has closed to traffic at  02:01 PM on 02/23/2025,1893783199303844147,1893783199303844147,100,1894093489782305072,1893461071975063790,7140dibdnow9c7btw4b3nsght2j5vezck7nti7p6k6b00
The Ballard Bridge has closed to traffic at  02:09 PM on 02/23/2025,1893785215543496706,1893785215543496706,100,1894093489782305072,1893461071975063790,7140dibdnow9c7btw4b3nsght2j5vezck7nti7p6k6b00
The University Bridge has reopened to traffic at  02:09 PM on 02/23/2025,1893785215950282877,1893785215950282877,100,1894093489782305072,1893461071975063790,7140dibdnow9c7btw4b3nsght2j5vezck7nti7p6k6b00
The Ballard Bridge has reopened to traffic at  02:10 PM on 02/23/2025,1893785468099309787,1893785468099309787,100,1894093489782305072,1893461071975063790,7140dibdnow9c7btw4b3nsght2j5vezck7nti7p6k6b00
The Fremont Bridge has closed to traffic at  02:22 PM on 02/23/2025,1893788491408195855,1893788491408195855,100,1894093489782305072,1893461071975063790,7140dibdnow9c7btw4b3nsght2j5vezck7nti7p6k6b00
The Fremont Bridge has reopened to traffic at  02:28 PM on 02/23/2025,1893789940955361708,1893789940955361708,100,1894093489782305072,1893461071975063790,7140dibdnow9c7btw4b3nsght2j5vezck7nti7p6k6b00
The Ballard Bridge has closed to traffic at  02:37 PM on 02/23/2025,1893792209364976008,1893792209364976008,100,1894093489782305072,1893461071975063790,7140dibdnow9c7btw4b3nsght2j5vezck7nti7p6k6b00
The Ballard Bridge has reopened to traffic at  02:43 PM on 02/23/2025,1893793721961070946,1893793721961070946,100,1894093489782305072,1893461071975063790,7140dibdnow9c7btw4b3nsght2j5vezck7nti7p6k6b00
The Fremont Bridge has closed to traffic at  03:35 PM on 02/23/2025,1893806819296022746,1893806819296022746,100,1894093489782305072,1893461071975063790,7140dibdnow9c7btw4b3nsght2j5vezck7nti7p6k6b00
The Fremont Bridge has reopened to traffic at  03:39 PM on 02/23/2025,1893807827090853960,1893807827090853960,100,1894093489782305072,1893461071975063790,7140dibdnow9c7btw4b3nsght2j5vezck7nti7p6k6b00
The Ballard Bridge has closed to traffic at  03:50 PM on 02/23/2025,1893810599181922326,1893810599181922326,100,1894093489782305072,1893461071975063790,7140dibdnow9c7btw4b3nsght2j5vezck7nti7p6k6b00
The Ballard Bridge has reopened to traffic at  03:54 PM on 02/23/2025,1893811606750154830,1893811606750154830,100,1894093489782305072,1893461071975063790,7140dibdnow9c7btw4b3nsght2j5vezck7nti7p6k6b00
The Ballard Bridge has closed to traffic at  04:15 PM on 02/23/2025,1893816896048504931,1893816896048504931,100,1894093489782305072,1893461071975063790,7140dibdnow9c7btw4b3nsght2j5vezck7nti7p6k6b00
The Ballard Bridge has reopened to traffic at  04:20 PM on 02/23/2025,1893818156415639926,1893818156415639926,100,1894093489782305072,1893461071975063790,7140dibdnow9c7btw4b3nsght2j5vezck7nti7p6k6b00
The Fremont Bridge has closed to traffic at  04:33 PM on 02/23/2025,1893821431366262817,1893821431366262817,100,1894093489782305072,1893461071975063790,7140dibdnow9c7btw4b3nsght2j5vezck7nti7p6k6b00
The Fremont Bridge has reopened to traffic at  04:38 PM on 02/23/2025,1893822690601193983,1893822690601193983,100,1894093489782305072,1893461071975063790,7140dibdnow9c7btw4b3nsght2j5vezck7nti7p6k6b00
The 1st Ave S Bridge has closed to traffic at  08:27 PM on 02/23/2025,1893880298259337666,1893880298259337666,100,1894093489782305072,1893461071975063790,7140dibdnow9c7btw4b3nsght2j5vezck7nti7p6k6b00
The 1st Ave S Bridge has reopened to traffic at  08:39 PM on 02/23/2025,1893883321618403697,1893883321618403697,100,1894093489782305072,1893461071975063790,7140dibdnow9c7btw4b3nsght2j5vezck7nti7p6k6b00
The 1st Ave S Bridge has closed to traffic at  12:27 AM on 02/24/2025,1893940736816742409,1893940736816742409,100,1894093489782305072,1893461071975063790,7140dibdnow9c7btw4b3nsght2j5vezck7nti7p6k6b00
The 1st Ave S Bridge has reopened to traffic at  12:41 AM on 02/24/2025,1893944263475597760,1893944263475597760,100,1894093489782305072,1893461071975063790,7140dibdnow9c7btw4b3nsght2j5vezck7nti7p6k6b00
The Ballard Bridge has reopened to traffic at  03:10 AM on 02/24/2025,1893981724650144128,1893981724650144128,100,1894093489782305072,1893461071975063790,7140dibdnow9c7btw4b3nsght2j5vezck7nti7p6k6b00
The 1st Ave S Bridge has closed to traffic at  05:33 AM on 02/24/2025,1894017734952026164,1894017734952026164,100,1894093489782305072,1893461071975063790,7140dibdnow9c7btw4b3nsght2j5vezck7nti7p6k6b00
The 1st Ave S Bridge has reopened to traffic at  05:41 AM on 02/24/2025,1894019750801604833,1894019750801604833,100,1894093489782305072,1893461071975063790,7140dibdnow9c7btw4b3nsght2j5vezck7nti7p6k6b00
The University Bridge has closed to traffic at  06:35 AM on 02/24/2025,1894033349527929019,1894033349527929019,100,1894093489782305072,1893461071975063790,7140dibdnow9c7btw4b3nsght2j5vezck7nti7p6k6b00
The University Bridge has reopened to traffic at  06:40 AM on 02/24/2025,1894034609383637030,1894034609383637030,100,1894093489782305072,1893461071975063790,7140dibdnow9c7btw4b3nsght2j5vezck7nti7p6k6b00
The Ballard Bridge has closed to traffic at  09:01 AM on 02/24/2025,1894070057640366463,1894070057640366463,100,1894093489782305072,1893461071975063790,7140dibdnow9c7btw4b3nsght2j5vezck7nti7p6k6b00
The 1st Ave S Bridge has closed to traffic at  09:04 AM on 02/24/2025,1894070813583970786,1894070813583970786,100,1894093489782305072,1893461071975063790,7140dibdnow9c7btw4b3nsght2j5vezck7nti7p6k6b00
The Ballard Bridge has reopened to traffic at  09:05 AM on 02/24/2025,1894071065783275735,1894071065783275735,100,1894093489782305072,1893461071975063790,7140dibdnow9c7btw4b3nsght2j5vezck7nti7p6k6b00
The 1st Ave S Bridge has reopened to traffic at  09:14 AM on 02/24/2025,1894073334050308543,1894073334050308543,100,1894093489782305072,1893461071975063790,7140dibdnow9c7btw4b3nsght2j5vezck7nti7p6k6b00
The Fremont Bridge has closed to traffic at  09:25 AM on 02/24/2025,1894076106023878800,1894076106023878800,100,1894093489782305072,1893461071975063790,7140dibdnow9c7btw4b3nsght2j5vezck7nti7p6k6b00
The Fremont Bridge has reopened to traffic at  09:30 AM on 02/24/2025,1894077365460111590,1894077365460111590,100,1894093489782305072,1893461071975063790,7140dibdnow9c7btw4b3nsght2j5vezck7nti7p6k6b00
The Montlake Bridge has closed to traffic at  10:05 AM on 02/24/2025,1894086181098590234,1894086181098590234,100,1894093489782305072,1893461071975063790,7140dibdnow9c7btw4b3nsght2j5vezck7nti7p6k6b00
The Ballard Bridge has closed to traffic at  10:06 AM on 02/24/2025,1894086433272697143,1894086433272697143,100,1894093489782305072,1893461071975063790,7140dibdnow9c7btw4b3nsght2j5vezck7nti7p6k6b00
The Ballard Bridge has reopened to traffic at  10:09 AM on 02/24/2025,1894087189006618719,1894087189006618719,100,1894093489782305072,1893461071975063790,7140dibdnow9c7btw4b3nsght2j5vezck7nti7p6k6b00
The Montlake Bridge has reopened to traffic at  10:09 AM on 02/24/2025,1894087189396689320,1894087189396689320,100,1894093489782305072,1893461071975063790,7140dibdnow9c7btw4b3nsght2j5vezck7nti7p6k6b00
The University Bridge has closed to traffic at  10:15 AM on 02/24/2025,1894088701749362998,1894088701749362998,100,1894093489782305072,1893461071975063790,7140dibdnow9c7btw4b3nsght2j5vezck7nti7p6k6b00
The University Bridge has reopened to traffic at  10:21 AM on 02/24/2025,1894090213842120799,1894090213842120799,100,1894093489782305072,1893461071975063790,7140dibdnow9c7btw4b3nsght2j5vezck7nti7p6k6b00
The Fremont Bridge has closed to traffic at  10:29 AM on 02/24/2025,1894092230065098927,1894092230065098927,100,1894093489782305072,1893461071975063790,7140dibdnow9c7btw4b3nsght2j5vezck7nti7p6k6b00
The Fremont Bridge has reopened to traffic at  10:34 AM on 02/24/2025,1894093489782305072,1894093489782305072,100,1894093489782305072,1893461071975063790,7140dibdnow9c7btw4b3nsght2j5vezck7nti7p6k6b00
The Fremont Bridge has closed to traffic at  10:41 AM on 02/24/2025,1894095254183448828,1894095254183448828,100,1894932469927055585,1894095254183448828,7140dibdnow9c7btw4b3nuk0x9psssfs9nyhhxq91gr3s
The Fremont Bridge has reopened to traffic at  10:47 AM on 02/24/2025,1894096766636888228,1894096766636888228,100,1894932469927055585,1894095254183448828,7140dibdnow9c7btw4b3nuk0x9psssfs9nyhhxq91gr3s
The University Bridge has closed to traffic at  10:50 AM on 02/24/2025,1894097522614047133,1894097522614047133,100,1894932469927055585,1894095254183448828,7140dibdnow9c7btw4b3nuk0x9psssfs9nyhhxq91gr3s
The Ballard Bridge has closed to traffic at  10:52 AM on 02/24/2025,1894098026601615798,1894098026601615798,100,1894932469927055585,1894095254183448828,7140dibdnow9c7btw4b3nuk0x9psssfs9nyhhxq91gr3s
The University Bridge has reopened to traffic at  10:54 AM on 02/24/2025,1894098530656293346,1894098530656293346,100,1894932469927055585,1894095254183448828,7140dibdnow9c7btw4b3nuk0x9psssfs9nyhhxq91gr3s
The Ballard Bridge has reopened to traffic at  10:55 AM on 02/24/2025,1894098782834626648,1894098782834626648,100,1894932469927055585,1894095254183448828,7140dibdnow9c7btw4b3nuk0x9psssfs9nyhhxq91gr3s
The Fremont Bridge has closed to traffic at  11:07 AM on 02/24/2025,1894101743631569124,1894101743631569124,100,1894932469927055585,1894095254183448828,7140dibdnow9c7btw4b3nuk0x9psssfs9nyhhxq91gr3s
The Fremont Bridge has reopened to traffic at  11:12 AM on 02/24/2025,1894103003269140686,1894103003269140686,100,1894932469927055585,1894095254183448828,7140dibdnow9c7btw4b3nuk0x9psssfs9nyhhxq91gr3s
The 1st Ave S Bridge has closed to traffic at  11:28 AM on 02/24/2025,1894107035752698286,1894107035752698286,100,1894932469927055585,1894095254183448828,7140dibdnow9c7btw4b3nuk0x9psssfs9nyhhxq91gr3s
The 1st Ave S Bridge has reopened to traffic at  11:39 AM on 02/24/2025,1894109808644821485,1894109808644821485,100,1894932469927055585,1894095254183448828,7140dibdnow9c7btw4b3nuk0x9psssfs9nyhhxq91gr3s
The Ballard Bridge has reopened to traffic at  06:39 PM on 02/24/2025,1894215522876887182,1894215522876887182,100,1894932469927055585,1894095254183448828,7140dibdnow9c7btw4b3nuk0x9psssfs9nyhhxq91gr3s
The Ballard Bridge has closed to traffic at  08:04 PM on 02/24/2025,1894236928729649588,1894236928729649588,100,1894932469927055585,1894095254183448828,7140dibdnow9c7btw4b3nuk0x9psssfs9nyhhxq91gr3s
The Ballard Bridge has reopened to traffic at  08:08 PM on 02/24/2025,1894237936444739740,1894237936444739740,100,1894932469927055585,1894095254183448828,7140dibdnow9c7btw4b3nuk0x9psssfs9nyhhxq91gr3s
The Fremont Bridge has reopened to traffic at  09:31 PM on 02/24/2025,1894258839182348727,1894258839182348727,100,1894932469927055585,1894095254183448828,7140dibdnow9c7btw4b3nuk0x9psssfs9nyhhxq91gr3s
The 1st Ave S Bridge has reopened to traffic at  02:46 AM on 02/25/2025,1894338107170021649,1894338107170021649,100,1894932469927055585,1894095254183448828,7140dibdnow9c7btw4b3nuk0x9psssfs9nyhhxq91gr3s
The Ballard Bridge has reopened to traffic at  03:44 AM on 02/25/2025,1894352652513022178,1894352652513022178,100,1894932469927055585,1894095254183448828,7140dibdnow9c7btw4b3nuk0x9psssfs9nyhhxq91gr3s
The Ballard Bridge has reopened to traffic at  03:57 AM on 02/25/2025,1894355927228453191,1894355927228453191,100,1894932469927055585,1894095254183448828,7140dibdnow9c7btw4b3nuk0x9psssfs9nyhhxq91gr3s
The Lower Spokane St Bridge has reopened to traffic at  05:03 AM on 02/25/2025,1894372547384545545,1894372547384545545,100,1894932469927055585,1894095254183448828,7140dibdnow9c7btw4b3nuk0x9psssfs9nyhhxq91gr3s
The Ballard Bridge has reopened to traffic at  05:09 AM on 02/25/2025,1894374059749888075,1894374059749888075,100,1894932469927055585,1894095254183448828,7140dibdnow9c7btw4b3nuk0x9psssfs9nyhhxq91gr3s
The Fremont Bridge has closed to traffic at  10:11 AM on 02/25/2025,1894450160799027600,1894450160799027600,100,1894932469927055585,1894095254183448828,7140dibdnow9c7btw4b3nuk0x9psssfs9nyhhxq91gr3s
The Fremont Bridge has reopened to traffic at  10:17 AM on 02/25/2025,1894451849497121253,1894451849497121253,100,1894932469927055585,1894095254183448828,7140dibdnow9c7btw4b3nuk0x9psssfs9nyhhxq91gr3s
The Ballard Bridge has closed to traffic at  11:34 AM on 02/25/2025,1894470951376752892,1894470951376752892,100,1894932469927055585,1894095254183448828,7140dibdnow9c7btw4b3nuk0x9psssfs9nyhhxq91gr3s
The Ballard Bridge has reopened to traffic at  11:40 AM on 02/25/2025,1894472463805026541,1894472463805026541,100,1894932469927055585,1894095254183448828,7140dibdnow9c7btw4b3nuk0x9psssfs9nyhhxq91gr3s
The Fremont Bridge has closed to traffic at  11:50 AM on 02/25/2025,1894474983306661997,1894474983306661997,100,1894932469927055585,1894095254183448828,7140dibdnow9c7btw4b3nuk0x9psssfs9nyhhxq91gr3s
The Fremont Bridge has reopened to traffic at  11:55 AM on 02/25/2025,1894476242717753502,1894476242717753502,100,1894932469927055585,1894095254183448828,7140dibdnow9c7btw4b3nuk0x9psssfs9nyhhxq91gr3s
The Ballard Bridge has closed to traffic at  06:17 PM on 02/25/2025,1894572366539493752,1894572366539493752,100,1894932469927055585,1894095254183448828,7140dibdnow9c7btw4b3nuk0x9psssfs9nyhhxq91gr3s
The Ballard Bridge has reopened to traffic at  06:22 PM on 02/25/2025,1894573626172871163,1894573626172871163,100,1894932469927055585,1894095254183448828,7140dibdnow9c7btw4b3nuk0x9psssfs9nyhhxq91gr3s
The Fremont Bridge has closed to traffic at  06:28 PM on 02/25/2025,1894575138731168058,1894575138731168058,100,1894932469927055585,1894095254183448828,7140dibdnow9c7btw4b3nuk0x9psssfs9nyhhxq91gr3s
The Fremont Bridge has reopened to traffic at  06:34 PM on 02/25/2025,1894576651343990964,1894576651343990964,100,1894932469927055585,1894095254183448828,7140dibdnow9c7btw4b3nuk0x9psssfs9nyhhxq91gr3s
The University Bridge has closed to traffic at  06:41 PM on 02/25/2025,1894578415329841553,1894578415329841553,100,1894932469927055585,1894095254183448828,7140dibdnow9c7btw4b3nuk0x9psssfs9nyhhxq91gr3s
The University Bridge has reopened to traffic at  06:47 PM on 02/25/2025,1894579927883944109,1894579927883944109,100,1894932469927055585,1894095254183448828,7140dibdnow9c7btw4b3nuk0x9psssfs9nyhhxq91gr3s
The 1st Ave S Bridge has closed to traffic at  09:25 PM on 02/25/2025,1894619714477068429,1894619714477068429,100,1894932469927055585,1894095254183448828,7140dibdnow9c7btw4b3nuk0x9psssfs9nyhhxq91gr3s
The 1st Ave S Bridge has reopened to traffic at  09:40 PM on 02/25/2025,1894623492886466719,1894623492886466719,100,1894932469927055585,1894095254183448828,7140dibdnow9c7btw4b3nuk0x9psssfs9nyhhxq91gr3s
The University Bridge has closed to traffic at  10:00 PM on 02/25/2025,1894628468471861452,1894628468471861452,100,1894932469927055585,1894095254183448828,7140dibdnow9c7btw4b3nuk0x9psssfs9nyhhxq91gr3s
The University Bridge has reopened to traffic at  10:05 PM on 02/25/2025,1894629727908106694,1894629727908106694,100,1894932469927055585,1894095254183448828,7140dibdnow9c7btw4b3nuk0x9psssfs9nyhhxq91gr3s
The Fremont Bridge has closed to traffic at  10:15 PM on 02/25/2025,1894632247539765672,1894632247539765672,100,1894932469927055585,1894095254183448828,7140dibdnow9c7btw4b3nuk0x9psssfs9nyhhxq91gr3s
The Fremont Bridge has reopened to traffic at  10:19 PM on 02/25/2025,1894633255082889382,1894633255082889382,100,1894932469927055585,1894095254183448828,7140dibdnow9c7btw4b3nuk0x9psssfs9nyhhxq91gr3s
The Fremont Bridge has closed to traffic at  12:15 AM on 02/26/2025,1894662464849285565,1894662464849285565,100,1894932469927055585,1894095254183448828,7140dibdnow9c7btw4b3nuk0x9psssfs9nyhhxq91gr3s
The Fremont Bridge has reopened to traffic at  12:22 AM on 02/26/2025,1894664228965159362,1894664228965159362,100,1894932469927055585,1894095254183448828,7140dibdnow9c7btw4b3nuk0x9psssfs9nyhhxq91gr3s
The Ballard Bridge has closed to traffic at  12:34 AM on 02/26/2025,1894667252299178094,1894667252299178094,100,1894932469927055585,1894095254183448828,7140dibdnow9c7btw4b3nuk0x9psssfs9nyhhxq91gr3s
The Ballard Bridge has reopened to traffic at  12:38 AM on 02/26/2025,1894668259729002710,1894668259729002710,100,1894932469927055585,1894095254183448828,7140dibdnow9c7btw4b3nuk0x9psssfs9nyhhxq91gr3s
The University Bridge has reopened to traffic at  12:51 AM on 02/26/2025,1894671534717051222,1894671534717051222,100,1894932469927055585,1894095254183448828,7140dibdnow9c7btw4b3nuk0x9psssfs9nyhhxq91gr3s
The 1st Ave S Bridge has closed to traffic at  05:13 AM on 02/26/2025,1894737444802814021,1894737444802814021,100,1894932469927055585,1894095254183448828,7140dibdnow9c7btw4b3nuk0x9psssfs9nyhhxq91gr3s
The 1st Ave S Bridge has reopened to traffic at  05:21 AM on 02/26/2025,1894739460702826503,1894739460702826503,100,1894932469927055585,1894095254183448828,7140dibdnow9c7btw4b3nuk0x9psssfs9nyhhxq91gr3s
The Fremont Bridge has closed to traffic at  05:46 AM on 02/26/2025,1894745757384896637,1894745757384896637,100,1894932469927055585,1894095254183448828,7140dibdnow9c7btw4b3nuk0x9psssfs9nyhhxq91gr3s
The Fremont Bridge has reopened to traffic at  05:53 AM on 02/26/2025,1894747521353908386,1894747521353908386,100,1894932469927055585,1894095254183448828,7140dibdnow9c7btw4b3nuk0x9psssfs9nyhhxq91gr3s
The University Bridge has closed to traffic at  06:23 AM on 02/26/2025,1894755076700561839,1894755076700561839,100,1894932469927055585,1894095254183448828,7140dibdnow9c7btw4b3nuk0x9psssfs9nyhhxq91gr3s
The University Bridge has reopened to traffic at  06:29 AM on 02/26/2025,1894756588965253476,1894756588965253476,100,1894932469927055585,1894095254183448828,7140dibdnow9c7btw4b3nuk0x9psssfs9nyhhxq91gr3s
The Fremont Bridge has closed to traffic at  06:50 AM on 02/26/2025,1894761878259421236,1894761878259421236,100,1894932469927055585,1894095254183448828,7140dibdnow9c7btw4b3nuk0x9psssfs9nyhhxq91gr3s
The Fremont Bridge has reopened to traffic at  06:55 AM on 02/26/2025,1894763137565593640,1894763137565593640,100,1894932469927055585,1894095254183448828,7140dibdnow9c7btw4b3nuk0x9psssfs9nyhhxq91gr3s
The 1st Ave S Bridge has closed to traffic at  09:38 AM on 02/26/2025,1894804180344414229,1894804180344414229,100,1894932469927055585,1894095254183448828,7140dibdnow9c7btw4b3nuk0x9psssfs9nyhhxq91gr3s
The 1st Ave S Bridge has reopened to traffic at  09:47 AM on 02/26/2025,1894806448133283986,1894806448133283986,100,1894932469927055585,1894095254183448828,7140dibdnow9c7btw4b3nuk0x9psssfs9nyhhxq91gr3s
The Ballard Bridge has closed to traffic at  09:54 AM on 02/26/2025,1894808149296881772,1894808149296881772,100,1894932469927055585,1894095254183448828,7140dibdnow9c7btw4b3nuk0x9psssfs9nyhhxq91gr3s
The Ballard Bridge has reopened to traffic at  09:58 AM on 02/26/2025,1894809156768669764,1894809156768669764,100,1894932469927055585,1894095254183448828,7140dibdnow9c7btw4b3nuk0x9psssfs9nyhhxq91gr3s
The 1st Ave S Bridge has closed to traffic at  10:11 AM on 02/26/2025,1894812433396449446,1894812433396449446,100,1894932469927055585,1894095254183448828,7140dibdnow9c7btw4b3nuk0x9psssfs9nyhhxq91gr3s
The Fremont Bridge has closed to traffic at  10:11 AM on 02/26/2025,1894812434034311551,1894812434034311551,100,1894932469927055585,1894095254183448828,7140dibdnow9c7btw4b3nuk0x9psssfs9nyhhxq91gr3s
The Fremont Bridge has reopened to traffic at  10:20 AM on 02/26/2025,1894814702133559322,1894814702133559322,100,1894932469927055585,1894095254183448828,7140dibdnow9c7btw4b3nuk0x9psssfs9nyhhxq91gr3s
The 1st Ave S Bridge has reopened to traffic at  10:22 AM on 02/26/2025,1894815206058164226,1894815206058164226,100,1894932469927055585,1894095254183448828,7140dibdnow9c7btw4b3nuk0x9psssfs9nyhhxq91gr3s
The Montlake Bridge has closed to traffic at  10:26 AM on 02/26/2025,1894816213659983992,1894816213659983992,100,1894932469927055585,1894095254183448828,7140dibdnow9c7btw4b3nuk0x9psssfs9nyhhxq91gr3s
The Ballard Bridge has closed to traffic at  10:27 AM on 02/26/2025,1894816465892843960,1894816465892843960,100,1894932469927055585,1894095254183448828,7140dibdnow9c7btw4b3nuk0x9psssfs9nyhhxq91gr3s
The Ballard Bridge has reopened to traffic at  10:32 AM on 02/26/2025,1894817725110980714,1894817725110980714,100,1894932469927055585,1894095254183448828,7140dibdnow9c7btw4b3nuk0x9psssfs9nyhhxq91gr3s
The Montlake Bridge has reopened to traffic at  10:33 AM on 02/26/2025,1894817978493083845,1894817978493083845,100,1894932469927055585,1894095254183448828,7140dibdnow9c7btw4b3nuk0x9psssfs9nyhhxq91gr3s
The University Bridge has closed to traffic at  10:35 AM on 02/26/2025,1894818482476446170,1894818482476446170,100,1894932469927055585,1894095254183448828,7140dibdnow9c7btw4b3nuk0x9psssfs9nyhhxq91gr3s
The University Bridge has reopened to traffic at  10:41 AM on 02/26/2025,1894819995047379189,1894819995047379189,100,1894932469927055585,1894095254183448828,7140dibdnow9c7btw4b3nuk0x9psssfs9nyhhxq91gr3s
The Fremont Bridge has closed to traffic at  10:43 AM on 02/26/2025,1894820499110482353,1894820499110482353,100,1894932469927055585,1894095254183448828,7140dibdnow9c7btw4b3nuk0x9psssfs9nyhhxq91gr3s
The Montlake Bridge has closed to traffic at  10:48 AM on 02/26/2025,1894821758676672815,1894821758676672815,100,1894932469927055585,1894095254183448828,7140dibdnow9c7btw4b3nuk0x9psssfs9nyhhxq91gr3s
The Fremont Bridge has reopened to traffic at  10:51 AM on 02/26/2025,1894822516679700984,1894822516679700984,100,1894932469927055585,1894095254183448828,7140dibdnow9c7btw4b3nuk0x9psssfs9nyhhxq91gr3s
The Montlake Bridge has reopened to traffic at  10:54 AM on 02/26/2025,1894823272426127770,1894823272426127770,100,1894932469927055585,1894095254183448828,7140dibdnow9c7btw4b3nuk0x9psssfs9nyhhxq91gr3s
The 1st Ave S Bridge has closed to traffic at  10:59 AM on 02/26/2025,1894824531916915125,1894824531916915125,100,1894932469927055585,1894095254183448828,7140dibdnow9c7btw4b3nuk0x9psssfs9nyhhxq91gr3s
The Ballard Bridge has closed to traffic at  11:00 AM on 02/26/2025,1894824785294828009,1894824785294828009,100,1894932469927055585,1894095254183448828,7140dibdnow9c7btw4b3nuk0x9psssfs9nyhhxq91gr3s
The Ballard Bridge has reopened to traffic at  11:05 AM on 02/26/2025,1894826044651381032,1894826044651381032,100,1894932469927055585,1894095254183448828,7140dibdnow9c7btw4b3nuk0x9psssfs9nyhhxq91gr3s
The 1st Ave S Bridge has reopened to traffic at  11:08 AM on 02/26/2025,1894826801584808152,1894826801584808152,100,1894932469927055585,1894095254183448828,7140dibdnow9c7btw4b3nuk0x9psssfs9nyhhxq91gr3s
The Fremont Bridge has closed to traffic at  11:30 AM on 02/26/2025,1894832343145423347,1894832343145423347,100,1894932469927055585,1894095254183448828,7140dibdnow9c7btw4b3nuk0x9psssfs9nyhhxq91gr3s
The Fremont Bridge has reopened to traffic at  11:37 AM on 02/26/2025,1894834108066603427,1894834108066603427,100,1894932469927055585,1894095254183448828,7140dibdnow9c7btw4b3nuk0x9psssfs9nyhhxq91gr3s
The Ballard Bridge has closed to traffic at  12:03 PM on 02/26/2025,1894840657501671767,1894840657501671767,100,1894932469927055585,1894095254183448828,7140dibdnow9c7btw4b3nuk0x9psssfs9nyhhxq91gr3s
The Ballard Bridge has reopened to traffic at  12:07 PM on 02/26/2025,1894841665074143394,1894841665074143394,100,1894932469927055585,1894095254183448828,7140dibdnow9c7btw4b3nuk0x9psssfs9nyhhxq91gr3s
The Fremont Bridge has closed to traffic at  12:17 PM on 02/26/2025,1894844184655495329,1894844184655495329,100,1894932469927055585,1894095254183448828,7140dibdnow9c7btw4b3nuk0x9psssfs9nyhhxq91gr3s
The University Bridge has closed to traffic at  12:21 PM on 02/26/2025,1894845192290869755,1894845192290869755,100,1894932469927055585,1894095254183448828,7140dibdnow9c7btw4b3nuk0x9psssfs9nyhhxq91gr3s
The Fremont Bridge has reopened to traffic at  12:25 PM on 02/26/2025,1894846199817244701,1894846199817244701,100,1894932469927055585,1894095254183448828,7140dibdnow9c7btw4b3nuk0x9psssfs9nyhhxq91gr3s
The Montlake Bridge has closed to traffic at  12:25 PM on 02/26/2025,1894846200291205618,1894846200291205618,100,1894932469927055585,1894095254183448828,7140dibdnow9c7btw4b3nuk0x9psssfs9nyhhxq91gr3s
The University Bridge has reopened to traffic at  12:26 PM on 02/26/2025,1894846452553392380,1894846452553392380,100,1894932469927055585,1894095254183448828,7140dibdnow9c7btw4b3nuk0x9psssfs9nyhhxq91gr3s
The Montlake Bridge has reopened to traffic at  12:31 PM on 02/26/2025,1894847711847031023,1894847711847031023,100,1894932469927055585,1894095254183448828,7140dibdnow9c7btw4b3nuk0x9psssfs9nyhhxq91gr3s
The Fremont Bridge has closed to traffic at  12:43 PM on 02/26/2025,1894850735088771427,1894850735088771427,100,1894932469927055585,1894095254183448828,7140dibdnow9c7btw4b3nuk0x9psssfs9nyhhxq91gr3s
The Fremont Bridge has reopened to traffic at  12:49 PM on 02/26/2025,1894852247714177189,1894852247714177189,100,1894932469927055585,1894095254183448828,7140dibdnow9c7btw4b3nuk0x9psssfs9nyhhxq91gr3s
The University Bridge has closed to traffic at  01:34 PM on 02/26/2025,1894863517779726400,1894863517779726400,100,1894932469927055585,1894095254183448828,7140dibdnow9c7btw4b3nuk0x9psssfs9nyhhxq91gr3s
The University Bridge has reopened to traffic at  01:38 PM on 02/26/2025,1894864525356323294,1894864525356323294,100,1894932469927055585,1894095254183448828,7140dibdnow9c7btw4b3nuk0x9psssfs9nyhhxq91gr3s
The Ballard Bridge has closed to traffic at  02:16 PM on 02/26/2025,1894874096040923627,1894874096040923627,100,1894932469927055585,1894095254183448828,7140dibdnow9c7btw4b3nuk0x9psssfs9nyhhxq91gr3s
The Ballard Bridge has reopened to traffic at  02:20 PM on 02/26/2025,1894875103663735023,1894875103663735023,100,1894932469927055585,1894095254183448828,7140dibdnow9c7btw4b3nuk0x9psssfs9nyhhxq91gr3s
The Fremont Bridge has closed to traffic at  02:42 PM on 02/26/2025,1894880645148745974,1894880645148745974,100,1894932469927055585,1894095254183448828,7140dibdnow9c7btw4b3nuk0x9psssfs9nyhhxq91gr3s
The Fremont Bridge has reopened to traffic at  02:51 PM on 02/26/2025,1894882912992141386,1894882912992141386,100,1894932469927055585,1894095254183448828,7140dibdnow9c7btw4b3nuk0x9psssfs9nyhhxq91gr3s
The Ballard Bridge has closed to traffic at  02:55 PM on 02/26/2025,1894883920459768065,1894883920459768065,100,1894932469927055585,1894095254183448828,7140dibdnow9c7btw4b3nuk0x9psssfs9nyhhxq91gr3s
The Ballard Bridge has reopened to traffic at  03:03 PM on 02/26/2025,1894885938117202274,1894885938117202274,100,1894932469927055585,1894095254183448828,7140dibdnow9c7btw4b3nuk0x9psssfs9nyhhxq91gr3s
The Fremont Bridge has closed to traffic at  03:13 PM on 02/26/2025,1894888457748783611,1894888457748783611,100,1894932469927055585,1894095254183448828,7140dibdnow9c7btw4b3nuk0x9psssfs9nyhhxq91gr3s
The Fremont Bridge has reopened to traffic at  03:24 PM on 02/26/2025,1894891229294535073,1894891229294535073,100,1894932469927055585,1894095254183448828,7140dibdnow9c7btw4b3nuk0x9psssfs9nyhhxq91gr3s
The University Bridge has closed to traffic at  03:36 PM on 02/26/2025,1894894252683075742,1894894252683075742,100,1894932469927055585,1894095254183448828,7140dibdnow9c7btw4b3nuk0x9psssfs9nyhhxq91gr3s
The University Bridge has reopened to traffic at  03:44 PM on 02/26/2025,1894896268952154579,1894896268952154579,100,1894932469927055585,1894095254183448828,7140dibdnow9c7btw4b3nuk0x9psssfs9nyhhxq91gr3s
The Ballard Bridge has closed to traffic at  05:26 PM on 02/26/2025,1894921953473171678,1894921953473171678,100,1894932469927055585,1894095254183448828,7140dibdnow9c7btw4b3nuk0x9psssfs9nyhhxq91gr3s
The Ballard Bridge has reopened to traffic at  05:32 PM on 02/26/2025,1894923465779749013,1894923465779749013,100,1894932469927055585,1894095254183448828,7140dibdnow9c7btw4b3nuk0x9psssfs9nyhhxq91gr3s
The Ballard Bridge has closed to traffic at  06:03 PM on 02/26/2025,1894931210528530921,1894931210528530921,100,1894932469927055585,1894095254183448828,7140dibdnow9c7btw4b3nuk0x9psssfs9nyhhxq91gr3s
The Ballard Bridge has reopened to traffic at  06:08 PM on 02/26/2025,1894932469927055585,1894932469927055585,100,1894932469927055585,1894095254183448828,7140dibdnow9c7btw4b3nuk0x9psssfs9nyhhxq91gr3s
The Fremont Bridge has closed to traffic at  06:18 PM on 02/26/2025,1894934989780996292,1894934989780996292,100,1895583524281073815,1894934989780996292,7140dibdnow9c7btw4b3numps05b20roebjn9llijlbn6
The Fremont Bridge has reopened to traffic at  06:25 PM on 02/26/2025,1894936754056212919,1894936754056212919,100,1895583524281073815,1894934989780996292,7140dibdnow9c7btw4b3numps05b20roebjn9llijlbn6
The 1st Ave S Bridge has closed to traffic at  06:49 PM on 02/26/2025,1894942799273042191,1894942799273042191,100,1895583524281073815,1894934989780996292,7140dibdnow9c7btw4b3numps05b20roebjn9llijlbn6
The 1st Ave S Bridge has reopened to traffic at  06:57 PM on 02/26/2025,1894944815349129242,1894944815349129242,100,1895583524281073815,1894934989780996292,7140dibdnow9c7btw4b3numps05b20roebjn9llijlbn6
The University Bridge has closed to traffic at  07:06 PM on 02/26/2025,1894947083473560005,1894947083473560005,100,1895583524281073815,1894934989780996292,7140dibdnow9c7btw4b3numps05b20roebjn9llijlbn6
The University Bridge has reopened to traffic at  07:11 PM on 02/26/2025,1894948342905606609,1894948342905606609,100,1895583524281073815,1894934989780996292,7140dibdnow9c7btw4b3numps05b20roebjn9llijlbn6
The Fremont Bridge has closed to traffic at  07:19 PM on 02/26/2025,1894950358633587199,1894950358633587199,100,1895583524281073815,1894934989780996292,7140dibdnow9c7btw4b3numps05b20roebjn9llijlbn6
The Fremont Bridge has reopened to traffic at  07:27 PM on 02/26/2025,1894952374760022535,1894952374760022535,100,1895583524281073815,1894934989780996292,7140dibdnow9c7btw4b3numps05b20roebjn9llijlbn6
The Ballard Bridge has closed to traffic at  07:30 PM on 02/26/2025,1894953130732986507,1894953130732986507,100,1895583524281073815,1894934989780996292,7140dibdnow9c7btw4b3numps05b20roebjn9llijlbn6
The Ballard Bridge has reopened to traffic at  07:35 PM on 02/26/2025,1894954390223757517,1894954390223757517,100,1895583524281073815,1894934989780996292,7140dibdnow9c7btw4b3numps05b20roebjn9llijlbn6
The University Bridge has closed to traffic at  09:08 PM on 02/26/2025,1894977810395189496,1894977810395189496,100,1895583524281073815,1894934989780996292,7140dibdnow9c7btw4b3numps05b20roebjn9llijlbn6
The University Bridge has reopened to traffic at  09:13 PM on 02/26/2025,1894979069877592367,1894979069877592367,100,1895583524281073815,1894934989780996292,7140dibdnow9c7btw4b3numps05b20roebjn9llijlbn6
The Fremont Bridge has closed to traffic at  09:27 PM on 02/26/2025,1894982596309975433,1894982596309975433,100,1895583524281073815,1894934989780996292,7140dibdnow9c7btw4b3numps05b20roebjn9llijlbn6
The Fremont Bridge has reopened to traffic at  09:35 PM on 02/26/2025,1894984612138623087,1894984612138623087,100,1895583524281073815,1894934989780996292,7140dibdnow9c7btw4b3numps05b20roebjn9llijlbn6
The Ballard Bridge has closed to traffic at  09:43 AM on 02/27/2025,1895167812496433321,1895167812496433321,100,1895583524281073815,1894934989780996292,7140dibdnow9c7btw4b3numps05b20roebjn9llijlbn6
The Ballard Bridge has reopened to traffic at  09:48 AM on 02/27/2025,1895169072125604124,1895169072125604124,100,1895583524281073815,1894934989780996292,7140dibdnow9c7btw4b3numps05b20roebjn9llijlbn6
The Fremont Bridge has closed to traffic at  09:56 AM on 02/27/2025,1895171087732015374,1895171087732015374,100,1895583524281073815,1894934989780996292,7140dibdnow9c7btw4b3numps05b20roebjn9llijlbn6
The Montlake Bridge has closed to traffic at  09:58 AM on 02/27/2025,1895171591644045665,1895171591644045665,100,1895583524281073815,1894934989780996292,7140dibdnow9c7btw4b3numps05b20roebjn9llijlbn6
The Montlake Bridge has reopened to traffic at  09:59 AM on 02/27/2025,1895171843793002879,1895171843793002879,100,1895583524281073815,1894934989780996292,7140dibdnow9c7btw4b3numps05b20roebjn9llijlbn6
The Fremont Bridge has reopened to traffic at  10:04 AM on 02/27/2025,1895173103317360813,1895173103317360813,100,1895583524281073815,1894934989780996292,7140dibdnow9c7btw4b3numps05b20roebjn9llijlbn6
The Fremont Bridge has closed to traffic at  10:21 AM on 02/27/2025,1895177386339246218,1895177386339246218,100,1895583524281073815,1894934989780996292,7140dibdnow9c7btw4b3numps05b20roebjn9llijlbn6
The Montlake Bridge has closed to traffic at  10:26 AM on 02/27/2025,1895178645699993855,1895178645699993855,100,1895583524281073815,1894934989780996292,7140dibdnow9c7btw4b3numps05b20roebjn9llijlbn6
The Fremont Bridge has reopened to traffic at  10:28 AM on 02/27/2025,1895179151063322896,1895179151063322896,100,1895583524281073815,1894934989780996292,7140dibdnow9c7btw4b3numps05b20roebjn9llijlbn6
The Montlake Bridge has reopened to traffic at  10:38 AM on 02/27/2025,1895181670665592950,1895181670665592950,100,1895583524281073815,1894934989780996292,7140dibdnow9c7btw4b3numps05b20roebjn9llijlbn6
The Montlake Bridge has closed to traffic at  10:42 AM on 02/27/2025,1895182615352877095,1895182615352877095,100,1895583524281073815,1894934989780996292,7140dibdnow9c7btw4b3numps05b20roebjn9llijlbn6
The Ballard Bridge has closed to traffic at  10:43 AM on 02/27/2025,1895182867527016749,1895182867527016749,100,1895583524281073815,1894934989780996292,7140dibdnow9c7btw4b3numps05b20roebjn9llijlbn6
The Montlake Bridge has reopened to traffic at  10:43 AM on 02/27/2025,1895182867925475605,1895182867925475605,100,1895583524281073815,1894934989780996292,7140dibdnow9c7btw4b3numps05b20roebjn9llijlbn6
The Ballard Bridge has reopened to traffic at  10:48 AM on 02/27/2025,1895184127302979817,1895184127302979817,100,1895583524281073815,1894934989780996292,7140dibdnow9c7btw4b3numps05b20roebjn9llijlbn6
The Montlake Bridge has closed to traffic at  11:01 AM on 02/27/2025,1895187403067081212,1895187403067081212,100,1895583524281073815,1894934989780996292,7140dibdnow9c7btw4b3numps05b20roebjn9llijlbn6
The Fremont Bridge has closed to traffic at  11:03 AM on 02/27/2025,1895187908375851186,1895187908375851186,100,1895583524281073815,1894934989780996292,7140dibdnow9c7btw4b3numps05b20roebjn9llijlbn6
The Montlake Bridge has reopened to traffic at  11:06 AM on 02/27/2025,1895188664264860012,1895188664264860012,100,1895583524281073815,1894934989780996292,7140dibdnow9c7btw4b3numps05b20roebjn9llijlbn6
The University Bridge has closed to traffic at  11:11 AM on 02/27/2025,1895189924330283310,1895189924330283310,100,1895583524281073815,1894934989780996292,7140dibdnow9c7btw4b3numps05b20roebjn9llijlbn6
The Fremont Bridge has reopened to traffic at  11:12 AM on 02/27/2025,1895190178328936927,1895190178328936927,100,1895583524281073815,1894934989780996292,7140dibdnow9c7btw4b3numps05b20roebjn9llijlbn6
The University Bridge has reopened to traffic at  11:15 AM on 02/27/2025,1895190934238961867,1895190934238961867,100,1895583524281073815,1894934989780996292,7140dibdnow9c7btw4b3numps05b20roebjn9llijlbn6
The Fremont Bridge has closed to traffic at  11:28 AM on 02/27/2025,1895194209138954724,1895194209138954724,100,1895583524281073815,1894934989780996292,7140dibdnow9c7btw4b3numps05b20roebjn9llijlbn6
The Fremont Bridge has reopened to traffic at  11:35 AM on 02/27/2025,1895195974177563054,1895195974177563054,100,1895583524281073815,1894934989780996292,7140dibdnow9c7btw4b3numps05b20roebjn9llijlbn6
The Ballard Bridge has closed to traffic at  11:43 AM on 02/27/2025,1895197990027174254,1895197990027174254,100,1895583524281073815,1894934989780996292,7140dibdnow9c7btw4b3numps05b20roebjn9llijlbn6
The Ballard Bridge has reopened to traffic at  11:47 AM on 02/27/2025,1895198997511536706,1895198997511536706,100,1895583524281073815,1894934989780996292,7140dibdnow9c7btw4b3numps05b20roebjn9llijlbn6
The University Bridge has closed to traffic at  11:51 AM on 02/27/2025,1895200005109227915,1895200005109227915,100,1895583524281073815,1894934989780996292,7140dibdnow9c7btw4b3numps05b20roebjn9llijlbn6
The University Bridge has reopened to traffic at  11:55 AM on 02/27/2025,1895201012828557687,1895201012828557687,100,1895583524281073815,1894934989780996292,7140dibdnow9c7btw4b3numps05b20roebjn9llijlbn6
The Fremont Bridge has closed to traffic at  12:05 PM on 02/27/2025,1895203532514697389,1895203532514697389,100,1895583524281073815,1894934989780996292,7140dibdnow9c7btw4b3numps05b20roebjn9llijlbn6
The Fremont Bridge has reopened to traffic at  12:11 PM on 02/27/2025,1895205045077176408,1895205045077176408,100,1895583524281073815,1894934989780996292,7140dibdnow9c7btw4b3numps05b20roebjn9llijlbn6
The Ballard Bridge has closed to traffic at  12:20 PM on 02/27/2025,1895207312614396262,1895207312614396262,100,1895583524281073815,1894934989780996292,7140dibdnow9c7btw4b3numps05b20roebjn9llijlbn6
The Ballard Bridge has reopened to traffic at  12:23 PM on 02/27/2025,1895208068516061449,1895208068516061449,100,1895583524281073815,1894934989780996292,7140dibdnow9c7btw4b3numps05b20roebjn9llijlbn6
The Ballard Bridge has closed to traffic at  01:48 PM on 02/27/2025,1895229472301031608,1895229472301031608,100,1895583524281073815,1894934989780996292,7140dibdnow9c7btw4b3numps05b20roebjn9llijlbn6
The Ballard Bridge has reopened to traffic at  01:55 PM on 02/27/2025,1895231236446265779,1895231236446265779,100,1895583524281073815,1894934989780996292,7140dibdnow9c7btw4b3numps05b20roebjn9llijlbn6
The Fremont Bridge has closed to traffic at  02:07 PM on 02/27/2025,1895234259784523960,1895234259784523960,100,1895583524281073815,1894934989780996292,7140dibdnow9c7btw4b3numps05b20roebjn9llijlbn6
The Fremont Bridge has reopened to traffic at  02:17 PM on 02/27/2025,1895236779084783686,1895236779084783686,100,1895583524281073815,1894934989780996292,7140dibdnow9c7btw4b3numps05b20roebjn9llijlbn6
The Fremont Bridge has closed to traffic at  02:29 PM on 02/27/2025,1895239739906892098,1895239739906892098,100,1895583524281073815,1894934989780996292,7140dibdnow9c7btw4b3numps05b20roebjn9llijlbn6
The University Bridge has closed to traffic at  02:33 PM on 02/27/2025,1895240747643015241,1895240747643015241,100,1895583524281073815,1894934989780996292,7140dibdnow9c7btw4b3numps05b20roebjn9llijlbn6
The Fremont Bridge has reopened to traffic at  02:34 PM on 02/27/2025,1895240999938756943,1895240999938756943,100,1895583524281073815,1894934989780996292,7140dibdnow9c7btw4b3numps05b20roebjn9llijlbn6
The University Bridge has reopened to traffic at  02:40 PM on 02/27/2025,1895242512320864543,1895242512320864543,100,1895583524281073815,1894934989780996292,7140dibdnow9c7btw4b3numps05b20roebjn9llijlbn6
The Fremont Bridge has closed to traffic at  03:47 PM on 02/27/2025,1895259384751780264,1895259384751780264,100,1895583524281073815,1894934989780996292,7140dibdnow9c7btw4b3numps05b20roebjn9llijlbn6
The Fremont Bridge has reopened to traffic at  03:55 PM on 02/27/2025,1895261400454644048,1895261400454644048,100,1895583524281073815,1894934989780996292,7140dibdnow9c7btw4b3numps05b20roebjn9llijlbn6
The University Bridge has closed to traffic at  06:09 PM on 02/27/2025,1895295142564905188,1895295142564905188,100,1895583524281073815,1894934989780996292,7140dibdnow9c7btw4b3numps05b20roebjn9llijlbn6
The University Bridge has reopened to traffic at  06:15 PM on 02/27/2025,1895296654804427140,1895296654804427140,100,1895583524281073815,1894934989780996292,7140dibdnow9c7btw4b3numps05b20roebjn9llijlbn6
The Fremont Bridge has closed to traffic at  06:24 PM on 02/27/2025,1895298922530365945,1895298922530365945,100,1895583524281073815,1894934989780996292,7140dibdnow9c7btw4b3numps05b20roebjn9llijlbn6
The Fremont Bridge has reopened to traffic at  06:32 PM on 02/27/2025,1895300938359021953,1895300938359021953,100,1895583524281073815,1894934989780996292,7140dibdnow9c7btw4b3numps05b20roebjn9llijlbn6
The Ballard Bridge has closed to traffic at  06:36 PM on 02/27/2025,1895301945960833035,1895301945960833035,100,1895583524281073815,1894934989780996292,7140dibdnow9c7btw4b3numps05b20roebjn9llijlbn6
The Ballard Bridge has reopened to traffic at  06:41 PM on 02/27/2025,1895303205346779636,1895303205346779636,100,1895583524281073815,1894934989780996292,7140dibdnow9c7btw4b3numps05b20roebjn9llijlbn6
The 1st Ave S Bridge has closed to traffic at  09:05 AM on 02/28/2025,1895520651366318093,1895520651366318093,100,1895583524281073815,1894934989780996292,7140dibdnow9c7btw4b3numps05b20roebjn9llijlbn6
The Fremont Bridge has closed to traffic at  09:11 AM on 02/28/2025,1895522163932926412,1895522163932926412,100,1895583524281073815,1894934989780996292,7140dibdnow9c7btw4b3numps05b20roebjn9llijlbn6
The 1st Ave S Bridge has reopened to traffic at  09:17 AM on 02/28/2025,1895523615623578061,1895523615623578061,100,1895583524281073815,1894934989780996292,7140dibdnow9c7btw4b3numps05b20roebjn9llijlbn6
The Fremont Bridge has reopened to traffic at  09:17 AM on 02/28/2025,1895523616009437633,1895523616009437633,100,1895583524281073815,1894934989780996292,7140dibdnow9c7btw4b3numps05b20roebjn9llijlbn6
The Fremont Bridge has closed to traffic at  09:22 AM on 02/28/2025,1895524875357602299,1895524875357602299,100,1895583524281073815,1894934989780996292,7140dibdnow9c7btw4b3numps05b20roebjn9llijlbn6
The Ballard Bridge has closed to traffic at  09:27 AM on 02/28/2025,1895526136219910275,1895526136219910275,100,1895583524281073815,1894934989780996292,7140dibdnow9c7btw4b3numps05b20roebjn9llijlbn6
The Fremont Bridge has reopened to traffic at  09:30 AM on 02/28/2025,1895526892671062150,1895526892671062150,100,1895583524281073815,1894934989780996292,7140dibdnow9c7btw4b3numps05b20roebjn9llijlbn6
The Ballard Bridge has reopened to traffic at  09:31 AM on 02/28/2025,1895527144845165042,1895527144845165042,100,1895583524281073815,1894934989780996292,7140dibdnow9c7btw4b3numps05b20roebjn9llijlbn6
The Ballard Bridge has closed to traffic at  09:41 AM on 02/28/2025,1895529664543850830,1895529664543850830,100,1895583524281073815,1894934989780996292,7140dibdnow9c7btw4b3numps05b20roebjn9llijlbn6
The Ballard Bridge has reopened to traffic at  09:47 AM on 02/28/2025,1895531177068642455,1895531177068642455,100,1895583524281073815,1894934989780996292,7140dibdnow9c7btw4b3numps05b20roebjn9llijlbn6
The University Bridge has closed to traffic at  10:08 AM on 02/28/2025,1895536465993781444,1895536465993781444,100,1895583524281073815,1894934989780996292,7140dibdnow9c7btw4b3numps05b20roebjn9llijlbn6
The University Bridge has reopened to traffic at  10:12 AM on 02/28/2025,1895537473624916343,1895537473624916343,100,1895583524281073815,1894934989780996292,7140dibdnow9c7btw4b3numps05b20roebjn9llijlbn6
The University Bridge has closed to traffic at  10:19 AM on 02/28/2025,1895539238063816871,1895539238063816871,100,1895583524281073815,1894934989780996292,7140dibdnow9c7btw4b3numps05b20roebjn9llijlbn6
The University Bridge has reopened to traffic at  10:24 AM on 02/28/2025,1895540497885905267,1895540497885905267,100,1895583524281073815,1894934989780996292,7140dibdnow9c7btw4b3numps05b20roebjn9llijlbn6
The Fremont Bridge has closed to traffic at  10:25 AM on 02/28/2025,1895540751318335535,1895540751318335535,100,1895583524281073815,1894934989780996292,7140dibdnow9c7btw4b3numps05b20roebjn9llijlbn6
The Fremont Bridge has reopened to traffic at  10:30 AM on 02/28/2025,1895542010561642780,1895542010561642780,100,1895583524281073815,1894934989780996292,7140dibdnow9c7btw4b3numps05b20roebjn9llijlbn6
The Fremont Bridge has closed to traffic at  10:34 AM on 02/28/2025,1895543019690135835,1895543019690135835,100,1895583524281073815,1894934989780996292,7140dibdnow9c7btw4b3numps05b20roebjn9llijlbn6
The Ballard Bridge has closed to traffic at  10:36 AM on 02/28/2025,1895543523648421953,1895543523648421953,100,1895583524281073815,1894934989780996292,7140dibdnow9c7btw4b3numps05b20roebjn9llijlbn6
The 1st Ave S Bridge has closed to traffic at  10:39 AM on 02/28/2025,1895544280237949381,1895544280237949381,100,1895583524281073815,1894934989780996292,7140dibdnow9c7btw4b3numps05b20roebjn9llijlbn6
The Fremont Bridge has reopened to traffic at  10:40 AM on 02/28/2025,1895544532500168972,1895544532500168972,100,1895583524281073815,1894934989780996292,7140dibdnow9c7btw4b3numps05b20roebjn9llijlbn6
The Ballard Bridge has reopened to traffic at  10:41 AM on 02/28/2025,1895544784653287539,1895544784653287539,100,1895583524281073815,1894934989780996292,7140dibdnow9c7btw4b3numps05b20roebjn9llijlbn6
The 1st Ave S Bridge has reopened to traffic at  10:50 AM on 02/28/2025,1895547052064718912,1895547052064718912,100,1895583524281073815,1894934989780996292,7140dibdnow9c7btw4b3numps05b20roebjn9llijlbn6
The Ballard Bridge has closed to traffic at  10:51 AM on 02/28/2025,1895547304205222191,1895547304205222191,100,1895583524281073815,1894934989780996292,7140dibdnow9c7btw4b3numps05b20roebjn9llijlbn6
The Ballard Bridge has reopened to traffic at  10:54 AM on 02/28/2025,1895548059909792067,1895548059909792067,100,1895583524281073815,1894934989780996292,7140dibdnow9c7btw4b3numps05b20roebjn9llijlbn6
The Ballard Bridge has closed to traffic at  11:41 AM on 02/28/2025,1895559904653688904,1895559904653688904,100,1895583524281073815,1894934989780996292,7140dibdnow9c7btw4b3numps05b20roebjn9llijlbn6
The Ballard Bridge has reopened to traffic at  11:45 AM on 02/28/2025,1895560912347742594,1895560912347742594,100,1895583524281073815,1894934989780996292,7140dibdnow9c7btw4b3numps05b20roebjn9llijlbn6
The Fremont Bridge has closed to traffic at  11:58 AM on 02/28/2025,1895564187432337434,1895564187432337434,100,1895583524281073815,1894934989780996292,7140dibdnow9c7btw4b3numps05b20roebjn9llijlbn6
The Fremont Bridge has reopened to traffic at  12:06 PM on 02/28/2025,1895566203084796023,1895566203084796023,100,1895583524281073815,1894934989780996292,7140dibdnow9c7btw4b3numps05b20roebjn9llijlbn6
The Ballard Bridge has closed to traffic at  12:13 PM on 02/28/2025,1895567967053926752,1895567967053926752,100,1895583524281073815,1894934989780996292,7140dibdnow9c7btw4b3numps05b20roebjn9llijlbn6
The Ballard Bridge has reopened to traffic at  12:18 PM on 02/28/2025,1895569163374281196,1895569163374281196,100,1895583524281073815,1894934989780996292,7140dibdnow9c7btw4b3numps05b20roebjn9llijlbn6
The University Bridge has closed to traffic at  12:45 PM on 02/28/2025,1895575963439939874,1895575963439939874,100,1895583524281073815,1894934989780996292,7140dibdnow9c7btw4b3numps05b20roebjn9llijlbn6
The Ballard Bridge has closed to traffic at  12:47 PM on 02/28/2025,1895576467335176516,1895576467335176516,100,1895583524281073815,1894934989780996292,7140dibdnow9c7btw4b3numps05b20roebjn9llijlbn6
The University Bridge has reopened to traffic at  12:50 PM on 02/28/2025,1895577223006228789,1895577223006228789,100,1895583524281073815,1894934989780996292,7140dibdnow9c7btw4b3numps05b20roebjn9llijlbn6
The Ballard Bridge has reopened to traffic at  12:52 PM on 02/28/2025,1895577726989582499,1895577726989582499,100,1895583524281073815,1894934989780996292,7140dibdnow9c7btw4b3numps05b20roebjn9llijlbn6
The Ballard Bridge has closed to traffic at  12:57 PM on 02/28/2025,1895578986379690294,1895578986379690294,100,1895583524281073815,1894934989780996292,7140dibdnow9c7btw4b3numps05b20roebjn9llijlbn6
The Fremont Bridge has closed to traffic at  12:59 PM on 02/28/2025,1895579491508097162,1895579491508097162,100,1895583524281073815,1894934989780996292,7140dibdnow9c7btw4b3numps05b20roebjn9llijlbn6
The Ballard Bridge has reopened to traffic at  01:00 PM on 02/28/2025,1895579743745130594,1895579743745130594,100,1895583524281073815,1894934989780996292,7140dibdnow9c7btw4b3numps05b20roebjn9llijlbn6
The Fremont Bridge has reopened to traffic at  01:06 PM on 02/28/2025,1895581256198590540,1895581256198590540,100,1895583524281073815,1894934989780996292,7140dibdnow9c7btw4b3numps05b20roebjn9llijlbn6
The Ballard Bridge has closed to traffic at  01:11 PM on 02/28/2025,1895582515504791875,1895582515504791875,100,1895583524281073815,1894934989780996292,7140dibdnow9c7btw4b3numps05b20roebjn9llijlbn6
The Ballard Bridge has reopened to traffic at  01:15 PM on 02/28/2025,1895583524281073815,1895583524281073815,100,1895583524281073815,1894934989780996292,7140dibdnow9c7btw4b3numps05b20roebjn9llijlbn6
The University Bridge has closed to traffic at  01:30 PM on 02/28/2025,1895587302661112180,1895587302661112180,100,1896287154743238843,1895587302661112180,7140dibdnow9c7btw4b3nwq8z8cugk0jiwvxhtd6rwrw0
The Fremont Bridge has closed to traffic at  01:32 PM on 02/28/2025,1895587806665433414,1895587806665433414,100,1896287154743238843,1895587302661112180,7140dibdnow9c7btw4b3nwq8z8cugk0jiwvxhtd6rwrw0
The University Bridge has reopened to traffic at  01:34 PM on 02/28/2025,1895588310757884023,1895588310757884023,100,1896287154743238843,1895587302661112180,7140dibdnow9c7btw4b3nwq8z8cugk0jiwvxhtd6rwrw0
The Fremont Bridge has reopened to traffic at  01:38 PM on 02/28/2025,1895589318309355653,1895589318309355653,100,1896287154743238843,1895587302661112180,7140dibdnow9c7btw4b3nwq8z8cugk0jiwvxhtd6rwrw0
The Ballard Bridge has closed to traffic at  01:53 PM on 02/28/2025,1895593096991424650,1895593096991424650,100,1896287154743238843,1895587302661112180,7140dibdnow9c7btw4b3nwq8z8cugk0jiwvxhtd6rwrw0
The Ballard Bridge has reopened to traffic at  01:59 PM on 02/28/2025,1895594609352589398,1895594609352589398,100,1896287154743238843,1895587302661112180,7140dibdnow9c7btw4b3nwq8z8cugk0jiwvxhtd6rwrw0
The Fremont Bridge has closed to traffic at  02:01 PM on 02/28/2025,1895595113218523407,1895595113218523407,100,1896287154743238843,1895587302661112180,7140dibdnow9c7btw4b3nwq8z8cugk0jiwvxhtd6rwrw0
The University Bridge has closed to traffic at  02:02 PM on 02/28/2025,1895595365405245449,1895595365405245449,100,1896287154743238843,1895587302661112180,7140dibdnow9c7btw4b3nwq8z8cugk0jiwvxhtd6rwrw0
The 1st Ave S Bridge has closed to traffic at  02:04 PM on 02/28/2025,1895595869317251189,1895595869317251189,100,1896287154743238843,1895587302661112180,7140dibdnow9c7btw4b3nwq8z8cugk0jiwvxhtd6rwrw0
The Fremont Bridge has reopened to traffic at  02:06 PM on 02/28/2025,1895596373338382482,1895596373338382482,100,1896287154743238843,1895587302661112180,7140dibdnow9c7btw4b3nwq8z8cugk0jiwvxhtd6rwrw0
The University Bridge has reopened to traffic at  02:06 PM on 02/28/2025,1895596373778841968,1895596373778841968,100,1896287154743238843,1895587302661112180,7140dibdnow9c7btw4b3nwq8z8cugk0jiwvxhtd6rwrw0
The 1st Ave S Bridge has reopened to traffic at  02:15 PM on 02/28/2025,1895598641647366510,1895598641647366510,100,1896287154743238843,1895587302661112180,7140dibdnow9c7btw4b3nwq8z8cugk0jiwvxhtd6rwrw0
The Fremont Bridge has closed to traffic at  02:23 PM on 02/28/2025,1895600657450811746,1895600657450811746,100,1896287154743238843,1895587302661112180,7140dibdnow9c7btw4b3nwq8z8cugk0jiwvxhtd6rwrw0
The Fremont Bridge has reopened to traffic at  02:28 PM on 02/28/2025,1895601916811624931,1895601916811624931,100,1896287154743238843,1895587302661112180,7140dibdnow9c7btw4b3nwq8z8cugk0jiwvxhtd6rwrw0
The Ballard Bridge has closed to traffic at  02:42 PM on 02/28/2025,1895605443529158685,1895605443529158685,100,1896287154743238843,1895587302661112180,7140dibdnow9c7btw4b3nwq8z8cugk0jiwvxhtd6rwrw0
The Ballard Bridge has reopened to traffic at  02:50 PM on 02/28/2025,1895607460666474963,1895607460666474963,100,1896287154743238843,1895587302661112180,7140dibdnow9c7btw4b3nwq8z8cugk0jiwvxhtd6rwrw0
The Fremont Bridge has closed to traffic at  03:04 PM on 02/28/2025,1895610987358880110,1895610987358880110,100,1896287154743238843,1895587302661112180,7140dibdnow9c7btw4b3nwq8z8cugk0jiwvxhtd6rwrw0
The Fremont Bridge has reopened to traffic at  03:14 PM on 02/28/2025,1895613508563161324,1895613508563161324,100,1896287154743238843,1895587302661112180,7140dibdnow9c7btw4b3nwq8z8cugk0jiwvxhtd6rwrw0
The University Bridge has closed to traffic at  03:28 PM on 02/28/2025,1895617035734040985,1895617035734040985,100,1896287154743238843,1895587302661112180,7140dibdnow9c7btw4b3nwq8z8cugk0jiwvxhtd6rwrw0
The University Bridge has reopened to traffic at  03:35 PM on 02/28/2025,1895618799925416356,1895618799925416356,100,1896287154743238843,1895587302661112180,7140dibdnow9c7btw4b3nwq8z8cugk0jiwvxhtd6rwrw0
The Fremont Bridge has closed to traffic at  06:43 PM on 02/28/2025,1895666077478350957,1895666077478350957,100,1896287154743238843,1895587302661112180,7140dibdnow9c7btw4b3nwq8z8cugk0jiwvxhtd6rwrw0
The Fremont Bridge has reopened to traffic at  06:49 PM on 02/28/2025,1895667590053433801,1895667590053433801,100,1896287154743238843,1895587302661112180,7140dibdnow9c7btw4b3nwq8z8cugk0jiwvxhtd6rwrw0
The Ballard Bridge has closed to traffic at  06:56 PM on 02/28/2025,1895669353980575952,1895669353980575952,100,1896287154743238843,1895587302661112180,7140dibdnow9c7btw4b3nwq8z8cugk0jiwvxhtd6rwrw0
The Ballard Bridge has reopened to traffic at  07:00 PM on 02/28/2025,1895670362735513816,1895670362735513816,100,1896287154743238843,1895587302661112180,7140dibdnow9c7btw4b3nwq8z8cugk0jiwvxhtd6rwrw0
The Montlake Bridge has closed to traffic at  07:04 PM on 02/28/2025,1895671370430001213,1895671370430001213,100,1896287154743238843,1895587302661112180,7140dibdnow9c7btw4b3nwq8z8cugk0jiwvxhtd6rwrw0
The Montlake Bridge has reopened to traffic at  07:11 PM on 02/28/2025,1895673134826864843,1895673134826864843,100,1896287154743238843,1895587302661112180,7140dibdnow9c7btw4b3nwq8z8cugk0jiwvxhtd6rwrw0
The University Bridge has closed to traffic at  07:12 PM on 02/28/2025,1895673386984149481,1895673386984149481,100,1896287154743238843,1895587302661112180,7140dibdnow9c7btw4b3nwq8z8cugk0jiwvxhtd6rwrw0
The University Bridge has reopened to traffic at  07:18 PM on 02/28/2025,1895674899093733578,1895674899093733578,100,1896287154743238843,1895587302661112180,7140dibdnow9c7btw4b3nwq8z8cugk0jiwvxhtd6rwrw0
The University Bridge has closed to traffic at  07:20 PM on 02/28/2025,1895675402989027703,1895675402989027703,100,1896287154743238843,1895587302661112180,7140dibdnow9c7btw4b3nwq8z8cugk0jiwvxhtd6rwrw0
The University Bridge has reopened to traffic at  07:24 PM on 02/28/2025,1895676410506997855,1895676410506997855,100,1896287154743238843,1895587302661112180,7140dibdnow9c7btw4b3nwq8z8cugk0jiwvxhtd6rwrw0
The Fremont Bridge has closed to traffic at  07:28 PM on 02/28/2025,1895677418100408696,1895677418100408696,100,1896287154743238843,1895587302661112180,7140dibdnow9c7btw4b3nwq8z8cugk0jiwvxhtd6rwrw0
The Fremont Bridge has reopened to traffic at  07:37 PM on 02/28/2025,1895679687906714062,1895679687906714062,100,1896287154743238843,1895587302661112180,7140dibdnow9c7btw4b3nwq8z8cugk0jiwvxhtd6rwrw0
The Ballard Bridge has closed to traffic at  07:44 PM on 02/28/2025,1895681451922018411,1895681451922018411,100,1896287154743238843,1895587302661112180,7140dibdnow9c7btw4b3nwq8z8cugk0jiwvxhtd6rwrw0
The Ballard Bridge has reopened to traffic at  07:48 PM on 02/28/2025,1895682459435700478,1895682459435700478,100,1896287154743238843,1895587302661112180,7140dibdnow9c7btw4b3nwq8z8cugk0jiwvxhtd6rwrw0
The Fremont Bridge has closed to traffic at  08:17 PM on 02/28/2025,1895689763149267135,1895689763149267135,100,1896287154743238843,1895587302661112180,7140dibdnow9c7btw4b3nwq8z8cugk0jiwvxhtd6rwrw0
The Fremont Bridge has reopened to traffic at  08:22 PM on 02/28/2025,1895691022375727195,1895691022375727195,100,1896287154743238843,1895587302661112180,7140dibdnow9c7btw4b3nwq8z8cugk0jiwvxhtd6rwrw0
The Ballard Bridge has closed to traffic at  08:35 PM on 02/28/2025,1895694297380634991,1895694297380634991,100,1896287154743238843,1895587302661112180,7140dibdnow9c7btw4b3nwq8z8cugk0jiwvxhtd6rwrw0
The Ballard Bridge has reopened to traffic at  08:39 PM on 02/28/2025,1895695305003422084,1895695305003422084,100,1896287154743238843,1895587302661112180,7140dibdnow9c7btw4b3nwq8z8cugk0jiwvxhtd6rwrw0
The Fremont Bridge has closed to traffic at  08:50 PM on 02/28/2025,1895698014058266748,1895698014058266748,100,1896287154743238843,1895587302661112180,7140dibdnow9c7btw4b3nwq8z8cugk0jiwvxhtd6rwrw0
The Fremont Bridge has reopened to traffic at  08:53 PM on 02/28/2025,1895698769897013556,1895698769897013556,100,1896287154743238843,1895587302661112180,7140dibdnow9c7btw4b3nwq8z8cugk0jiwvxhtd6rwrw0
The Fremont Bridge has closed to traffic at  08:58 PM on 02/28/2025,1895700029463281837,1895700029463281837,100,1896287154743238843,1895587302661112180,7140dibdnow9c7btw4b3nwq8z8cugk0jiwvxhtd6rwrw0
The Fremont Bridge has reopened to traffic at  09:04 PM on 02/28/2025,1895701542461980823,1895701542461980823,100,1896287154743238843,1895587302661112180,7140dibdnow9c7btw4b3nwq8z8cugk0jiwvxhtd6rwrw0
The 1st Ave S Bridge has closed to traffic at  06:53 AM on 03/01/2025,1895849814069559566,1895849814069559566,100,1896287154743238843,1895587302661112180,7140dibdnow9c7btw4b3nwq8z8cugk0jiwvxhtd6rwrw0
The 1st Ave S Bridge has reopened to traffic at  07:00 AM on 03/01/2025,1895851579074556106,1895851579074556106,100,1896287154743238843,1895587302661112180,7140dibdnow9c7btw4b3nwq8z8cugk0jiwvxhtd6rwrw0
The Ballard Bridge has closed to traffic at  08:50 AM on 03/01/2025,1895879220301304023,1895879220301304023,100,1896287154743238843,1895587302661112180,7140dibdnow9c7btw4b3nwq8z8cugk0jiwvxhtd6rwrw0
The Ballard Bridge has reopened to traffic at  08:59 AM on 03/01/2025,1895881488329269438,1895881488329269438,100,1896287154743238843,1895587302661112180,7140dibdnow9c7btw4b3nwq8z8cugk0jiwvxhtd6rwrw0
The Fremont Bridge has closed to traffic at  09:34 AM on 03/01/2025,1895890304773083209,1895890304773083209,100,1896287154743238843,1895587302661112180,7140dibdnow9c7btw4b3nwq8z8cugk0jiwvxhtd6rwrw0
The 1st Ave S Bridge has closed to traffic at  09:36 AM on 03/01/2025,1895890808638951919,1895890808638951919,100,1896287154743238843,1895587302661112180,7140dibdnow9c7btw4b3nwq8z8cugk0jiwvxhtd6rwrw0
The Fremont Bridge has reopened to traffic at  09:43 AM on 03/01/2025,1895892572700361178,1895892572700361178,100,1896287154743238843,1895587302661112180,7140dibdnow9c7btw4b3nwq8z8cugk0jiwvxhtd6rwrw0
The 1st Ave S Bridge has reopened to traffic at  09:55 AM on 03/01/2025,1895895596181176801,1895895596181176801,100,1896287154743238843,1895587302661112180,7140dibdnow9c7btw4b3nwq8z8cugk0jiwvxhtd6rwrw0
The Montlake Bridge has closed to traffic at  10:10 AM on 03/01/2025,1895899374955422013,1895899374955422013,100,1896287154743238843,1895587302661112180,7140dibdnow9c7btw4b3nwq8z8cugk0jiwvxhtd6rwrw0
The Montlake Bridge has reopened to traffic at  10:16 AM on 03/01/2025,1895900887287284054,1895900887287284054,100,1896287154743238843,1895587302661112180,7140dibdnow9c7btw4b3nwq8z8cugk0jiwvxhtd6rwrw0
The Fremont Bridge has closed to traffic at  10:19 AM on 03/01/2025,1895901642954064022,1895901642954064022,100,1896287154743238843,1895587302661112180,7140dibdnow9c7btw4b3nwq8z8cugk0jiwvxhtd6rwrw0
The University Bridge has closed to traffic at  10:21 AM on 03/01/2025,1895902146941632977,1895902146941632977,100,1896287154743238843,1895587302661112180,7140dibdnow9c7btw4b3nwq8z8cugk0jiwvxhtd6rwrw0
The University Bridge has reopened to traffic at  10:27 AM on 03/01/2025,1895903659151814695,1895903659151814695,100,1896287154743238843,1895587302661112180,7140dibdnow9c7btw4b3nwq8z8cugk0jiwvxhtd6rwrw0
The Fremont Bridge has reopened to traffic at  10:28 AM on 03/01/2025,1895903911342674011,1895903911342674011,100,1896287154743238843,1895587302661112180,7140dibdnow9c7btw4b3nwq8z8cugk0jiwvxhtd6rwrw0
The 1st Ave S Bridge has closed to traffic at  10:32 AM on 03/01/2025,1895904918898344221,1895904918898344221,100,1896287154743238843,1895587302661112180,7140dibdnow9c7btw4b3nwq8z8cugk0jiwvxhtd6rwrw0
The Ballard Bridge has closed to traffic at  10:36 AM on 03/01/2025,1895905926470910343,1895905926470910343,100,1896287154743238843,1895587302661112180,7140dibdnow9c7btw4b3nwq8z8cugk0jiwvxhtd6rwrw0
The Ballard Bridge has reopened to traffic at  10:40 AM on 03/01/2025,1895906933988905201,1895906933988905201,100,1896287154743238843,1895587302661112180,7140dibdnow9c7btw4b3nwq8z8cugk0jiwvxhtd6rwrw0
The 1st Ave S Bridge has reopened to traffic at  10:43 AM on 03/01/2025,1895907689827557787,1895907689827557787,100,1896287154743238843,1895587302661112180,7140dibdnow9c7btw4b3nwq8z8cugk0jiwvxhtd6rwrw0
The Fremont Bridge has closed to traffic at  10:43 AM on 03/01/2025,1895907691094266283,1895907691094266283,100,1896287154743238843,1895587302661112180,7140dibdnow9c7btw4b3nwq8z8cugk0jiwvxhtd6rwrw0
The Fremont Bridge has reopened to traffic at  10:51 AM on 03/01/2025,1895909708244160985,1895909708244160985,100,1896287154743238843,1895587302661112180,7140dibdnow9c7btw4b3nwq8z8cugk0jiwvxhtd6rwrw0
The Fremont Bridge has closed to traffic at  11:14 AM on 03/01/2025,1895915500867371461,1895915500867371461,100,1896287154743238843,1895587302661112180,7140dibdnow9c7btw4b3nwq8z8cugk0jiwvxhtd6rwrw0
The Fremont Bridge has reopened to traffic at  11:19 AM on 03/01/2025,1895916760014209270,1895916760014209270,100,1896287154743238843,1895587302661112180,7140dibdnow9c7btw4b3nwq8z8cugk0jiwvxhtd6rwrw0
The University Bridge has closed to traffic at  11:25 AM on 03/01/2025,1895918272186610009,1895918272186610009,100,1896287154743238843,1895587302661112180,7140dibdnow9c7btw4b3nwq8z8cugk0jiwvxhtd6rwrw0
The University Bridge has reopened to traffic at  11:29 AM on 03/01/2025,1895919279620640939,1895919279620640939,100,1896287154743238843,1895587302661112180,7140dibdnow9c7btw4b3nwq8z8cugk0jiwvxhtd6rwrw0
The Montlake Bridge has closed to traffic at  11:35 AM on 03/01/2025,1895920793437249541,1895920793437249541,100,1896287154743238843,1895587302661112180,7140dibdnow9c7btw4b3nwq8z8cugk0jiwvxhtd6rwrw0
The Montlake Bridge has reopened to traffic at  11:39 AM on 03/01/2025,1895921738145558912,1895921738145558912,100,1896287154743238843,1895587302661112180,7140dibdnow9c7btw4b3nwq8z8cugk0jiwvxhtd6rwrw0
The University Bridge has closed to traffic at  12:53 PM on 03/01/2025,1895940372062490690,1895940372062490690,100,1896287154743238843,1895587302661112180,7140dibdnow9c7btw4b3nwq8z8cugk0jiwvxhtd6rwrw0
The University Bridge has reopened to traffic at  01:01 PM on 03/01/2025,1895942388050457072,1895942388050457072,100,1896287154743238843,1895587302661112180,7140dibdnow9c7btw4b3nwq8z8cugk0jiwvxhtd6rwrw0
The Fremont Bridge has closed to traffic at  02:23 PM on 03/01/2025,1895963036244193547,1895963036244193547,100,1896287154743238843,1895587302661112180,7140dibdnow9c7btw4b3nwq8z8cugk0jiwvxhtd6rwrw0
The University Bridge has closed to traffic at  02:26 PM on 03/01/2025,1895963791931949501,1895963791931949501,100,1896287154743238843,1895587302661112180,7140dibdnow9c7btw4b3nwq8z8cugk0jiwvxhtd6rwrw0
The Fremont Bridge has reopened to traffic at  02:29 PM on 03/01/2025,1895964547783209138,1895964547783209138,100,1896287154743238843,1895587302661112180,7140dibdnow9c7btw4b3nwq8z8cugk0jiwvxhtd6rwrw0
The University Bridge has reopened to traffic at  02:30 PM on 03/01/2025,1895964799995167216,1895964799995167216,100,1896287154743238843,1895587302661112180,7140dibdnow9c7btw4b3nwq8z8cugk0jiwvxhtd6rwrw0
The University Bridge has closed to traffic at  02:38 PM on 03/01/2025,1895966815718969363,1895966815718969363,100,1896287154743238843,1895587302661112180,7140dibdnow9c7btw4b3nwq8z8cugk0jiwvxhtd6rwrw0
The University Bridge has reopened to traffic at  02:43 PM on 03/01/2025,1895968075075457476,1895968075075457476,100,1896287154743238843,1895587302661112180,7140dibdnow9c7btw4b3nwq8z8cugk0jiwvxhtd6rwrw0
The Fremont Bridge has closed to traffic at  02:44 PM on 03/01/2025,1895968328252080357,1895968328252080357,100,1896287154743238843,1895587302661112180,7140dibdnow9c7btw4b3nwq8z8cugk0jiwvxhtd6rwrw0
The Fremont Bridge has reopened to traffic at  02:50 PM on 03/01/2025,1895969841192059239,1895969841192059239,100,1896287154743238843,1895587302661112180,7140dibdnow9c7btw4b3nwq8z8cugk0jiwvxhtd6rwrw0
The Montlake Bridge has closed to traffic at  03:20 PM on 03/01/2025,1895977398799385025,1895977398799385025,100,1896287154743238843,1895587302661112180,7140dibdnow9c7btw4b3nwq8z8cugk0jiwvxhtd6rwrw0
The Montlake Bridge has reopened to traffic at  03:24 PM on 03/01/2025,1895978406564773910,1895978406564773910,100,1896287154743238843,1895587302661112180,7140dibdnow9c7btw4b3nwq8z8cugk0jiwvxhtd6rwrw0
The University Bridge has closed to traffic at  04:16 PM on 03/01/2025,1895991501055996153,1895991501055996153,100,1896287154743238843,1895587302661112180,7140dibdnow9c7btw4b3nwq8z8cugk0jiwvxhtd6rwrw0
The University Bridge has reopened to traffic at  04:19 PM on 03/01/2025,1895992256748011976,1895992256748011976,100,1896287154743238843,1895587302661112180,7140dibdnow9c7btw4b3nwq8z8cugk0jiwvxhtd6rwrw0
The Ballard Bridge has closed to traffic at  07:01 PM on 03/01/2025,1896032987646685648,1896032987646685648,100,1896287154743238843,1895587302661112180,7140dibdnow9c7btw4b3nwq8z8cugk0jiwvxhtd6rwrw0
The Ballard Bridge has reopened to traffic at  07:05 PM on 03/01/2025,1896033995248619534,1896033995248619534,100,1896287154743238843,1895587302661112180,7140dibdnow9c7btw4b3nwq8z8cugk0jiwvxhtd6rwrw0
The Fremont Bridge has closed to traffic at  07:13 PM on 03/01/2025,1896036011186208776,1896036011186208776,100,1896287154743238843,1895587302661112180,7140dibdnow9c7btw4b3nwq8z8cugk0jiwvxhtd6rwrw0
The Fremont Bridge has reopened to traffic at  07:19 PM on 03/01/2025,1896037523539050943,1896037523539050943,100,1896287154743238843,1895587302661112180,7140dibdnow9c7btw4b3nwq8z8cugk0jiwvxhtd6rwrw0
The University Bridge has closed to traffic at  07:29 PM on 03/01/2025,1896040043367842161,1896040043367842161,100,1896287154743238843,1895587302661112180,7140dibdnow9c7btw4b3nwq8z8cugk0jiwvxhtd6rwrw0
The University Bridge has reopened to traffic at  07:32 PM on 03/01/2025,1896040799273697635,1896040799273697635,100,1896287154743238843,1895587302661112180,7140dibdnow9c7btw4b3nwq8z8cugk0jiwvxhtd6rwrw0
The Ballard Bridge has closed to traffic at  08:29 PM on 03/01/2025,1896055153872281968,1896055153872281968,100,1896287154743238843,1895587302661112180,7140dibdnow9c7btw4b3nwq8z8cugk0jiwvxhtd6rwrw0
The Ballard Bridge has reopened to traffic at  08:32 PM on 03/01/2025,1896055909602021840,1896055909602021840,100,1896287154743238843,1895587302661112180,7140dibdnow9c7btw4b3nwq8z8cugk0jiwvxhtd6rwrw0
The Fremont Bridge has closed to traffic at  08:43 PM on 03/01/2025,1896058681042813096,1896058681042813096,100,1896287154743238843,1895587302661112180,7140dibdnow9c7btw4b3nwq8z8cugk0jiwvxhtd6rwrw0
The Fremont Bridge has reopened to traffic at  08:49 PM on 03/01/2025,1896060193395654693,1896060193395654693,100,1896287154743238843,1895587302661112180,7140dibdnow9c7btw4b3nwq8z8cugk0jiwvxhtd6rwrw0
The University Bridge has closed to traffic at  09:00 PM on 03/01/2025,1896062964559753713,1896062964559753713,100,1896287154743238843,1895587302661112180,7140dibdnow9c7btw4b3nwq8z8cugk0jiwvxhtd6rwrw0
The University Bridge has reopened to traffic at  09:04 PM on 03/01/2025,1896063972031545386,1896063972031545386,100,1896287154743238843,1895587302661112180,7140dibdnow9c7btw4b3nwq8z8cugk0jiwvxhtd6rwrw0
The University Bridge has closed to traffic at  07:01 AM on 03/02/2025,1896214185119481928,1896214185119481928,100,1896287154743238843,1895587302661112180,7140dibdnow9c7btw4b3nwq8z8cugk0jiwvxhtd6rwrw0
The University Bridge has reopened to traffic at  07:02 AM on 03/02/2025,1896214437302071630,1896214437302071630,100,1896287154743238843,1895587302661112180,7140dibdnow9c7btw4b3nwq8z8cugk0jiwvxhtd6rwrw0
The Fremont Bridge has closed to traffic at  09:39 AM on 03/02/2025,1896253972287193332,1896253972287193332,100,1896287154743238843,1895587302661112180,7140dibdnow9c7btw4b3nwq8z8cugk0jiwvxhtd6rwrw0
The Fremont Bridge has reopened to traffic at  09:45 AM on 03/02/2025,1896255484811985089,1896255484811985089,100,1896287154743238843,1895587302661112180,7140dibdnow9c7btw4b3nwq8z8cugk0jiwvxhtd6rwrw0
The 1st Ave S Bridge has closed to traffic at  11:42 AM on 03/02/2025,1896284886409093376,1896284886409093376,100,1896287154743238843,1895587302661112180,7140dibdnow9c7btw4b3nwq8z8cugk0jiwvxhtd6rwrw0
The 1st Ave S Bridge has reopened to traffic at  11:51 AM on 03/02/2025,1896287154743238843,1896287154743238843,100,1896287154743238843,1895587302661112180,7140dibdnow9c7btw4b3nwq8z8cugk0jiwvxhtd6rwrw0
The Montlake Bridge has closed to traffic at  12:44 PM on 03/02/2025,1896300501534466276,1896300501534466276,100,1897362511030358355,1896300501534466276,7140dibdnow9c7btw4b3nyud7j3g0oytd45l7tn2g09bq
The Montlake Bridge has reopened to traffic at  12:48 PM on 03/02/2025,1896301508960178659,1896301508960178659,100,1897362511030358355,1896300501534466276,7140dibdnow9c7btw4b3nyud7j3g0oytd45l7tn2g09bq
The University Bridge has closed to traffic at  12:53 PM on 03/02/2025,1896302769583132862,1896302769583132862,100,1897362511030358355,1896300501534466276,7140dibdnow9c7btw4b3nyud7j3g0oytd45l7tn2g09bq
The Ballard Bridge has closed to traffic at  12:56 PM on 03/02/2025,1896303526487474323,1896303526487474323,100,1897362511030358355,1896300501534466276,7140dibdnow9c7btw4b3nyud7j3g0oytd45l7tn2g09bq
The University Bridge has reopened to traffic at  12:57 PM on 03/02/2025,1896303778711957927,1896303778711957927,100,1897362511030358355,1896300501534466276,7140dibdnow9c7btw4b3nyud7j3g0oytd45l7tn2g09bq
The Ballard Bridge has reopened to traffic at  01:00 PM on 03/02/2025,1896304534399672348,1896304534399672348,100,1897362511030358355,1896300501534466276,7140dibdnow9c7btw4b3nyud7j3g0oytd45l7tn2g09bq
The Fremont Bridge has closed to traffic at  01:15 PM on 03/02/2025,1896308312985276613,1896308312985276613,100,1897362511030358355,1896300501534466276,7140dibdnow9c7btw4b3nyud7j3g0oytd45l7tn2g09bq
The Fremont Bridge has reopened to traffic at  01:21 PM on 03/02/2025,1896309825199657104,1896309825199657104,100,1897362511030358355,1896300501534466276,7140dibdnow9c7btw4b3nyud7j3g0oytd45l7tn2g09bq
The University Bridge has closed to traffic at  01:34 PM on 03/02/2025,1896313100107981045,1896313100107981045,100,1897362511030358355,1896300501534466276,7140dibdnow9c7btw4b3nyud7j3g0oytd45l7tn2g09bq
The University Bridge has reopened to traffic at  01:38 PM on 03/02/2025,1896314107592376501,1896314107592376501,100,1897362511030358355,1896300501534466276,7140dibdnow9c7btw4b3nyud7j3g0oytd45l7tn2g09bq
The Montlake Bridge has closed to traffic at  01:46 PM on 03/02/2025,1896316123441963166,1896316123441963166,100,1897362511030358355,1896300501534466276,7140dibdnow9c7btw4b3nyud7j3g0oytd45l7tn2g09bq
The Montlake Bridge has reopened to traffic at  01:51 PM on 03/02/2025,1896317382660096062,1896317382660096062,100,1897362511030358355,1896300501534466276,7140dibdnow9c7btw4b3nyud7j3g0oytd45l7tn2g09bq
The Ballard Bridge has closed to traffic at  06:11 PM on 03/02/2025,1896382788636737862,1896382788636737862,100,1897362511030358355,1896300501534466276,7140dibdnow9c7btw4b3nyud7j3g0oytd45l7tn2g09bq
The Ballard Bridge has reopened to traffic at  06:16 PM on 03/02/2025,1896384047968141610,1896384047968141610,100,1897362511030358355,1896300501534466276,7140dibdnow9c7btw4b3nyud7j3g0oytd45l7tn2g09bq
The Ballard Bridge has closed to traffic at  10:08 PM on 03/02/2025,1896442467291111771,1896442467291111771,100,1897362511030358355,1896300501534466276,7140dibdnow9c7btw4b3nyud7j3g0oytd45l7tn2g09bq
The Ballard Bridge has reopened to traffic at  10:13 PM on 03/02/2025,1896443726517751974,1896443726517751974,100,1897362511030358355,1896300501534466276,7140dibdnow9c7btw4b3nyud7j3g0oytd45l7tn2g09bq
The Fremont Bridge has closed to traffic at  10:21 PM on 03/02/2025,1896445742589554859,1896445742589554859,100,1897362511030358355,1896300501534466276,7140dibdnow9c7btw4b3nyud7j3g0oytd45l7tn2g09bq
The Fremont Bridge has reopened to traffic at  10:29 PM on 03/02/2025,1896447758464368752,1896447758464368752,100,1897362511030358355,1896300501534466276,7140dibdnow9c7btw4b3nyud7j3g0oytd45l7tn2g09bq
The University Bridge has closed to traffic at  10:38 PM on 03/02/2025,1896450026337100085,1896450026337100085,100,1897362511030358355,1896300501534466276,7140dibdnow9c7btw4b3nyud7j3g0oytd45l7tn2g09bq
The University Bridge has reopened to traffic at  10:43 PM on 03/02/2025,1896451222691021104,1896451222691021104,100,1897362511030358355,1896300501534466276,7140dibdnow9c7btw4b3nyud7j3g0oytd45l7tn2g09bq
The University Bridge has closed to traffic at  02:36 AM on 03/03/2025,1896509892913156162,1896509892913156162,100,1897362511030358355,1896300501534466276,7140dibdnow9c7btw4b3nyud7j3g0oytd45l7tn2g09bq
The University Bridge has reopened to traffic at  02:41 AM on 03/03/2025,1896511152152334583,1896511152152334583,100,1897362511030358355,1896300501534466276,7140dibdnow9c7btw4b3nyud7j3g0oytd45l7tn2g09bq
The Fremont Bridge has closed to traffic at  02:57 AM on 03/03/2025,1896515182823936430,1896515182823936430,100,1897362511030358355,1896300501534466276,7140dibdnow9c7btw4b3nyud7j3g0oytd45l7tn2g09bq
The Fremont Bridge has reopened to traffic at  03:04 AM on 03/03/2025,1896516947317338224,1896516947317338224,100,1897362511030358355,1896300501534466276,7140dibdnow9c7btw4b3nyud7j3g0oytd45l7tn2g09bq
The Ballard Bridge has closed to traffic at  03:15 AM on 03/03/2025,1896519718619791514,1896519718619791514,100,1897362511030358355,1896300501534466276,7140dibdnow9c7btw4b3nyud7j3g0oytd45l7tn2g09bq
The Ballard Bridge has reopened to traffic at  03:20 AM on 03/03/2025,1896520978068652064,1896520978068652064,100,1897362511030358355,1896300501534466276,7140dibdnow9c7btw4b3nyud7j3g0oytd45l7tn2g09bq
The Ballard Bridge has reopened to traffic at  04:24 AM on 03/03/2025,1896537095164105149,1896537095164105149,100,1897362511030358355,1896300501534466276,7140dibdnow9c7btw4b3nyud7j3g0oytd45l7tn2g09bq
The Ballard Bridge has closed to traffic at  09:01 AM on 03/03/2025,1896606782237376837,1896606782237376837,100,1897362511030358355,1896300501534466276,7140dibdnow9c7btw4b3nyud7j3g0oytd45l7tn2g09bq
The 1st Ave S Bridge has closed to traffic at  09:03 AM on 03/03/2025,1896607286711435700,1896607286711435700,100,1897362511030358355,1896300501534466276,7140dibdnow9c7btw4b3nyud7j3g0oytd45l7tn2g09bq
The Ballard Bridge has reopened to traffic at  09:07 AM on 03/03/2025,1896608294531432698,1896608294531432698,100,1897362511030358355,1896300501534466276,7140dibdnow9c7btw4b3nyud7j3g0oytd45l7tn2g09bq
The 1st Ave S Bridge has reopened to traffic at  09:14 AM on 03/03/2025,1896610058991239444,1896610058991239444,100,1897362511030358355,1896300501534466276,7140dibdnow9c7btw4b3nyud7j3g0oytd45l7tn2g09bq
The Fremont Bridge has closed to traffic at  09:27 AM on 03/03/2025,1896613333853434281,1896613333853434281,100,1897362511030358355,1896300501534466276,7140dibdnow9c7btw4b3nyud7j3g0oytd45l7tn2g09bq
The Fremont Bridge has reopened to traffic at  09:33 AM on 03/03/2025,1896614846151704576,1896614846151704576,100,1897362511030358355,1896300501534466276,7140dibdnow9c7btw4b3nyud7j3g0oytd45l7tn2g09bq
The Ballard Bridge has closed to traffic at  09:45 AM on 03/03/2025,1896617869234037237,1896617869234037237,100,1897362511030358355,1896300501534466276,7140dibdnow9c7btw4b3nyud7j3g0oytd45l7tn2g09bq
The Ballard Bridge has reopened to traffic at  09:49 AM on 03/03/2025,1896618876806615459,1896618876806615459,100,1897362511030358355,1896300501534466276,7140dibdnow9c7btw4b3nyud7j3g0oytd45l7tn2g09bq
The Fremont Bridge has closed to traffic at  11:49 AM on 03/03/2025,1896649035626459381,1896649035626459381,100,1897362511030358355,1896300501534466276,7140dibdnow9c7btw4b3nyud7j3g0oytd45l7tn2g09bq
The Fremont Bridge has reopened to traffic at  11:58 AM on 03/03/2025,1896651303574712725,1896651303574712725,100,1897362511030358355,1896300501534466276,7140dibdnow9c7btw4b3nyud7j3g0oytd45l7tn2g09bq
The Ballard Bridge has closed to traffic at  03:10 PM on 03/03/2025,1896699652315168924,1896699652315168924,100,1897362511030358355,1896300501534466276,7140dibdnow9c7btw4b3nyud7j3g0oytd45l7tn2g09bq
The Ballard Bridge has reopened to traffic at  03:17 PM on 03/03/2025,1896701417135775878,1896701417135775878,100,1897362511030358355,1896300501534466276,7140dibdnow9c7btw4b3nyud7j3g0oytd45l7tn2g09bq
The Fremont Bridge has closed to traffic at  03:30 PM on 03/03/2025,1896704692824277423,1896704692824277423,100,1897362511030358355,1896300501534466276,7140dibdnow9c7btw4b3nyud7j3g0oytd45l7tn2g09bq
The Fremont Bridge has reopened to traffic at  03:37 PM on 03/03/2025,1896706456990474273,1896706456990474273,100,1897362511030358355,1896300501534466276,7140dibdnow9c7btw4b3nyud7j3g0oytd45l7tn2g09bq
The Fremont Bridge has closed to traffic at  06:12 PM on 03/03/2025,1896745425572618607,1896745425572618607,100,1897362511030358355,1896300501534466276,7140dibdnow9c7btw4b3nyud7j3g0oytd45l7tn2g09bq
The Fremont Bridge has reopened to traffic at  06:18 PM on 03/03/2025,1896746937841512557,1896746937841512557,100,1897362511030358355,1896300501534466276,7140dibdnow9c7btw4b3nyud7j3g0oytd45l7tn2g09bq
The 1st Ave S Bridge has closed to traffic at  06:30 PM on 03/03/2025,1896749960991043714,1896749960991043714,100,1897362511030358355,1896300501534466276,7140dibdnow9c7btw4b3nyud7j3g0oytd45l7tn2g09bq
The 1st Ave S Bridge has reopened to traffic at  06:41 PM on 03/03/2025,1896752732238995469,1896752732238995469,100,1897362511030358355,1896300501534466276,7140dibdnow9c7btw4b3nyud7j3g0oytd45l7tn2g09bq
The Ballard Bridge has closed to traffic at  06:52 PM on 03/03/2025,1896755503818285376,1896755503818285376,100,1897362511030358355,1896300501534466276,7140dibdnow9c7btw4b3nyud7j3g0oytd45l7tn2g09bq
The Ballard Bridge has reopened to traffic at  06:57 PM on 03/03/2025,1896756763342594491,1896756763342594491,100,1897362511030358355,1896300501534466276,7140dibdnow9c7btw4b3nyud7j3g0oytd45l7tn2g09bq
The Fremont Bridge has closed to traffic at  07:05 PM on 03/03/2025,1896758779376795664,1896758779376795664,100,1897362511030358355,1896300501534466276,7140dibdnow9c7btw4b3nyud7j3g0oytd45l7tn2g09bq
The Fremont Bridge has reopened to traffic at  07:14 PM on 03/03/2025,1896761047224352918,1896761047224352918,100,1897362511030358355,1896300501534466276,7140dibdnow9c7btw4b3nyud7j3g0oytd45l7tn2g09bq
The University Bridge has closed to traffic at  07:24 PM on 03/03/2025,1896763566650470554,1896763566650470554,100,1897362511030358355,1896300501534466276,7140dibdnow9c7btw4b3nyud7j3g0oytd45l7tn2g09bq
The University Bridge has reopened to traffic at  07:30 PM on 03/03/2025,1896765079301103958,1896765079301103958,100,1897362511030358355,1896300501534466276,7140dibdnow9c7btw4b3nyud7j3g0oytd45l7tn2g09bq
The University Bridge has closed to traffic at  11:27 PM on 03/03/2025,1896824694323683391,1896824694323683391,100,1897362511030358355,1896300501534466276,7140dibdnow9c7btw4b3nyud7j3g0oytd45l7tn2g09bq
The University Bridge has reopened to traffic at  11:32 PM on 03/03/2025,1896825953688727660,1896825953688727660,100,1897362511030358355,1896300501534466276,7140dibdnow9c7btw4b3nyud7j3g0oytd45l7tn2g09bq
The Fremont Bridge has closed to traffic at  11:44 PM on 03/03/2025,1896828976775221758,1896828976775221758,100,1897362511030358355,1896300501534466276,7140dibdnow9c7btw4b3nyud7j3g0oytd45l7tn2g09bq
The Fremont Bridge has reopened to traffic at  11:51 PM on 03/03/2025,1896830741117616244,1896830741117616244,100,1897362511030358355,1896300501534466276,7140dibdnow9c7btw4b3nyud7j3g0oytd45l7tn2g09bq
The Ballard Bridge has closed to traffic at  12:01 AM on 03/04/2025,1896833264759005403,1896833264759005403,100,1897362511030358355,1896300501534466276,7140dibdnow9c7btw4b3nyud7j3g0oytd45l7tn2g09bq
The Ballard Bridge has reopened to traffic at  12:07 AM on 03/04/2025,1896834777048850498,1896834777048850498,100,1897362511030358355,1896300501534466276,7140dibdnow9c7btw4b3nyud7j3g0oytd45l7tn2g09bq
The Ballard Bridge has closed to traffic at  09:01 AM on 03/04/2025,1896969176906092603,1896969176906092603,100,1897362511030358355,1896300501534466276,7140dibdnow9c7btw4b3nyud7j3g0oytd45l7tn2g09bq
The Ballard Bridge has reopened to traffic at  09:06 AM on 03/04/2025,1896970436405305854,1896970436405305854,100,1897362511030358355,1896300501534466276,7140dibdnow9c7btw4b3nyud7j3g0oytd45l7tn2g09bq
The Fremont Bridge has closed to traffic at  09:20 AM on 03/04/2025,1896973963525546227,1896973963525546227,100,1897362511030358355,1896300501534466276,7140dibdnow9c7btw4b3nyud7j3g0oytd45l7tn2g09bq
The Fremont Bridge has reopened to traffic at  09:29 AM on 03/04/2025,1896976231830315028,1896976231830315028,100,1897362511030358355,1896300501534466276,7140dibdnow9c7btw4b3nyud7j3g0oytd45l7tn2g09bq
The Fremont Bridge has closed to traffic at  10:03 AM on 03/04/2025,1896984794569015541,1896984794569015541,100,1897362511030358355,1896300501534466276,7140dibdnow9c7btw4b3nyud7j3g0oytd45l7tn2g09bq
The Fremont Bridge has reopened to traffic at  10:10 AM on 03/04/2025,1896986558764634410,1896986558764634410,100,1897362511030358355,1896300501534466276,7140dibdnow9c7btw4b3nyud7j3g0oytd45l7tn2g09bq
The University Bridge has closed to traffic at  10:23 AM on 03/04/2025,1896989833916244395,1896989833916244395,100,1897362511030358355,1896300501534466276,7140dibdnow9c7btw4b3nyud7j3g0oytd45l7tn2g09bq
The University Bridge has reopened to traffic at  10:28 AM on 03/04/2025,1896991031352287439,1896991031352287439,100,1897362511030358355,1896300501534466276,7140dibdnow9c7btw4b3nyud7j3g0oytd45l7tn2g09bq
The Montlake Bridge has closed to traffic at  10:33 AM on 03/04/2025,1896992290746589453,1896992290746589453,100,1897362511030358355,1896300501534466276,7140dibdnow9c7btw4b3nyud7j3g0oytd45l7tn2g09bq
The Fremont Bridge has closed to traffic at  10:35 AM on 03/04/2025,1896992796030173571,1896992796030173571,100,1897362511030358355,1896300501534466276,7140dibdnow9c7btw4b3nyud7j3g0oytd45l7tn2g09bq
The Montlake Bridge has reopened to traffic at  10:39 AM on 03/04/2025,1896993803854340468,1896993803854340468,100,1897362511030358355,1896300501534466276,7140dibdnow9c7btw4b3nyud7j3g0oytd45l7tn2g09bq
The Fremont Bridge has reopened to traffic at  10:40 AM on 03/04/2025,1896994056036868120,1896994056036868120,100,1897362511030358355,1896300501534466276,7140dibdnow9c7btw4b3nyud7j3g0oytd45l7tn2g09bq
The Fremont Bridge has closed to traffic at  12:01 PM on 03/04/2025,1897014454694633901,1897014454694633901,100,1897362511030358355,1896300501534466276,7140dibdnow9c7btw4b3nyud7j3g0oytd45l7tn2g09bq
The Fremont Bridge has reopened to traffic at  12:08 PM on 03/04/2025,1897016219427069979,1897016219427069979,100,1897362511030358355,1896300501534466276,7140dibdnow9c7btw4b3nyud7j3g0oytd45l7tn2g09bq
The Fremont Bridge has closed to traffic at  12:19 PM on 03/04/2025,1897018992151408674,1897018992151408674,100,1897362511030358355,1896300501534466276,7140dibdnow9c7btw4b3nyud7j3g0oytd45l7tn2g09bq
The Fremont Bridge has reopened to traffic at  12:25 PM on 03/04/2025,1897020505129144632,1897020505129144632,100,1897362511030358355,1896300501534466276,7140dibdnow9c7btw4b3nyud7j3g0oytd45l7tn2g09bq
The Fremont Bridge has closed to traffic at  12:36 PM on 03/04/2025,1897023276532249033,1897023276532249033,100,1897362511030358355,1896300501534466276,7140dibdnow9c7btw4b3nyud7j3g0oytd45l7tn2g09bq
The Fremont Bridge has reopened to traffic at  12:41 PM on 03/04/2025,1897024536723489066,1897024536723489066,100,1897362511030358355,1896300501534466276,7140dibdnow9c7btw4b3nyud7j3g0oytd45l7tn2g09bq
The Ballard Bridge has closed to traffic at  12:59 PM on 03/04/2025,1897029072523522218,1897029072523522218,100,1897362511030358355,1896300501534466276,7140dibdnow9c7btw4b3nyud7j3g0oytd45l7tn2g09bq
The Ballard Bridge has reopened to traffic at  01:03 PM on 03/04/2025,1897030080616149197,1897030080616149197,100,1897362511030358355,1896300501534466276,7140dibdnow9c7btw4b3nyud7j3g0oytd45l7tn2g09bq
The Fremont Bridge has closed to traffic at  01:12 PM on 03/04/2025,1897032348690211174,1897032348690211174,100,1897362511030358355,1896300501534466276,7140dibdnow9c7btw4b3nyud7j3g0oytd45l7tn2g09bq
The Fremont Bridge has reopened to traffic at  01:17 PM on 03/04/2025,1897033608281645234,1897033608281645234,100,1897362511030358355,1896300501534466276,7140dibdnow9c7btw4b3nyud7j3g0oytd45l7tn2g09bq
The Fremont Bridge has closed to traffic at  01:29 PM on 03/04/2025,1897036631464665534,1897036631464665534,100,1897362511030358355,1896300501534466276,7140dibdnow9c7btw4b3nyud7j3g0oytd45l7tn2g09bq
The Fremont Bridge has reopened to traffic at  01:35 PM on 03/04/2025,1897038144022962416,1897038144022962416,100,1897362511030358355,1896300501534466276,7140dibdnow9c7btw4b3nyud7j3g0oytd45l7tn2g09bq
The Ballard Bridge has closed to traffic at  02:16 PM on 03/04/2025,1897048412173840713,1897048412173840713,100,1897362511030358355,1896300501534466276,7140dibdnow9c7btw4b3nyud7j3g0oytd45l7tn2g09bq
The Ballard Bridge has reopened to traffic at  02:22 PM on 03/04/2025,1897049925147615539,1897049925147615539,100,1897362511030358355,1896300501534466276,7140dibdnow9c7btw4b3nyud7j3g0oytd45l7tn2g09bq
The Fremont Bridge has closed to traffic at  02:32 PM on 03/04/2025,1897052444645093629,1897052444645093629,100,1897362511030358355,1896300501534466276,7140dibdnow9c7btw4b3nyud7j3g0oytd45l7tn2g09bq
The Fremont Bridge has reopened to traffic at  02:40 PM on 03/04/2025,1897054460423405965,1897054460423405965,100,1897362511030358355,1896300501534466276,7140dibdnow9c7btw4b3nyud7j3g0oytd45l7tn2g09bq
The University Bridge has closed to traffic at  02:50 PM on 03/04/2025,1897056980235399666,1897056980235399666,100,1897362511030358355,1896300501534466276,7140dibdnow9c7btw4b3nyud7j3g0oytd45l7tn2g09bq
The University Bridge has reopened to traffic at  03:09 PM on 03/04/2025,1897061766636724700,1897061766636724700,100,1897362511030358355,1896300501534466276,7140dibdnow9c7btw4b3nyud7j3g0oytd45l7tn2g09bq
The University Bridge has closed to traffic at  03:48 PM on 03/04/2025,1897071588090220566,1897071588090220566,100,1897362511030358355,1896300501534466276,7140dibdnow9c7btw4b3nyud7j3g0oytd45l7tn2g09bq
The University Bridge has reopened to traffic at  03:53 PM on 03/04/2025,1897072847731949659,1897072847731949659,100,1897362511030358355,1896300501534466276,7140dibdnow9c7btw4b3nyud7j3g0oytd45l7tn2g09bq
The Ballard Bridge has closed to traffic at  06:00 PM on 03/04/2025,1897104826099753250,1897104826099753250,100,1897362511030358355,1896300501534466276,7140dibdnow9c7btw4b3nyud7j3g0oytd45l7tn2g09bq
The Ballard Bridge has reopened to traffic at  06:05 PM on 03/04/2025,1897106085540204689,1897106085540204689,100,1897362511030358355,1896300501534466276,7140dibdnow9c7btw4b3nyud7j3g0oytd45l7tn2g09bq
The Fremont Bridge has closed to traffic at  06:13 PM on 03/04/2025,1897108101561770010,1897108101561770010,100,1897362511030358355,1896300501534466276,7140dibdnow9c7btw4b3nyud7j3g0oytd45l7tn2g09bq
The Fremont Bridge has reopened to traffic at  06:21 PM on 03/04/2025,1897110117797257393,1897110117797257393,100,1897362511030358355,1896300501534466276,7140dibdnow9c7btw4b3nyud7j3g0oytd45l7tn2g09bq
The University Bridge has closed to traffic at  09:36 PM on 03/04/2025,1897159158463713692,1897159158463713692,100,1897362511030358355,1896300501534466276,7140dibdnow9c7btw4b3nyud7j3g0oytd45l7tn2g09bq
The University Bridge has reopened to traffic at  09:43 PM on 03/04/2025,1897160922562793479,1897160922562793479,100,1897362511030358355,1896300501534466276,7140dibdnow9c7btw4b3nyud7j3g0oytd45l7tn2g09bq
The Fremont Bridge has closed to traffic at  09:51 PM on 03/04/2025,1897162938546577563,1897162938546577563,100,1897362511030358355,1896300501534466276,7140dibdnow9c7btw4b3nyud7j3g0oytd45l7tn2g09bq
The Fremont Bridge has reopened to traffic at  10:01 PM on 03/04/2025,1897165458001817781,1897165458001817781,100,1897362511030358355,1896300501534466276,7140dibdnow9c7btw4b3nyud7j3g0oytd45l7tn2g09bq
The Ballard Bridge has closed to traffic at  10:05 PM on 03/04/2025,1897166465775943903,1897166465775943903,100,1897362511030358355,1896300501534466276,7140dibdnow9c7btw4b3nyud7j3g0oytd45l7tn2g09bq
The Ballard Bridge has reopened to traffic at  10:12 PM on 03/04/2025,1897168230168584315,1897168230168584315,100,1897362511030358355,1896300501534466276,7140dibdnow9c7btw4b3nyud7j3g0oytd45l7tn2g09bq
The Ballard Bridge has closed to traffic at  11:04 AM on 03/05/2025,1897362511030358355,1897362511030358355,100,1897362511030358355,1896300501534466276,7140dibdnow9c7btw4b3nyud7j3g0oytd45l7tn2g09bq
The Ballard Bridge has reopened to traffic at  11:10 AM on 03/05/2025,1897364023504728365,1897364023504728365,100,1898085514340864170,1897364023504728365,7140dibdnow9c7btw4b3o0z3lzn346rdf8er9kmk3sab9
The Montlake Bridge has closed to traffic at  11:44 AM on 03/05/2025,1897372585975013794,1897372585975013794,100,1898085514340864170,1897364023504728365,7140dibdnow9c7btw4b3o0z3lzn346rdf8er9kmk3sab9
The Montlake Bridge has reopened to traffic at  11:50 AM on 03/05/2025,1897374098441064666,1897374098441064666,100,1898085514340864170,1897364023504728365,7140dibdnow9c7btw4b3o0z3lzn346rdf8er9kmk3sab9
The University Bridge has closed to traffic at  12:26 PM on 03/05/2025,1897383164240371843,1897383164240371843,100,1898085514340864170,1897364023504728365,7140dibdnow9c7btw4b3o0z3lzn346rdf8er9kmk3sab9
The University Bridge has reopened to traffic at  12:30 PM on 03/05/2025,1897384171791900857,1897384171791900857,100,1898085514340864170,1897364023504728365,7140dibdnow9c7btw4b3o0z3lzn346rdf8er9kmk3sab9
The Fremont Bridge has closed to traffic at  12:45 PM on 03/05/2025,1897387951325118647,1897387951325118647,100,1898085514340864170,1897364023504728365,7140dibdnow9c7btw4b3o0z3lzn346rdf8er9kmk3sab9
The Fremont Bridge has reopened to traffic at  12:51 PM on 03/05/2025,1897389463791395038,1897389463791395038,100,1898085514340864170,1897364023504728365,7140dibdnow9c7btw4b3o0z3lzn346rdf8er9kmk3sab9
The Ballard Bridge has closed to traffic at  01:01 PM on 03/05/2025,1897391983355945118,1897391983355945118,100,1898085514340864170,1897364023504728365,7140dibdnow9c7btw4b3o0z3lzn346rdf8er9kmk3sab9
The Montlake Bridge has closed to traffic at  01:01 PM on 03/05/2025,1897391983746015262,1897391983746015262,100,1898085514340864170,1897364023504728365,7140dibdnow9c7btw4b3o0z3lzn346rdf8er9kmk3sab9
The Ballard Bridge has reopened to traffic at  01:05 PM on 03/05/2025,1897392928353644633,1897392928353644633,100,1898085514340864170,1897364023504728365,7140dibdnow9c7btw4b3o0z3lzn346rdf8er9kmk3sab9
The Montlake Bridge has reopened to traffic at  01:06 PM on 03/05/2025,1897393180666130667,1897393180666130667,100,1898085514340864170,1897364023504728365,7140dibdnow9c7btw4b3o0z3lzn346rdf8er9kmk3sab9
The Lower Spokane St Bridge has reopened to traffic at  01:06 PM on 03/05/2025,1897393181945422185,1897393181945422185,100,1898085514340864170,1897364023504728365,7140dibdnow9c7btw4b3o0z3lzn346rdf8er9kmk3sab9
The University Bridge has closed to traffic at  01:13 PM on 03/05/2025,1897394946300399620,1897394946300399620,100,1898085514340864170,1897364023504728365,7140dibdnow9c7btw4b3o0z3lzn346rdf8er9kmk3sab9
The University Bridge has reopened to traffic at  01:19 PM on 03/05/2025,1897396459395486023,1897396459395486023,100,1898085514340864170,1897364023504728365,7140dibdnow9c7btw4b3o0z3lzn346rdf8er9kmk3sab9
The Ballard Bridge has closed to traffic at  01:20 PM on 03/05/2025,1897396712106569857,1897396712106569857,100,1898085514340864170,1897364023504728365,7140dibdnow9c7btw4b3o0z3lzn346rdf8er9kmk3sab9
The Ballard Bridge has reopened to traffic at  01:25 PM on 03/05/2025,1897397971429548056,1897397971429548056,100,1898085514340864170,1897364023504728365,7140dibdnow9c7btw4b3o0z3lzn346rdf8er9kmk3sab9
The Fremont Bridge has closed to traffic at  01:34 PM on 03/05/2025,1897400238849318967,1897400238849318967,100,1898085514340864170,1897364023504728365,7140dibdnow9c7btw4b3o0z3lzn346rdf8er9kmk3sab9
The Fremont Bridge has reopened to traffic at  01:44 PM on 03/05/2025,1897402758304817315,1897402758304817315,100,1898085514340864170,1897364023504728365,7140dibdnow9c7btw4b3o0z3lzn346rdf8er9kmk3sab9
The University Bridge has closed to traffic at  01:52 PM on 03/05/2025,1897404774062137602,1897404774062137602,100,1898085514340864170,1897364023504728365,7140dibdnow9c7btw4b3o0z3lzn346rdf8er9kmk3sab9
The University Bridge has reopened to traffic at  01:56 PM on 03/05/2025,1897405781819212049,1897405781819212049,100,1898085514340864170,1897364023504728365,7140dibdnow9c7btw4b3o0z3lzn346rdf8er9kmk3sab9
The Montlake Bridge has closed to traffic at  02:01 PM on 03/05/2025,1897407041490330084,1897407041490330084,100,1898085514340864170,1897364023504728365,7140dibdnow9c7btw4b3o0z3lzn346rdf8er9kmk3sab9
The Montlake Bridge has reopened to traffic at  02:06 PM on 03/05/2025,1897408302344200340,1897408302344200340,100,1898085514340864170,1897364023504728365,7140dibdnow9c7btw4b3o0z3lzn346rdf8er9kmk3sab9
The Ballard Bridge has closed to traffic at  02:38 PM on 03/05/2025,1897416361468682317,1897416361468682317,100,1898085514340864170,1897364023504728365,7140dibdnow9c7btw4b3o0z3lzn346rdf8er9kmk3sab9
The Ballard Bridge has reopened to traffic at  02:44 PM on 03/05/2025,1897417873855013075,1897417873855013075,100,1898085514340864170,1897364023504728365,7140dibdnow9c7btw4b3o0z3lzn346rdf8er9kmk3sab9
The Ballard Bridge has closed to traffic at  03:05 PM on 03/05/2025,1897423163040129209,1897423163040129209,100,1898085514340864170,1897364023504728365,7140dibdnow9c7btw4b3o0z3lzn346rdf8er9kmk3sab9
The Ballard Bridge has reopened to traffic at  03:11 PM on 03/05/2025,1897424675443245182,1897424675443245182,100,1898085514340864170,1897364023504728365,7140dibdnow9c7btw4b3o0z3lzn346rdf8er9kmk3sab9
The Fremont Bridge has closed to traffic at  03:19 PM on 03/05/2025,1897426691439649086,1897426691439649086,100,1898085514340864170,1897364023504728365,7140dibdnow9c7btw4b3o0z3lzn346rdf8er9kmk3sab9
The Fremont Bridge has reopened to traffic at  03:27 PM on 03/05/2025,1897428707394088962,1897428707394088962,100,1898085514340864170,1897364023504728365,7140dibdnow9c7btw4b3o0z3lzn346rdf8er9kmk3sab9
The University Bridge has closed to traffic at  03:35 PM on 03/05/2025,1897430723445076143,1897430723445076143,100,1898085514340864170,1897364023504728365,7140dibdnow9c7btw4b3o0z3lzn346rdf8er9kmk3sab9
The University Bridge has reopened to traffic at  03:41 PM on 03/05/2025,1897432235995025862,1897432235995025862,100,1898085514340864170,1897364023504728365,7140dibdnow9c7btw4b3o0z3lzn346rdf8er9kmk3sab9
The Ballard Bridge has closed to traffic at  03:55 PM on 03/05/2025,1897435763073253692,1897435763073253692,100,1898085514340864170,1897364023504728365,7140dibdnow9c7btw4b3o0z3lzn346rdf8er9kmk3sab9
The Ballard Bridge has reopened to traffic at  03:59 PM on 03/05/2025,1897436770696077726,1897436770696077726,100,1898085514340864170,1897364023504728365,7140dibdnow9c7btw4b3o0z3lzn346rdf8er9kmk3sab9
The University Bridge has closed to traffic at  06:39 PM on 03/05/2025,1897476996118217066,1897476996118217066,100,1898085514340864170,1897364023504728365,7140dibdnow9c7btw4b3o0z3lzn346rdf8er9kmk3sab9
The University Bridge has reopened to traffic at  06:43 PM on 03/05/2025,1897478003665547384,1897478003665547384,100,1898085514340864170,1897364023504728365,7140dibdnow9c7btw4b3o0z3lzn346rdf8er9kmk3sab9
The Montlake Bridge has closed to traffic at  07:01 PM on 03/05/2025,1897482537460752826,1897482537460752826,100,1898085514340864170,1897364023504728365,7140dibdnow9c7btw4b3o0z3lzn346rdf8er9kmk3sab9
The Montlake Bridge has reopened to traffic at  07:06 PM on 03/05/2025,1897483796548850163,1897483796548850163,100,1898085514340864170,1897364023504728365,7140dibdnow9c7btw4b3o0z3lzn346rdf8er9kmk3sab9
The Montlake Bridge has closed to traffic at  07:40 PM on 03/05/2025,1897492359400833042,1897492359400833042,100,1898085514340864170,1897364023504728365,7140dibdnow9c7btw4b3o0z3lzn346rdf8er9kmk3sab9
The Montlake Bridge has reopened to traffic at  07:45 PM on 03/05/2025,1897493618547675252,1897493618547675252,100,1898085514340864170,1897364023504728365,7140dibdnow9c7btw4b3o0z3lzn346rdf8er9kmk3sab9
The University Bridge has closed to traffic at  07:51 PM on 03/05/2025,1897495131064050073,1897495131064050073,100,1898085514340864170,1897364023504728365,7140dibdnow9c7btw4b3o0z3lzn346rdf8er9kmk3sab9
The University Bridge has reopened to traffic at  07:58 PM on 03/05/2025,1897496895272153527,1897496895272153527,100,1898085514340864170,1897364023504728365,7140dibdnow9c7btw4b3o0z3lzn346rdf8er9kmk3sab9
The Fremont Bridge has closed to traffic at  08:07 PM on 03/05/2025,1897499163266572306,1897499163266572306,100,1898085514340864170,1897364023504728365,7140dibdnow9c7btw4b3o0z3lzn346rdf8er9kmk3sab9
The Fremont Bridge has reopened to traffic at  08:16 PM on 03/05/2025,1897501431038665210,1897501431038665210,100,1898085514340864170,1897364023504728365,7140dibdnow9c7btw4b3o0z3lzn346rdf8er9kmk3sab9
The Ballard Bridge has closed to traffic at  08:20 PM on 03/05/2025,1897502438594392101,1897502438594392101,100,1898085514340864170,1897364023504728365,7140dibdnow9c7btw4b3o0z3lzn346rdf8er9kmk3sab9
The Ballard Bridge has reopened to traffic at  08:26 PM on 03/05/2025,1897503951450464416,1897503951450464416,100,1898085514340864170,1897364023504728365,7140dibdnow9c7btw4b3o0z3lzn346rdf8er9kmk3sab9
The 1st Ave S Bridge has reopened to traffic at  09:36 PM on 03/05/2025,1897521578503721376,1897521578503721376,100,1898085514340864170,1897364023504728365,7140dibdnow9c7btw4b3o0z3lzn346rdf8er9kmk3sab9
The 1st Ave S Bridge has closed to traffic at  09:01 AM on 03/06/2025,1897693937210458397,1897693937210458397,100,1898085514340864170,1897364023504728365,7140dibdnow9c7btw4b3o0z3lzn346rdf8er9kmk3sab9
The 1st Ave S Bridge has reopened to traffic at  09:12 AM on 03/06/2025,1897696709331108328,1897696709331108328,100,1898085514340864170,1897364023504728365,7140dibdnow9c7btw4b3o0z3lzn346rdf8er9kmk3sab9
The 1st Ave S Bridge has closed to traffic at  09:50 AM on 03/06/2025,1897706278967033983,1897706278967033983,100,1898085514340864170,1897364023504728365,7140dibdnow9c7btw4b3o0z3lzn346rdf8er9kmk3sab9
The 1st Ave S Bridge has reopened to traffic at  10:07 AM on 03/06/2025,1897710568083185903,1897710568083185903,100,1898085514340864170,1897364023504728365,7140dibdnow9c7btw4b3o0z3lzn346rdf8er9kmk3sab9
The Ballard Bridge has closed to traffic at  11:13 AM on 03/06/2025,1897727189313020002,1897727189313020002,100,1898085514340864170,1897364023504728365,7140dibdnow9c7btw4b3o0z3lzn346rdf8er9kmk3sab9
The Ballard Bridge has reopened to traffic at  11:17 AM on 03/06/2025,1897728196994646335,1897728196994646335,100,1898085514340864170,1897364023504728365,7140dibdnow9c7btw4b3o0z3lzn346rdf8er9kmk3sab9
The Fremont Bridge has closed to traffic at  11:19 AM on 03/06/2025,1897728701137404375,1897728701137404375,100,1898085514340864170,1897364023504728365,7140dibdnow9c7btw4b3o0z3lzn346rdf8er9kmk3sab9
The Fremont Bridge has reopened to traffic at  11:27 AM on 03/06/2025,1897730654106009653,1897730654106009653,100,1898085514340864170,1897364023504728365,7140dibdnow9c7btw4b3o0z3lzn346rdf8er9kmk3sab9
The Fremont Bridge has closed to traffic at  11:35 AM on 03/06/2025,1897732670068867110,1897732670068867110,100,1898085514340864170,1897364023504728365,7140dibdnow9c7btw4b3o0z3lzn346rdf8er9kmk3sab9
The University Bridge has closed to traffic at  11:40 AM on 03/06/2025,1897733929316360529,1897733929316360529,100,1898085514340864170,1897364023504728365,7140dibdnow9c7btw4b3o0z3lzn346rdf8er9kmk3sab9
The Fremont Bridge has reopened to traffic at  11:42 AM on 03/06/2025,1897734434570613220,1897734434570613220,100,1898085514340864170,1897364023504728365,7140dibdnow9c7btw4b3o0z3lzn346rdf8er9kmk3sab9
The University Bridge has reopened to traffic at  11:45 AM on 03/06/2025,1897735190216425665,1897735190216425665,100,1898085514340864170,1897364023504728365,7140dibdnow9c7btw4b3o0z3lzn346rdf8er9kmk3sab9
The Montlake Bridge has closed to traffic at  11:49 AM on 03/06/2025,1897736197956624595,1897736197956624595,100,1898085514340864170,1897364023504728365,7140dibdnow9c7btw4b3o0z3lzn346rdf8er9kmk3sab9
The Montlake Bridge has reopened to traffic at  11:55 AM on 03/06/2025,1897737710682751336,1897737710682751336,100,1898085514340864170,1897364023504728365,7140dibdnow9c7btw4b3o0z3lzn346rdf8er9kmk3sab9
The Fremont Bridge has closed to traffic at  01:00 PM on 03/06/2025,1897754079868469579,1897754079868469579,100,1898085514340864170,1897364023504728365,7140dibdnow9c7btw4b3o0z3lzn346rdf8er9kmk3sab9
The Fremont Bridge has reopened to traffic at  01:08 PM on 03/06/2025,1897756095831326756,1897756095831326756,100,1898085514340864170,1897364023504728365,7140dibdnow9c7btw4b3o0z3lzn346rdf8er9kmk3sab9
The Ballard Bridge has closed to traffic at  01:20 PM on 03/06/2025,1897759119064678424,1897759119064678424,100,1898085514340864170,1897364023504728365,7140dibdnow9c7btw4b3o0z3lzn346rdf8er9kmk3sab9
The Ballard Bridge has reopened to traffic at  01:25 PM on 03/06/2025,1897760378337243374,1897760378337243374,100,1898085514340864170,1897364023504728365,7140dibdnow9c7btw4b3o0z3lzn346rdf8er9kmk3sab9
The Fremont Bridge has closed to traffic at  01:48 PM on 03/06/2025,1897766171086405804,1897766171086405804,100,1898085514340864170,1897364023504728365,7140dibdnow9c7btw4b3o0z3lzn346rdf8er9kmk3sab9
The Fremont Bridge has reopened to traffic at  01:55 PM on 03/06/2025,1897767936565121144,1897767936565121144,100,1898085514340864170,1897364023504728365,7140dibdnow9c7btw4b3o0z3lzn346rdf8er9kmk3sab9
The Ballard Bridge has closed to traffic at  02:03 PM on 03/06/2025,1897769953178296418,1897769953178296418,100,1898085514340864170,1897364023504728365,7140dibdnow9c7btw4b3o0z3lzn346rdf8er9kmk3sab9
The Ballard Bridge has reopened to traffic at  02:10 PM on 03/06/2025,1897771718489575760,1897771718489575760,100,1898085514340864170,1897364023504728365,7140dibdnow9c7btw4b3o0z3lzn346rdf8er9kmk3sab9
The Fremont Bridge has closed to traffic at  02:18 PM on 03/06/2025,1897773734574080124,1897773734574080124,100,1898085514340864170,1897364023504728365,7140dibdnow9c7btw4b3o0z3lzn346rdf8er9kmk3sab9
The Fremont Bridge has reopened to traffic at  02:24 PM on 03/06/2025,1897775247908065510,1897775247908065510,100,1898085514340864170,1897364023504728365,7140dibdnow9c7btw4b3o0z3lzn346rdf8er9kmk3sab9
The University Bridge has closed to traffic at  03:04 PM on 03/06/2025,1897785321494135181,1897785321494135181,100,1898085514340864170,1897364023504728365,7140dibdnow9c7btw4b3o0z3lzn346rdf8er9kmk3sab9
The University Bridge has reopened to traffic at  03:09 PM on 03/06/2025,1897786581953790271,1897786581953790271,100,1898085514340864170,1897364023504728365,7140dibdnow9c7btw4b3o0z3lzn346rdf8er9kmk3sab9
The Ballard Bridge has closed to traffic at  06:00 PM on 03/06/2025,1897829579076911499,1897829579076911499,100,1898085514340864170,1897364023504728365,7140dibdnow9c7btw4b3o0z3lzn346rdf8er9kmk3sab9
The Ballard Bridge has reopened to traffic at  06:05 PM on 03/06/2025,1897830838475370917,1897830838475370917,100,1898085514340864170,1897364023504728365,7140dibdnow9c7btw4b3o0z3lzn346rdf8er9kmk3sab9
The Fremont Bridge has closed to traffic at  06:14 PM on 03/06/2025,1897833106041979346,1897833106041979346,100,1898085514340864170,1897364023504728365,7140dibdnow9c7btw4b3o0z3lzn346rdf8er9kmk3sab9
The Fremont Bridge has reopened to traffic at  06:21 PM on 03/06/2025,1897834870162039070,1897834870162039070,100,1898085514340864170,1897364023504728365,7140dibdnow9c7btw4b3o0z3lzn346rdf8er9kmk3sab9
The University Bridge has closed to traffic at  06:29 PM on 03/06/2025,1897836885894184982,1897836885894184982,100,1898085514340864170,1897364023504728365,7140dibdnow9c7btw4b3o0z3lzn346rdf8er9kmk3sab9
The University Bridge has reopened to traffic at  06:35 PM on 03/06/2025,1897838398246903958,1897838398246903958,100,1898085514340864170,1897364023504728365,7140dibdnow9c7btw4b3o0z3lzn346rdf8er9kmk3sab9
The University Bridge has closed to traffic at  10:15 PM on 03/06/2025,1897893734299451712,1897893734299451712,100,1898085514340864170,1897364023504728365,7140dibdnow9c7btw4b3o0z3lzn346rdf8er9kmk3sab9
The University Bridge has reopened to traffic at  10:21 PM on 03/06/2025,1897895246832480651,1897895246832480651,100,1898085514340864170,1897364023504728365,7140dibdnow9c7btw4b3o0z3lzn346rdf8er9kmk3sab9
The Fremont Bridge has closed to traffic at  10:31 PM on 03/06/2025,1897897766158057608,1897897766158057608,100,1898085514340864170,1897364023504728365,7140dibdnow9c7btw4b3o0z3lzn346rdf8er9kmk3sab9
The Fremont Bridge has reopened to traffic at  10:38 PM on 03/06/2025,1897899530173165842,1897899530173165842,100,1898085514340864170,1897364023504728365,7140dibdnow9c7btw4b3o0z3lzn346rdf8er9kmk3sab9
The Ballard Bridge has closed to traffic at  10:43 PM on 03/06/2025,1897900789550776596,1897900789550776596,100,1898085514340864170,1897364023504728365,7140dibdnow9c7btw4b3o0z3lzn346rdf8er9kmk3sab9
The Ballard Bridge has reopened to traffic at  10:47 PM on 03/06/2025,1897901798058529229,1897901798058529229,100,1898085514340864170,1897364023504728365,7140dibdnow9c7btw4b3o0z3lzn346rdf8er9kmk3sab9
The Fremont Bridge has closed to traffic at  09:16 AM on 03/07/2025,1898060131231056084,1898060131231056084,100,1898085514340864170,1897364023504728365,7140dibdnow9c7btw4b3o0z3lzn346rdf8er9kmk3sab9
The Fremont Bridge has reopened to traffic at  09:26 AM on 03/07/2025,1898062650468450650,1898062650468450650,100,1898085514340864170,1897364023504728365,7140dibdnow9c7btw4b3o0z3lzn346rdf8er9kmk3sab9
The 1st Ave S Bridge has closed to traffic at  09:30 AM on 03/07/2025,1898063658011554120,1898063658011554120,100,1898085514340864170,1897364023504728365,7140dibdnow9c7btw4b3o0z3lzn346rdf8er9kmk3sab9
The Fremont Bridge has closed to traffic at  09:43 AM on 03/07/2025,1898066932651507987,1898066932651507987,100,1898085514340864170,1897364023504728365,7140dibdnow9c7btw4b3o0z3lzn346rdf8er9kmk3sab9
The 1st Ave S Bridge has reopened to traffic at  09:44 AM on 03/07/2025,1898067184859119750,1898067184859119750,100,1898085514340864170,1897364023504728365,7140dibdnow9c7btw4b3o0z3lzn346rdf8er9kmk3sab9
The Ballard Bridge has closed to traffic at  09:44 AM on 03/07/2025,1898067185282826703,1898067185282826703,100,1898085514340864170,1897364023504728365,7140dibdnow9c7btw4b3o0z3lzn346rdf8er9kmk3sab9
The Ballard Bridge has reopened to traffic at  09:48 AM on 03/07/2025,1898068129919778851,1898068129919778851,100,1898085514340864170,1897364023504728365,7140dibdnow9c7btw4b3o0z3lzn346rdf8er9kmk3sab9
The Fremont Bridge has reopened to traffic at  09:52 AM on 03/07/2025,1898069137618092267,1898069137618092267,100,1898085514340864170,1897364023504728365,7140dibdnow9c7btw4b3o0z3lzn346rdf8er9kmk3sab9
The Fremont Bridge has closed to traffic at  09:59 AM on 03/07/2025,1898070902161785011,1898070902161785011,100,1898085514340864170,1897364023504728365,7140dibdnow9c7btw4b3o0z3lzn346rdf8er9kmk3sab9
The Fremont Bridge has reopened to traffic at  10:09 AM on 03/07/2025,1898073421805945235,1898073421805945235,100,1898085514340864170,1897364023504728365,7140dibdnow9c7btw4b3o0z3lzn346rdf8er9kmk3sab9
The University Bridge has closed to traffic at  10:16 AM on 03/07/2025,1898075185800200587,1898075185800200587,100,1898085514340864170,1897364023504728365,7140dibdnow9c7btw4b3o0z3lzn346rdf8er9kmk3sab9
The University Bridge has reopened to traffic at  10:20 AM on 03/07/2025,1898076193351729307,1898076193351729307,100,1898085514340864170,1897364023504728365,7140dibdnow9c7btw4b3o0z3lzn346rdf8er9kmk3sab9
The Montlake Bridge has closed to traffic at  10:24 AM on 03/07/2025,1898077201050038674,1898077201050038674,100,1898085514340864170,1897364023504728365,7140dibdnow9c7btw4b3o0z3lzn346rdf8er9kmk3sab9
The Fremont Bridge has closed to traffic at  10:28 AM on 03/07/2025,1898078208568049985,1898078208568049985,100,1898085514340864170,1897364023504728365,7140dibdnow9c7btw4b3o0z3lzn346rdf8er9kmk3sab9
The Montlake Bridge has reopened to traffic at  10:29 AM on 03/07/2025,1898078460821880931,1898078460821880931,100,1898085514340864170,1897364023504728365,7140dibdnow9c7btw4b3o0z3lzn346rdf8er9kmk3sab9
The Fremont Bridge has reopened to traffic at  10:36 AM on 03/07/2025,1898080225122304486,1898080225122304486,100,1898085514340864170,1897364023504728365,7140dibdnow9c7btw4b3o0z3lzn346rdf8er9kmk3sab9
The Fremont Bridge has closed to traffic at  10:57 AM on 03/07/2025,1898085514340864170,1898085514340864170,100,1898085514340864170,1897364023504728365,7140dibdnow9c7btw4b3o0z3lzn346rdf8er9kmk3sab9
The Fremont Bridge has reopened to traffic at  11:04 AM on 03/07/2025,1898087278175834516,1898087278175834516,100,1898747401302626325,1898087278175834516,7140dibdnow9c7btw4b3o32xh3d4ih98bbgqnted4tt86
The Montlake Bridge has closed to traffic at  11:24 AM on 03/07/2025,1898092316004696452,1898092316004696452,100,1898747401302626325,1898087278175834516,7140dibdnow9c7btw4b3o32xh3d4ih98bbgqnted4tt86
The Montlake Bridge has reopened to traffic at  11:30 AM on 03/07/2025,1898093828097393018,1898093828097393018,100,1898747401302626325,1898087278175834516,7140dibdnow9c7btw4b3o32xh3d4ih98bbgqnted4tt86
The Fremont Bridge has closed to traffic at  11:33 AM on 03/07/2025,1898094583869034870,1898094583869034870,100,1898747401302626325,1898087278175834516,7140dibdnow9c7btw4b3o32xh3d4ih98bbgqnted4tt86
The Fremont Bridge has reopened to traffic at  11:39 AM on 03/07/2025,1898096096221761970,1898096096221761970,100,1898747401302626325,1898087278175834516,7140dibdnow9c7btw4b3o32xh3d4ih98bbgqnted4tt86
The University Bridge has closed to traffic at  11:51 AM on 03/07/2025,1898099119392276890,1898099119392276890,100,1898747401302626325,1898087278175834516,7140dibdnow9c7btw4b3o32xh3d4ih98bbgqnted4tt86
The University Bridge has reopened to traffic at  11:55 AM on 03/07/2025,1898100127073812908,1898100127073812908,100,1898747401302626325,1898087278175834516,7140dibdnow9c7btw4b3o32xh3d4ih98bbgqnted4tt86
The Fremont Bridge has closed to traffic at  11:57 AM on 03/07/2025,1898100631115854079,1898100631115854079,100,1898747401302626325,1898087278175834516,7140dibdnow9c7btw4b3o32xh3d4ih98bbgqnted4tt86
The Fremont Bridge has reopened to traffic at  12:04 PM on 03/07/2025,1898102395420434451,1898102395420434451,100,1898747401302626325,1898087278175834516,7140dibdnow9c7btw4b3o32xh3d4ih98bbgqnted4tt86
The Montlake Bridge has closed to traffic at  12:06 PM on 03/07/2025,1898102899408093200,1898102899408093200,100,1898747401302626325,1898087278175834516,7140dibdnow9c7btw4b3o32xh3d4ih98bbgqnted4tt86
The Ballard Bridge has closed to traffic at  12:11 PM on 03/07/2025,1898104158747857195,1898104158747857195,100,1898747401302626325,1898087278175834516,7140dibdnow9c7btw4b3o32xh3d4ih98bbgqnted4tt86
The Montlake Bridge has reopened to traffic at  12:11 PM on 03/07/2025,1898104160748552396,1898104160748552396,100,1898747401302626325,1898087278175834516,7140dibdnow9c7btw4b3o32xh3d4ih98bbgqnted4tt86
The Ballard Bridge has reopened to traffic at  12:15 PM on 03/07/2025,1898105168295870828,1898105168295870828,100,1898747401302626325,1898087278175834516,7140dibdnow9c7btw4b3o32xh3d4ih98bbgqnted4tt86
The Fremont Bridge has closed to traffic at  12:31 PM on 03/07/2025,1898109199265267903,1898109199265267903,100,1898747401302626325,1898087278175834516,7140dibdnow9c7btw4b3o32xh3d4ih98bbgqnted4tt86
The Fremont Bridge has reopened to traffic at  12:37 PM on 03/07/2025,1898110711743889486,1898110711743889486,100,1898747401302626325,1898087278175834516,7140dibdnow9c7btw4b3o32xh3d4ih98bbgqnted4tt86
The Fremont Bridge has closed to traffic at  12:51 PM on 03/07/2025,1898114238243389500,1898114238243389500,100,1898747401302626325,1898087278175834516,7140dibdnow9c7btw4b3o32xh3d4ih98bbgqnted4tt86
The Fremont Bridge has reopened to traffic at  12:58 PM on 03/07/2025,1898116002300543101,1898116002300543101,100,1898747401302626325,1898087278175834516,7140dibdnow9c7btw4b3o32xh3d4ih98bbgqnted4tt86
The Fremont Bridge has closed to traffic at  01:35 PM on 03/07/2025,1898125257267175909,1898125257267175909,100,1898747401302626325,1898087278175834516,7140dibdnow9c7btw4b3o32xh3d4ih98bbgqnted4tt86
The Fremont Bridge has reopened to traffic at  01:43 PM on 03/07/2025,1898127273146171731,1898127273146171731,100,1898747401302626325,1898087278175834516,7140dibdnow9c7btw4b3o32xh3d4ih98bbgqnted4tt86
The Fremont Bridge has closed to traffic at  02:02 PM on 03/07/2025,1898132058708537375,1898132058708537375,100,1898747401302626325,1898087278175834516,7140dibdnow9c7btw4b3o32xh3d4ih98bbgqnted4tt86
The Ballard Bridge has closed to traffic at  02:13 PM on 03/07/2025,1898134829889470799,1898134829889470799,100,1898747401302626325,1898087278175834516,7140dibdnow9c7btw4b3o32xh3d4ih98bbgqnted4tt86
The Ballard Bridge has reopened to traffic at  02:16 PM on 03/07/2025,1898135585665302759,1898135585665302759,100,1898747401302626325,1898087278175834516,7140dibdnow9c7btw4b3o32xh3d4ih98bbgqnted4tt86
The Fremont Bridge has reopened to traffic at  02:35 PM on 03/07/2025,1898140370908926325,1898140370908926325,100,1898747401302626325,1898087278175834516,7140dibdnow9c7btw4b3o32xh3d4ih98bbgqnted4tt86
The Fremont Bridge has closed to traffic at  02:49 PM on 03/07/2025,1898143897471402137,1898143897471402137,100,1898747401302626325,1898087278175834516,7140dibdnow9c7btw4b3o32xh3d4ih98bbgqnted4tt86
The Fremont Bridge has reopened to traffic at  02:56 PM on 03/07/2025,1898145661520167017,1898145661520167017,100,1898747401302626325,1898087278175834516,7140dibdnow9c7btw4b3o32xh3d4ih98bbgqnted4tt86
The Ballard Bridge has closed to traffic at  03:06 PM on 03/07/2025,1898148181223129512,1898148181223129512,100,1898747401302626325,1898087278175834516,7140dibdnow9c7btw4b3o32xh3d4ih98bbgqnted4tt86
The Ballard Bridge has reopened to traffic at  03:11 PM on 03/07/2025,1898149440680345926,1898149440680345926,100,1898747401302626325,1898087278175834516,7140dibdnow9c7btw4b3o32xh3d4ih98bbgqnted4tt86
The Fremont Bridge has closed to traffic at  03:20 PM on 03/07/2025,1898151708423029039,1898151708423029039,100,1898747401302626325,1898087278175834516,7140dibdnow9c7btw4b3o32xh3d4ih98bbgqnted4tt86
The Fremont Bridge has reopened to traffic at  03:28 PM on 03/07/2025,1898153724406866431,1898153724406866431,100,1898747401302626325,1898087278175834516,7140dibdnow9c7btw4b3o32xh3d4ih98bbgqnted4tt86
The University Bridge has closed to traffic at  03:36 PM on 03/07/2025,1898155739996471572,1898155739996471572,100,1898747401302626325,1898087278175834516,7140dibdnow9c7btw4b3o32xh3d4ih98bbgqnted4tt86
The University Bridge has reopened to traffic at  03:42 PM on 03/07/2025,1898157252273729974,1898157252273729974,100,1898747401302626325,1898087278175834516,7140dibdnow9c7btw4b3o32xh3d4ih98bbgqnted4tt86
The Ballard Bridge has closed to traffic at  03:59 PM on 03/07/2025,1898161534054064300,1898161534054064300,100,1898747401302626325,1898087278175834516,7140dibdnow9c7btw4b3o32xh3d4ih98bbgqnted4tt86
The Ballard Bridge has reopened to traffic at  04:07 PM on 03/07/2025,1898163551392743486,1898163551392743486,100,1898747401302626325,1898087278175834516,7140dibdnow9c7btw4b3o32xh3d4ih98bbgqnted4tt86
The University Bridge has closed to traffic at  06:30 PM on 03/07/2025,1898199497752428868,1898199497752428868,100,1898747401302626325,1898087278175834516,7140dibdnow9c7btw4b3o32xh3d4ih98bbgqnted4tt86
The University Bridge has reopened to traffic at  06:33 PM on 03/07/2025,1898200253737976250,1898200253737976250,100,1898747401302626325,1898087278175834516,7140dibdnow9c7btw4b3o32xh3d4ih98bbgqnted4tt86
The Fremont Bridge has closed to traffic at  06:55 PM on 03/07/2025,1898205795076260197,1898205795076260197,100,1898747401302626325,1898087278175834516,7140dibdnow9c7btw4b3o32xh3d4ih98bbgqnted4tt86
The Montlake Bridge has closed to traffic at  07:01 PM on 03/07/2025,1898207307357626592,1898207307357626592,100,1898747401302626325,1898087278175834516,7140dibdnow9c7btw4b3o32xh3d4ih98bbgqnted4tt86
The Fremont Bridge has reopened to traffic at  07:02 PM on 03/07/2025,1898207559582204196,1898207559582204196,100,1898747401302626325,1898087278175834516,7140dibdnow9c7btw4b3o32xh3d4ih98bbgqnted4tt86
The Montlake Bridge has reopened to traffic at  07:07 PM on 03/07/2025,1898208819219775679,1898208819219775679,100,1898747401302626325,1898087278175834516,7140dibdnow9c7btw4b3o32xh3d4ih98bbgqnted4tt86
The Ballard Bridge has closed to traffic at  07:13 PM on 03/07/2025,1898210331476078637,1898210331476078637,100,1898747401302626325,1898087278175834516,7140dibdnow9c7btw4b3o32xh3d4ih98bbgqnted4tt86
The University Bridge has closed to traffic at  07:13 PM on 03/07/2025,1898210331861958798,1898210331861958798,100,1898747401302626325,1898087278175834516,7140dibdnow9c7btw4b3o32xh3d4ih98bbgqnted4tt86
The Ballard Bridge has reopened to traffic at  07:17 PM on 03/07/2025,1898211339329585516,1898211339329585516,100,1898747401302626325,1898087278175834516,7140dibdnow9c7btw4b3o32xh3d4ih98bbgqnted4tt86
The University Bridge has reopened to traffic at  07:17 PM on 03/07/2025,1898211339719655804,1898211339719655804,100,1898747401302626325,1898087278175834516,7140dibdnow9c7btw4b3o32xh3d4ih98bbgqnted4tt86
The University Bridge has closed to traffic at  07:46 PM on 03/07/2025,1898218643034620358,1898218643034620358,100,1898747401302626325,1898087278175834516,7140dibdnow9c7btw4b3o32xh3d4ih98bbgqnted4tt86
The University Bridge has reopened to traffic at  07:53 PM on 03/07/2025,1898220407209234445,1898220407209234445,100,1898747401302626325,1898087278175834516,7140dibdnow9c7btw4b3o32xh3d4ih98bbgqnted4tt86
The Fremont Bridge has closed to traffic at  08:03 PM on 03/07/2025,1898222926664728581,1898222926664728581,100,1898747401302626325,1898087278175834516,7140dibdnow9c7btw4b3o32xh3d4ih98bbgqnted4tt86
The Fremont Bridge has reopened to traffic at  08:10 PM on 03/07/2025,1898224690600329293,1898224690600329293,100,1898747401302626325,1898087278175834516,7140dibdnow9c7btw4b3o32xh3d4ih98bbgqnted4tt86
The Ballard Bridge has closed to traffic at  08:14 PM on 03/07/2025,1898225698109898853,1898225698109898853,100,1898747401302626325,1898087278175834516,7140dibdnow9c7btw4b3o32xh3d4ih98bbgqnted4tt86
The Ballard Bridge has reopened to traffic at  08:19 PM on 03/07/2025,1898226957508338137,1898226957508338137,100,1898747401302626325,1898087278175834516,7140dibdnow9c7btw4b3o32xh3d4ih98bbgqnted4tt86
The 1st Ave S Bridge has closed to traffic at  11:35 PM on 03/07/2025,1898276310025486531,1898276310025486531,100,1898747401302626325,1898087278175834516,7140dibdnow9c7btw4b3o32xh3d4ih98bbgqnted4tt86
The 1st Ave S Bridge has reopened to traffic at  12:36 AM on 03/08/2025,1898291612389953721,1898291612389953721,100,1898747401302626325,1898087278175834516,7140dibdnow9c7btw4b3o32xh3d4ih98bbgqnted4tt86
The 1st Ave S Bridge has closed to traffic at  12:38 AM on 03/08/2025,1898292116478115991,1898292116478115991,100,1898747401302626325,1898087278175834516,7140dibdnow9c7btw4b3o32xh3d4ih98bbgqnted4tt86
The 1st Ave S Bridge has reopened to traffic at  01:12 AM on 03/08/2025,1898300680106037333,1898300680106037333,100,1898747401302626325,1898087278175834516,7140dibdnow9c7btw4b3o32xh3d4ih98bbgqnted4tt86
The 1st Ave S Bridge has closed to traffic at  06:12 AM on 03/08/2025,1898376169969611239,1898376169969611239,100,1898747401302626325,1898087278175834516,7140dibdnow9c7btw4b3o32xh3d4ih98bbgqnted4tt86
The 1st Ave S Bridge has reopened to traffic at  06:20 AM on 03/08/2025,1898378186171502594,1898378186171502594,100,1898747401302626325,1898087278175834516,7140dibdnow9c7btw4b3o32xh3d4ih98bbgqnted4tt86
The Fremont Bridge has closed to traffic at  07:17 AM on 03/08/2025,1898392540115800489,1898392540115800489,100,1898747401302626325,1898087278175834516,7140dibdnow9c7btw4b3o32xh3d4ih98bbgqnted4tt86
The Fremont Bridge has reopened to traffic at  07:24 AM on 03/08/2025,1898394304554663966,1898394304554663966,100,1898747401302626325,1898087278175834516,7140dibdnow9c7btw4b3o32xh3d4ih98bbgqnted4tt86
The Fremont Bridge has closed to traffic at  08:15 AM on 03/08/2025,1898407147647783198,1898407147647783198,100,1898747401302626325,1898087278175834516,7140dibdnow9c7btw4b3o32xh3d4ih98bbgqnted4tt86
The Fremont Bridge has reopened to traffic at  08:22 AM on 03/08/2025,1898408911608410162,1898408911608410162,100,1898747401302626325,1898087278175834516,7140dibdnow9c7btw4b3o32xh3d4ih98bbgqnted4tt86
The Fremont Bridge has closed to traffic at  08:59 AM on 03/08/2025,1898418229842006521,1898418229842006521,100,1898747401302626325,1898087278175834516,7140dibdnow9c7btw4b3o32xh3d4ih98bbgqnted4tt86
The Fremont Bridge has reopened to traffic at  09:06 AM on 03/08/2025,1898419994054300109,1898419994054300109,100,1898747401302626325,1898087278175834516,7140dibdnow9c7btw4b3o32xh3d4ih98bbgqnted4tt86
The Fremont Bridge has closed to traffic at  09:42 AM on 03/08/2025,1898429060105342982,1898429060105342982,100,1898747401302626325,1898087278175834516,7140dibdnow9c7btw4b3o32xh3d4ih98bbgqnted4tt86
The Fremont Bridge has reopened to traffic at  09:49 AM on 03/08/2025,1898430824695112089,1898430824695112089,100,1898747401302626325,1898087278175834516,7140dibdnow9c7btw4b3o32xh3d4ih98bbgqnted4tt86
The Fremont Bridge has closed to traffic at  10:08 AM on 03/08/2025,1898435611591123323,1898435611591123323,100,1898747401302626325,1898087278175834516,7140dibdnow9c7btw4b3o32xh3d4ih98bbgqnted4tt86
The Fremont Bridge has reopened to traffic at  10:14 AM on 03/08/2025,1898437061297983876,1898437061297983876,100,1898747401302626325,1898087278175834516,7140dibdnow9c7btw4b3o32xh3d4ih98bbgqnted4tt86
The Fremont Bridge has closed to traffic at  10:54 AM on 03/08/2025,1898447135844237759,1898447135844237759,100,1898747401302626325,1898087278175834516,7140dibdnow9c7btw4b3o32xh3d4ih98bbgqnted4tt86
The Fremont Bridge has reopened to traffic at  11:00 AM on 03/08/2025,1898448648486461551,1898448648486461551,100,1898747401302626325,1898087278175834516,7140dibdnow9c7btw4b3o32xh3d4ih98bbgqnted4tt86
The Ballard Bridge has closed to traffic at  11:01 AM on 03/08/2025,1898448900593479729,1898448900593479729,100,1898747401302626325,1898087278175834516,7140dibdnow9c7btw4b3o32xh3d4ih98bbgqnted4tt86
The Ballard Bridge has reopened to traffic at  11:04 AM on 03/08/2025,1898449656184791155,1898449656184791155,100,1898747401302626325,1898087278175834516,7140dibdnow9c7btw4b3o32xh3d4ih98bbgqnted4tt86
The 1st Ave S Bridge has closed to traffic at  11:14 AM on 03/08/2025,1898452175862554968,1898452175862554968,100,1898747401302626325,1898087278175834516,7140dibdnow9c7btw4b3o32xh3d4ih98bbgqnted4tt86
The Fremont Bridge has closed to traffic at  11:20 AM on 03/08/2025,1898453688320172169,1898453688320172169,100,1898747401302626325,1898087278175834516,7140dibdnow9c7btw4b3o32xh3d4ih98bbgqnted4tt86
The 1st Ave S Bridge has reopened to traffic at  11:24 AM on 03/08/2025,1898454695938871508,1898454695938871508,100,1898747401302626325,1898087278175834516,7140dibdnow9c7btw4b3o32xh3d4ih98bbgqnted4tt86
The Fremont Bridge has reopened to traffic at  11:26 AM on 03/08/2025,1898455200006127851,1898455200006127851,100,1898747401302626325,1898087278175834516,7140dibdnow9c7btw4b3o32xh3d4ih98bbgqnted4tt86
The 1st Ave S Bridge has closed to traffic at  12:11 PM on 03/08/2025,1898466531904016804,1898466531904016804,100,1898747401302626325,1898087278175834516,7140dibdnow9c7btw4b3o32xh3d4ih98bbgqnted4tt86
The 1st Ave S Bridge has reopened to traffic at  12:22 PM on 03/08/2025,1898469303114191075,1898469303114191075,100,1898747401302626325,1898087278175834516,7140dibdnow9c7btw4b3o32xh3d4ih98bbgqnted4tt86
The Fremont Bridge has closed to traffic at  12:23 PM on 03/08/2025,1898469555397345363,1898469555397345363,100,1898747401302626325,1898087278175834516,7140dibdnow9c7btw4b3o32xh3d4ih98bbgqnted4tt86
The Fremont Bridge has reopened to traffic at  12:29 PM on 03/08/2025,1898471068257644642,1898471068257644642,100,1898747401302626325,1898087278175834516,7140dibdnow9c7btw4b3o32xh3d4ih98bbgqnted4tt86
The Fremont Bridge has closed to traffic at  01:10 PM on 03/08/2025,1898481392977367338,1898481392977367338,100,1898747401302626325,1898087278175834516,7140dibdnow9c7btw4b3o32xh3d4ih98bbgqnted4tt86
The Fremont Bridge has reopened to traffic at  01:16 PM on 03/08/2025,1898482905250455641,1898482905250455641,100,1898747401302626325,1898087278175834516,7140dibdnow9c7btw4b3o32xh3d4ih98bbgqnted4tt86
The Fremont Bridge has closed to traffic at  01:32 PM on 03/08/2025,1898486935397810404,1898486935397810404,100,1898747401302626325,1898087278175834516,7140dibdnow9c7btw4b3o32xh3d4ih98bbgqnted4tt86
The Fremont Bridge has reopened to traffic at  01:39 PM on 03/08/2025,1898488699677212766,1898488699677212766,100,1898747401302626325,1898087278175834516,7140dibdnow9c7btw4b3o32xh3d4ih98bbgqnted4tt86
The Fremont Bridge has closed to traffic at  02:03 PM on 03/08/2025,1898494744680153213,1898494744680153213,100,1898747401302626325,1898087278175834516,7140dibdnow9c7btw4b3o32xh3d4ih98bbgqnted4tt86
The Fremont Bridge has reopened to traffic at  02:10 PM on 03/08/2025,1898496508728840649,1898496508728840649,100,1898747401302626325,1898087278175834516,7140dibdnow9c7btw4b3o32xh3d4ih98bbgqnted4tt86
The University Bridge has closed to traffic at  02:12 PM on 03/08/2025,1898497012670308463,1898497012670308463,100,1898747401302626325,1898087278175834516,7140dibdnow9c7btw4b3o32xh3d4ih98bbgqnted4tt86
The University Bridge has reopened to traffic at  02:16 PM on 03/08/2025,1898498020217631166,1898498020217631166,100,1898747401302626325,1898087278175834516,7140dibdnow9c7btw4b3o32xh3d4ih98bbgqnted4tt86
The Fremont Bridge has closed to traffic at  02:27 PM on 03/08/2025,1898500791587270661,1898500791587270661,100,1898747401302626325,1898087278175834516,7140dibdnow9c7btw4b3o32xh3d4ih98bbgqnted4tt86
The Fremont Bridge has reopened to traffic at  02:34 PM on 03/08/2025,1898502492692070764,1898502492692070764,100,1898747401302626325,1898087278175834516,7140dibdnow9c7btw4b3o32xh3d4ih98bbgqnted4tt86
The Ballard Bridge has closed to traffic at  03:29 PM on 03/08/2025,1898516343756087451,1898516343756087451,100,1898747401302626325,1898087278175834516,7140dibdnow9c7btw4b3o32xh3d4ih98bbgqnted4tt86
The Ballard Bridge has reopened to traffic at  03:32 PM on 03/08/2025,1898517099489948043,1898517099489948043,100,1898747401302626325,1898087278175834516,7140dibdnow9c7btw4b3o32xh3d4ih98bbgqnted4tt86
The Fremont Bridge has closed to traffic at  03:42 PM on 03/08/2025,1898519619771736372,1898519619771736372,100,1898747401302626325,1898087278175834516,7140dibdnow9c7btw4b3o32xh3d4ih98bbgqnted4tt86
The Fremont Bridge has reopened to traffic at  03:48 PM on 03/08/2025,1898521132120289445,1898521132120289445,100,1898747401302626325,1898087278175834516,7140dibdnow9c7btw4b3o32xh3d4ih98bbgqnted4tt86
The University Bridge has closed to traffic at  03:56 PM on 03/08/2025,1898523148100022372,1898523148100022372,100,1898747401302626325,1898087278175834516,7140dibdnow9c7btw4b3o32xh3d4ih98bbgqnted4tt86
The University Bridge has reopened to traffic at  04:00 PM on 03/08/2025,1898524155831861490,1898524155831861490,100,1898747401302626325,1898087278175834516,7140dibdnow9c7btw4b3o32xh3d4ih98bbgqnted4tt86
The Ballard Bridge has closed to traffic at  05:26 PM on 03/08/2025,1898545812613013799,1898545812613013799,100,1898747401302626325,1898087278175834516,7140dibdnow9c7btw4b3o32xh3d4ih98bbgqnted4tt86
The Ballard Bridge has reopened to traffic at  05:30 PM on 03/08/2025,1898546820281942355,1898546820281942355,100,1898747401302626325,1898087278175834516,7140dibdnow9c7btw4b3o32xh3d4ih98bbgqnted4tt86
The Fremont Bridge has closed to traffic at  05:45 PM on 03/08/2025,1898550599588938031,1898550599588938031,100,1898747401302626325,1898087278175834516,7140dibdnow9c7btw4b3o32xh3d4ih98bbgqnted4tt86
The Fremont Bridge has reopened to traffic at  05:51 PM on 03/08/2025,1898552111920779276,1898552111920779276,100,1898747401302626325,1898087278175834516,7140dibdnow9c7btw4b3o32xh3d4ih98bbgqnted4tt86
The University Bridge has closed to traffic at  06:09 PM on 03/08/2025,1898556645573292284,1898556645573292284,100,1898747401302626325,1898087278175834516,7140dibdnow9c7btw4b3o32xh3d4ih98bbgqnted4tt86
The University Bridge has reopened to traffic at  06:13 PM on 03/08/2025,1898557653204484494,1898557653204484494,100,1898747401302626325,1898087278175834516,7140dibdnow9c7btw4b3o32xh3d4ih98bbgqnted4tt86
The University Bridge has closed to traffic at  07:47 AM on 03/09/2025,1898747401302626325,1898747401302626325,100,1898747401302626325,1898087278175834516,7140dibdnow9c7btw4b3o32xh3d4ih98bbgqnted4tt86
The University Bridge has reopened to traffic at  07:49 AM on 03/09/2025,1898747905512702416,1898747905512702416,100,1899589158219444414,1898747905512702416,7140dibdnow9c7btw4b3o350u0i5bioys4cy52vvi0t2u
The University Bridge has closed to traffic at  07:53 AM on 03/09/2025,1898748913106248006,1898748913106248006,100,1899589158219444414,1898747905512702416,7140dibdnow9c7btw4b3o350u0i5bioys4cy52vvi0t2u
The University Bridge has reopened to traffic at  07:54 AM on 03/09/2025,1898749165322240255,1898749165322240255,100,1899589158219444414,1898747905512702416,7140dibdnow9c7btw4b3o350u0i5bioys4cy52vvi0t2u
The University Bridge has closed to traffic at  08:32 AM on 03/09/2025,1898758735419388219,1898758735419388219,100,1899589158219444414,1898747905512702416,7140dibdnow9c7btw4b3o350u0i5bioys4cy52vvi0t2u
The University Bridge has reopened to traffic at  08:37 AM on 03/09/2025,1898759995073724751,1898759995073724751,100,1899589158219444414,1898747905512702416,7140dibdnow9c7btw4b3o350u0i5bioys4cy52vvi0t2u
The University Bridge has closed to traffic at  08:47 AM on 03/09/2025,1898762514961441204,1898762514961441204,100,1899589158219444414,1898747905512702416,7140dibdnow9c7btw4b3o350u0i5bioys4cy52vvi0t2u
The University Bridge has reopened to traffic at  08:52 AM on 03/09/2025,1898763774322204950,1898763774322204950,100,1899589158219444414,1898747905512702416,7140dibdnow9c7btw4b3o350u0i5bioys4cy52vvi0t2u
The University Bridge has closed to traffic at  09:32 AM on 03/09/2025,1898773785924571153,1898773785924571153,100,1899589158219444414,1898747905512702416,7140dibdnow9c7btw4b3o350u0i5bioys4cy52vvi0t2u
The University Bridge has reopened to traffic at  09:34 AM on 03/09/2025,1898774290042081532,1898774290042081532,100,1899589158219444414,1898747905512702416,7140dibdnow9c7btw4b3o350u0i5bioys4cy52vvi0t2u
The University Bridge has closed to traffic at  09:47 AM on 03/09/2025,1898777569237094455,1898777569237094455,100,1899589158219444414,1898747905512702416,7140dibdnow9c7btw4b3o350u0i5bioys4cy52vvi0t2u
The University Bridge has reopened to traffic at  09:49 AM on 03/09/2025,1898778073706963396,1898778073706963396,100,1899589158219444414,1898747905512702416,7140dibdnow9c7btw4b3o350u0i5bioys4cy52vvi0t2u
The University Bridge has closed to traffic at  10:14 AM on 03/09/2025,1898784371383075008,1898784371383075008,100,1899589158219444414,1898747905512702416,7140dibdnow9c7btw4b3o350u0i5bioys4cy52vvi0t2u
The University Bridge has reopened to traffic at  10:21 AM on 03/09/2025,1898786135998103630,1898786135998103630,100,1899589158219444414,1898747905512702416,7140dibdnow9c7btw4b3o350u0i5bioys4cy52vvi0t2u
The University Bridge has closed to traffic at  10:54 AM on 03/09/2025,1898794446940254651,1898794446940254651,100,1899589158219444414,1898747905512702416,7140dibdnow9c7btw4b3o350u0i5bioys4cy52vvi0t2u
The University Bridge has reopened to traffic at  11:00 AM on 03/09/2025,1898795959196557389,1898795959196557389,100,1899589158219444414,1898747905512702416,7140dibdnow9c7btw4b3o350u0i5bioys4cy52vvi0t2u
The Ballard Bridge has closed to traffic at  11:37 AM on 03/09/2025,1898805276876345595,1898805276876345595,100,1899589158219444414,1898747905512702416,7140dibdnow9c7btw4b3o350u0i5bioys4cy52vvi0t2u
The Ballard Bridge has reopened to traffic at  11:43 AM on 03/09/2025,1898806789678018714,1898806789678018714,100,1899589158219444414,1898747905512702416,7140dibdnow9c7btw4b3o350u0i5bioys4cy52vvi0t2u
The University Bridge has closed to traffic at  12:03 PM on 03/09/2025,1898811827393544613,1898811827393544613,100,1899589158219444414,1898747905512702416,7140dibdnow9c7btw4b3o350u0i5bioys4cy52vvi0t2u
The University Bridge has reopened to traffic at  12:08 PM on 03/09/2025,1898813086813102245,1898813086813102245,100,1899589158219444414,1898747905512702416,7140dibdnow9c7btw4b3o350u0i5bioys4cy52vvi0t2u
The Fremont Bridge has closed to traffic at  12:20 PM on 03/09/2025,1898816109740237050,1898816109740237050,100,1899589158219444414,1898747905512702416,7140dibdnow9c7btw4b3o350u0i5bioys4cy52vvi0t2u
The Fremont Bridge has reopened to traffic at  12:27 PM on 03/09/2025,1898817874963185721,1898817874963185721,100,1899589158219444414,1898747905512702416,7140dibdnow9c7btw4b3o350u0i5bioys4cy52vvi0t2u
The Ballard Bridge has closed to traffic at  12:33 PM on 03/09/2025,1898819387223928895,1898819387223928895,100,1899589158219444414,1898747905512702416,7140dibdnow9c7btw4b3o350u0i5bioys4cy52vvi0t2u
The Ballard Bridge has reopened to traffic at  12:37 PM on 03/09/2025,1898820332057940283,1898820332057940283,100,1899589158219444414,1898747905512702416,7140dibdnow9c7btw4b3o350u0i5bioys4cy52vvi0t2u
The Montlake Bridge has closed to traffic at  02:03 PM on 03/09/2025,1898841989522899287,1898841989522899287,100,1899589158219444414,1898747905512702416,7140dibdnow9c7btw4b3o350u0i5bioys4cy52vvi0t2u
The Montlake Bridge has reopened to traffic at  02:08 PM on 03/09/2025,1898843248841678957,1898843248841678957,100,1899589158219444414,1898747905512702416,7140dibdnow9c7btw4b3o350u0i5bioys4cy52vvi0t2u
The University Bridge has closed to traffic at  02:13 PM on 03/09/2025,1898844509397778774,1898844509397778774,100,1899589158219444414,1898747905512702416,7140dibdnow9c7btw4b3o350u0i5bioys4cy52vvi0t2u
The University Bridge has reopened to traffic at  02:17 PM on 03/09/2025,1898845517070905765,1898845517070905765,100,1899589158219444414,1898747905512702416,7140dibdnow9c7btw4b3o350u0i5bioys4cy52vvi0t2u
The Fremont Bridge has closed to traffic at  02:30 PM on 03/09/2025,1898848791656325571,1898848791656325571,100,1899589158219444414,1898747905512702416,7140dibdnow9c7btw4b3o350u0i5bioys4cy52vvi0t2u
The Fremont Bridge has reopened to traffic at  02:37 PM on 03/09/2025,1898850556107690439,1898850556107690439,100,1899589158219444414,1898747905512702416,7140dibdnow9c7btw4b3o350u0i5bioys4cy52vvi0t2u
The Ballard Bridge has closed to traffic at  02:44 PM on 03/09/2025,1898852320471093653,1898852320471093653,100,1899589158219444414,1898747905512702416,7140dibdnow9c7btw4b3o350u0i5bioys4cy52vvi0t2u
The Ballard Bridge has reopened to traffic at  02:48 PM on 03/09/2025,1898853327968018630,1898853327968018630,100,1899589158219444414,1898747905512702416,7140dibdnow9c7btw4b3o350u0i5bioys4cy52vvi0t2u
The Fremont Bridge has closed to traffic at  04:36 PM on 03/09/2025,1898880525676470518,1898880525676470518,100,1899589158219444414,1898747905512702416,7140dibdnow9c7btw4b3o350u0i5bioys4cy52vvi0t2u
The Fremont Bridge has reopened to traffic at  04:42 PM on 03/09/2025,1898882038167670893,1898882038167670893,100,1899589158219444414,1898747905512702416,7140dibdnow9c7btw4b3o350u0i5bioys4cy52vvi0t2u
The Fremont Bridge has closed to traffic at  05:28 PM on 03/09/2025,1898893622919266607,1898893622919266607,100,1899589158219444414,1898747905512702416,7140dibdnow9c7btw4b3o350u0i5bioys4cy52vvi0t2u
The Fremont Bridge has reopened to traffic at  05:34 PM on 03/09/2025,1898895135171371145,1898895135171371145,100,1899589158219444414,1898747905512702416,7140dibdnow9c7btw4b3o350u0i5bioys4cy52vvi0t2u
The Fremont Bridge has closed to traffic at  06:10 PM on 03/09/2025,1898904138723070199,1898904138723070199,100,1899589158219444414,1898747905512702416,7140dibdnow9c7btw4b3o350u0i5bioys4cy52vvi0t2u
The Fremont Bridge has reopened to traffic at  06:15 PM on 03/09/2025,1898905398343782775,1898905398343782775,100,1899589158219444414,1898747905512702416,7140dibdnow9c7btw4b3o350u0i5bioys4cy52vvi0t2u
The Fremont Bridge has closed to traffic at  06:47 PM on 03/09/2025,1898913457870872810,1898913457870872810,100,1899589158219444414,1898747905512702416,7140dibdnow9c7btw4b3o350u0i5bioys4cy52vvi0t2u
The Fremont Bridge has reopened to traffic at  06:54 PM on 03/09/2025,1898915222079013307,1898915222079013307,100,1899589158219444414,1898747905512702416,7140dibdnow9c7btw4b3o350u0i5bioys4cy52vvi0t2u
The Fremont Bridge has closed to traffic at  08:25 PM on 03/09/2025,1898938136442585314,1898938136442585314,100,1899589158219444414,1898747905512702416,7140dibdnow9c7btw4b3o350u0i5bioys4cy52vvi0t2u
The Fremont Bridge has reopened to traffic at  08:32 PM on 03/09/2025,1898939900478869602,1898939900478869602,100,1899589158219444414,1898747905512702416,7140dibdnow9c7btw4b3o350u0i5bioys4cy52vvi0t2u
The Ballard Bridge has closed to traffic at  09:04 PM on 03/09/2025,1898947959322214439,1898947959322214439,100,1899589158219444414,1898747905512702416,7140dibdnow9c7btw4b3o350u0i5bioys4cy52vvi0t2u
The Ballard Bridge has reopened to traffic at  09:07 PM on 03/09/2025,1898948715081257195,1898948715081257195,100,1899589158219444414,1898747905512702416,7140dibdnow9c7btw4b3o350u0i5bioys4cy52vvi0t2u
The Fremont Bridge has closed to traffic at  09:17 PM on 03/09/2025,1898951234708808157,1898951234708808157,100,1899589158219444414,1898747905512702416,7140dibdnow9c7btw4b3o350u0i5bioys4cy52vvi0t2u
The Fremont Bridge has reopened to traffic at  09:23 PM on 03/09/2025,1898952747220951304,1898952747220951304,100,1899589158219444414,1898747905512702416,7140dibdnow9c7btw4b3o350u0i5bioys4cy52vvi0t2u
The 1st Ave S Bridge has reopened to traffic at  01:58 AM on 03/10/2025,1899021969867370613,1899021969867370613,100,1899589158219444414,1898747905512702416,7140dibdnow9c7btw4b3o350u0i5bioys4cy52vvi0t2u
The 1st Ave S Bridge has closed to traffic at  09:11 AM on 03/10/2025,1899130879429247100,1899130879429247100,100,1899589158219444414,1898747905512702416,7140dibdnow9c7btw4b3o350u0i5bioys4cy52vvi0t2u
The 1st Ave S Bridge has reopened to traffic at  09:17 AM on 03/10/2025,1899132391882707005,1899132391882707005,100,1899589158219444414,1898747905512702416,7140dibdnow9c7btw4b3o350u0i5bioys4cy52vvi0t2u
The 1st Ave S Bridge has closed to traffic at  09:28 AM on 03/10/2025,1899135164107878791,1899135164107878791,100,1899589158219444414,1898747905512702416,7140dibdnow9c7btw4b3o350u0i5bioys4cy52vvi0t2u
The 1st Ave S Bridge has reopened to traffic at  09:38 AM on 03/10/2025,1899137683718603249,1899137683718603249,100,1899589158219444414,1898747905512702416,7140dibdnow9c7btw4b3o350u0i5bioys4cy52vvi0t2u
The 1st Ave S Bridge has closed to traffic at  11:20 AM on 03/10/2025,1899163371385291237,1899163371385291237,100,1899589158219444414,1898747905512702416,7140dibdnow9c7btw4b3o350u0i5bioys4cy52vvi0t2u
The 1st Ave S Bridge has reopened to traffic at  11:27 AM on 03/10/2025,1899165135773774064,1899165135773774064,100,1899589158219444414,1898747905512702416,7140dibdnow9c7btw4b3o350u0i5bioys4cy52vvi0t2u
The Fremont Bridge has closed to traffic at  01:45 PM on 03/10/2025,1899199838954336406,1899199838954336406,100,1899589158219444414,1898747905512702416,7140dibdnow9c7btw4b3o350u0i5bioys4cy52vvi0t2u
The Fremont Bridge has reopened to traffic at  01:50 PM on 03/10/2025,1899201098994553218,1899201098994553218,100,1899589158219444414,1898747905512702416,7140dibdnow9c7btw4b3o350u0i5bioys4cy52vvi0t2u
The University Bridge has closed to traffic at  02:06 PM on 03/10/2025,1899205130207240254,1899205130207240254,100,1899589158219444414,1898747905512702416,7140dibdnow9c7btw4b3o350u0i5bioys4cy52vvi0t2u
The 1st Ave S Bridge has closed to traffic at  02:07 PM on 03/10/2025,1899205382456930596,1899205382456930596,100,1899589158219444414,1898747905512702416,7140dibdnow9c7btw4b3o350u0i5bioys4cy52vvi0t2u
The University Bridge has reopened to traffic at  02:11 PM on 03/10/2025,1899206390268547476,1899206390268547476,100,1899589158219444414,1898747905512702416,7140dibdnow9c7btw4b3o350u0i5bioys4cy52vvi0t2u
The 1st Ave S Bridge has reopened to traffic at  02:13 PM on 03/10/2025,1899206894360879232,1899206894360879232,100,1899589158219444414,1898747905512702416,7140dibdnow9c7btw4b3o350u0i5bioys4cy52vvi0t2u
The Fremont Bridge has closed to traffic at  02:26 PM on 03/10/2025,1899210169718100104,1899210169718100104,100,1899589158219444414,1898747905512702416,7140dibdnow9c7btw4b3o350u0i5bioys4cy52vvi0t2u
The Fremont Bridge has reopened to traffic at  02:31 PM on 03/10/2025,1899211430458703969,1899211430458703969,100,1899589158219444414,1898747905512702416,7140dibdnow9c7btw4b3o350u0i5bioys4cy52vvi0t2u
The Ballard Bridge has closed to traffic at  02:48 PM on 03/10/2025,1899215712734040487,1899215712734040487,100,1899589158219444414,1898747905512702416,7140dibdnow9c7btw4b3o350u0i5bioys4cy52vvi0t2u
The Ballard Bridge has reopened to traffic at  02:52 PM on 03/10/2025,1899216720356843971,1899216720356843971,100,1899589158219444414,1898747905512702416,7140dibdnow9c7btw4b3o350u0i5bioys4cy52vvi0t2u
The Ballard Bridge has closed to traffic at  02:55 PM on 03/10/2025,1899217476153671814,1899217476153671814,100,1899589158219444414,1898747905512702416,7140dibdnow9c7btw4b3o350u0i5bioys4cy52vvi0t2u
The Ballard Bridge has reopened to traffic at  03:01 PM on 03/10/2025,1899218987558572510,1899218987558572510,100,1899589158219444414,1898747905512702416,7140dibdnow9c7btw4b3o350u0i5bioys4cy52vvi0t2u
The Fremont Bridge has closed to traffic at  03:07 PM on 03/10/2025,1899220499521216895,1899220499521216895,100,1899589158219444414,1898747905512702416,7140dibdnow9c7btw4b3o350u0i5bioys4cy52vvi0t2u
The Fremont Bridge has reopened to traffic at  03:13 PM on 03/10/2025,1899222010498327028,1899222010498327028,100,1899589158219444414,1898747905512702416,7140dibdnow9c7btw4b3o350u0i5bioys4cy52vvi0t2u
The University Bridge has closed to traffic at  03:23 PM on 03/10/2025,1899224530742296995,1899224530742296995,100,1899589158219444414,1898747905512702416,7140dibdnow9c7btw4b3o350u0i5bioys4cy52vvi0t2u
The University Bridge has reopened to traffic at  03:28 PM on 03/10/2025,1899225790056931435,1899225790056931435,100,1899589158219444414,1898747905512702416,7140dibdnow9c7btw4b3o350u0i5bioys4cy52vvi0t2u
The University Bridge has closed to traffic at  08:25 PM on 03/10/2025,1899300526959075759,1899300526959075759,100,1899589158219444414,1898747905512702416,7140dibdnow9c7btw4b3o350u0i5bioys4cy52vvi0t2u
The University Bridge has reopened to traffic at  08:30 PM on 03/10/2025,1899301786407837751,1899301786407837751,100,1899589158219444414,1898747905512702416,7140dibdnow9c7btw4b3o350u0i5bioys4cy52vvi0t2u
The Fremont Bridge has closed to traffic at  08:39 PM on 03/10/2025,1899304054179963300,1899304054179963300,100,1899589158219444414,1898747905512702416,7140dibdnow9c7btw4b3o350u0i5bioys4cy52vvi0t2u
The Fremont Bridge has reopened to traffic at  08:45 PM on 03/10/2025,1899305565354107079,1899305565354107079,100,1899589158219444414,1898747905512702416,7140dibdnow9c7btw4b3o350u0i5bioys4cy52vvi0t2u
The Ballard Bridge has closed to traffic at  08:52 PM on 03/10/2025,1899307331755909187,1899307331755909187,100,1899589158219444414,1898747905512702416,7140dibdnow9c7btw4b3o350u0i5bioys4cy52vvi0t2u
The Ballard Bridge has reopened to traffic at  08:57 PM on 03/10/2025,1899308591229944022,1899308591229944022,100,1899589158219444414,1898747905512702416,7140dibdnow9c7btw4b3o350u0i5bioys4cy52vvi0t2u
The Ballard Bridge has closed to traffic at  09:01 AM on 03/11/2025,1899490790659023247,1899490790659023247,100,1899589158219444414,1898747905512702416,7140dibdnow9c7btw4b3o350u0i5bioys4cy52vvi0t2u
The Ballard Bridge has reopened to traffic at  09:06 AM on 03/11/2025,1899492050221084698,1899492050221084698,100,1899589158219444414,1898747905512702416,7140dibdnow9c7btw4b3o350u0i5bioys4cy52vvi0t2u
The 1st Ave S Bridge has closed to traffic at  09:26 AM on 03/11/2025,1899497089895473537,1899497089895473537,100,1899589158219444414,1898747905512702416,7140dibdnow9c7btw4b3o350u0i5bioys4cy52vvi0t2u
The 1st Ave S Bridge has reopened to traffic at  09:29 AM on 03/11/2025,1899497845658620146,1899497845658620146,100,1899589158219444414,1898747905512702416,7140dibdnow9c7btw4b3o350u0i5bioys4cy52vvi0t2u
The 1st Ave S Bridge has closed to traffic at  10:46 AM on 03/11/2025,1899517235473047944,1899517235473047944,100,1899589158219444414,1898747905512702416,7140dibdnow9c7btw4b3o350u0i5bioys4cy52vvi0t2u
The 1st Ave S Bridge has reopened to traffic at  10:52 AM on 03/11/2025,1899518746978590910,1899518746978590910,100,1899589158219444414,1898747905512702416,7140dibdnow9c7btw4b3o350u0i5bioys4cy52vvi0t2u
The Fremont Bridge has closed to traffic at  11:54 AM on 03/11/2025,1899534300879687754,1899534300879687754,100,1899589158219444414,1898747905512702416,7140dibdnow9c7btw4b3o350u0i5bioys4cy52vvi0t2u
The Fremont Bridge has reopened to traffic at  11:59 AM on 03/11/2025,1899535560483729730,1899535560483729730,100,1899589158219444414,1898747905512702416,7140dibdnow9c7btw4b3o350u0i5bioys4cy52vvi0t2u
The Ballard Bridge has closed to traffic at  12:13 PM on 03/11/2025,1899539087104913728,1899539087104913728,100,1899589158219444414,1898747905512702416,7140dibdnow9c7btw4b3o350u0i5bioys4cy52vvi0t2u
The Ballard Bridge has reopened to traffic at  12:17 PM on 03/11/2025,1899540094899589584,1899540094899589584,100,1899589158219444414,1898747905512702416,7140dibdnow9c7btw4b3o350u0i5bioys4cy52vvi0t2u
The 1st Ave S Bridge has closed to traffic at  01:21 PM on 03/11/2025,1899556212238381376,1899556212238381376,100,1899589158219444414,1898747905512702416,7140dibdnow9c7btw4b3o350u0i5bioys4cy52vvi0t2u
The 1st Ave S Bridge has reopened to traffic at  01:29 PM on 03/11/2025,1899558228297719812,1899558228297719812,100,1899589158219444414,1898747905512702416,7140dibdnow9c7btw4b3o350u0i5bioys4cy52vvi0t2u
The 1st Ave S Bridge has closed to traffic at  01:42 PM on 03/11/2025,1899561503742964034,1899561503742964034,100,1899589158219444414,1898747905512702416,7140dibdnow9c7btw4b3o350u0i5bioys4cy52vvi0t2u
The 1st Ave S Bridge has reopened to traffic at  01:44 PM on 03/11/2025,1899562007885652346,1899562007885652346,100,1899589158219444414,1898747905512702416,7140dibdnow9c7btw4b3o350u0i5bioys4cy52vvi0t2u
The Fremont Bridge has closed to traffic at  01:52 PM on 03/11/2025,1899564024444092446,1899564024444092446,100,1899589158219444414,1898747905512702416,7140dibdnow9c7btw4b3o350u0i5bioys4cy52vvi0t2u
The Fremont Bridge has reopened to traffic at  01:57 PM on 03/11/2025,1899565284257918978,1899565284257918978,100,1899589158219444414,1898747905512702416,7140dibdnow9c7btw4b3o350u0i5bioys4cy52vvi0t2u
The Montlake Bridge has closed to traffic at  02:01 PM on 03/11/2025,1899566292027547927,1899566292027547927,100,1899589158219444414,1898747905512702416,7140dibdnow9c7btw4b3o350u0i5bioys4cy52vvi0t2u
The Montlake Bridge has reopened to traffic at  02:06 PM on 03/11/2025,1899567551920877639,1899567551920877639,100,1899589158219444414,1898747905512702416,7140dibdnow9c7btw4b3o350u0i5bioys4cy52vvi0t2u
The University Bridge has closed to traffic at  02:10 PM on 03/11/2025,1899568559841509641,1899568559841509641,100,1899589158219444414,1898747905512702416,7140dibdnow9c7btw4b3o350u0i5bioys4cy52vvi0t2u
The University Bridge has reopened to traffic at  02:15 PM on 03/11/2025,1899569820003352772,1899569820003352772,100,1899589158219444414,1898747905512702416,7140dibdnow9c7btw4b3o350u0i5bioys4cy52vvi0t2u
The Ballard Bridge has closed to traffic at  02:58 PM on 03/11/2025,1899580651436945769,1899580651436945769,100,1899589158219444414,1898747905512702416,7140dibdnow9c7btw4b3o350u0i5bioys4cy52vvi0t2u
The Ballard Bridge has reopened to traffic at  03:02 PM on 03/11/2025,1899581659097477214,1899581659097477214,100,1899589158219444414,1898747905512702416,7140dibdnow9c7btw4b3o350u0i5bioys4cy52vvi0t2u
The Ballard Bridge has closed to traffic at  03:11 PM on 03/11/2025,1899583927549059453,1899583927549059453,100,1899589158219444414,1898747905512702416,7140dibdnow9c7btw4b3o350u0i5bioys4cy52vvi0t2u
The Ballard Bridge has reopened to traffic at  03:18 PM on 03/11/2025,1899585629060784180,1899585629060784180,100,1899589158219444414,1898747905512702416,7140dibdnow9c7btw4b3o350u0i5bioys4cy52vvi0t2u
The Fremont Bridge has closed to traffic at  03:25 PM on 03/11/2025,1899587394036486497,1899587394036486497,100,1899589158219444414,1898747905512702416,7140dibdnow9c7btw4b3o350u0i5bioys4cy52vvi0t2u
The Fremont Bridge has reopened to traffic at  03:32 PM on 03/11/2025,1899589158219444414,1899589158219444414,100,1899589158219444414,1898747905512702416,7140dibdnow9c7btw4b3o350u0i5bioys4cy52vvi0t2u
The University Bridge has closed to traffic at  03:42 PM on 03/11/2025,1899591677553340475,1899591677553340475,100,1900291559968710861,1899591677553340475,7140dibdnow9c7btw4b3o595m1jmw3vabw8ur76l3vygl
The University Bridge has reopened to traffic at  03:48 PM on 03/11/2025,1899593188941381999,1899593188941381999,100,1900291559968710861,1899591677553340475,7140dibdnow9c7btw4b3o595m1jmw3vabw8ur76l3vygl
The University Bridge has closed to traffic at  08:08 PM on 03/11/2025,1899658660021965098,1899658660021965098,100,1900291559968710861,1899591677553340475,7140dibdnow9c7btw4b3o595m1jmw3vabw8ur76l3vygl
The University Bridge has reopened to traffic at  08:14 PM on 03/11/2025,1899660171145867429,1899660171145867429,100,1900291559968710861,1899591677553340475,7140dibdnow9c7btw4b3o595m1jmw3vabw8ur76l3vygl
The Fremont Bridge has closed to traffic at  08:22 PM on 03/11/2025,1899662188681560082,1899662188681560082,100,1900291559968710861,1899591677553340475,7140dibdnow9c7btw4b3o595m1jmw3vabw8ur76l3vygl
The Fremont Bridge has reopened to traffic at  08:28 PM on 03/11/2025,1899663699654455466,1899663699654455466,100,1900291559968710861,1899591677553340475,7140dibdnow9c7btw4b3o595m1jmw3vabw8ur76l3vygl
The Ballard Bridge has closed to traffic at  08:34 PM on 03/11/2025,1899665210736304548,1899665210736304548,100,1900291559968710861,1899591677553340475,7140dibdnow9c7btw4b3o595m1jmw3vabw8ur76l3vygl
The Ballard Bridge has reopened to traffic at  08:39 PM on 03/11/2025,1899666407237062723,1899666407237062723,100,1900291559968710861,1899591677553340475,7140dibdnow9c7btw4b3o595m1jmw3vabw8ur76l3vygl
The Fremont Bridge has closed to traffic at  06:12 AM on 03/12/2025,1899810631899107460,1899810631899107460,100,1900291559968710861,1899591677553340475,7140dibdnow9c7btw4b3o595m1jmw3vabw8ur76l3vygl
The Fremont Bridge has reopened to traffic at  06:17 AM on 03/12/2025,1899811891343712306,1899811891343712306,100,1900291559968710861,1899591677553340475,7140dibdnow9c7btw4b3o595m1jmw3vabw8ur76l3vygl
The University Bridge has closed to traffic at  06:42 AM on 03/12/2025,1899818190307479752,1899818190307479752,100,1900291559968710861,1899591677553340475,7140dibdnow9c7btw4b3o595m1jmw3vabw8ur76l3vygl
The University Bridge has reopened to traffic at  06:47 AM on 03/12/2025,1899819449802473782,1899819449802473782,100,1900291559968710861,1899591677553340475,7140dibdnow9c7btw4b3o595m1jmw3vabw8ur76l3vygl
The Montlake Bridge has closed to traffic at  06:49 AM on 03/12/2025,1899819953735520445,1899819953735520445,100,1900291559968710861,1899591677553340475,7140dibdnow9c7btw4b3o595m1jmw3vabw8ur76l3vygl
The Montlake Bridge has reopened to traffic at  06:55 AM on 03/12/2025,1899821464892870824,1899821464892870824,100,1900291559968710861,1899591677553340475,7140dibdnow9c7btw4b3o595m1jmw3vabw8ur76l3vygl
The Fremont Bridge has closed to traffic at  09:19 AM on 03/12/2025,1899857727410893037,1899857727410893037,100,1900291559968710861,1899591677553340475,7140dibdnow9c7btw4b3o595m1jmw3vabw8ur76l3vygl
The Fremont Bridge has reopened to traffic at  09:25 AM on 03/12/2025,1899859239100965192,1899859239100965192,100,1900291559968710861,1899591677553340475,7140dibdnow9c7btw4b3o595m1jmw3vabw8ur76l3vygl
The 1st Ave S Bridge has closed to traffic at  10:01 AM on 03/12/2025,1899868244120657962,1899868244120657962,100,1900291559968710861,1899591677553340475,7140dibdnow9c7btw4b3o595m1jmw3vabw8ur76l3vygl
The 1st Ave S Bridge has reopened to traffic at  10:13 AM on 03/12/2025,1899871269425938578,1899871269425938578,100,1900291559968710861,1899591677553340475,7140dibdnow9c7btw4b3o595m1jmw3vabw8ur76l3vygl
The 1st Ave S Bridge has closed to traffic at  10:40 AM on 03/12/2025,1899878071198769392,1899878071198769392,100,1900291559968710861,1899591677553340475,7140dibdnow9c7btw4b3o595m1jmw3vabw8ur76l3vygl
The 1st Ave S Bridge has reopened to traffic at  10:43 AM on 03/12/2025,1899878827297563067,1899878827297563067,100,1900291559968710861,1899591677553340475,7140dibdnow9c7btw4b3o595m1jmw3vabw8ur76l3vygl
The Ballard Bridge has closed to traffic at  11:04 AM on 03/12/2025,1899884119246659659,1899884119246659659,100,1900291559968710861,1899591677553340475,7140dibdnow9c7btw4b3o595m1jmw3vabw8ur76l3vygl
The Ballard Bridge has reopened to traffic at  11:09 AM on 03/12/2025,1899885378729107622,1899885378729107622,100,1900291559968710861,1899591677553340475,7140dibdnow9c7btw4b3o595m1jmw3vabw8ur76l3vygl
The 1st Ave S Bridge has closed to traffic at  11:27 AM on 03/12/2025,1899889935844614637,1899889935844614637,100,1900291559968710861,1899591677553340475,7140dibdnow9c7btw4b3o595m1jmw3vabw8ur76l3vygl
The 1st Ave S Bridge has reopened to traffic at  11:36 AM on 03/12/2025,1899892204568797435,1899892204568797435,100,1900291559968710861,1899591677553340475,7140dibdnow9c7btw4b3o595m1jmw3vabw8ur76l3vygl
The Ballard Bridge has closed to traffic at  12:21 PM on 03/12/2025,1899903474592342454,1899903474592342454,100,1900291559968710861,1899591677553340475,7140dibdnow9c7btw4b3o595m1jmw3vabw8ur76l3vygl
The Ballard Bridge has reopened to traffic at  12:25 PM on 03/12/2025,1899904482521338182,1899904482521338182,100,1900291559968710861,1899591677553340475,7140dibdnow9c7btw4b3o595m1jmw3vabw8ur76l3vygl
The Fremont Bridge has closed to traffic at  12:34 PM on 03/12/2025,1899906750893191315,1899906750893191315,100,1900291559968710861,1899591677553340475,7140dibdnow9c7btw4b3o595m1jmw3vabw8ur76l3vygl
The Fremont Bridge has reopened to traffic at  12:39 PM on 03/12/2025,1899908010253967584,1899908010253967584,100,1900291559968710861,1899591677553340475,7140dibdnow9c7btw4b3o595m1jmw3vabw8ur76l3vygl
The 1st Ave S Bridge has closed to traffic at  01:20 PM on 03/12/2025,1899918338035445868,1899918338035445868,100,1900291559968710861,1899591677553340475,7140dibdnow9c7btw4b3o595m1jmw3vabw8ur76l3vygl
The 1st Ave S Bridge has reopened to traffic at  01:27 PM on 03/12/2025,1899920103132844533,1899920103132844533,100,1900291559968710861,1899591677553340475,7140dibdnow9c7btw4b3o595m1jmw3vabw8ur76l3vygl
The 1st Ave S Bridge has closed to traffic at  02:47 PM on 03/12/2025,1899940250488889814,1899940250488889814,100,1900291559968710861,1899591677553340475,7140dibdnow9c7btw4b3o595m1jmw3vabw8ur76l3vygl
The 1st Ave S Bridge has reopened to traffic at  02:54 PM on 03/12/2025,1899942014881587688,1899942014881587688,100,1900291559968710861,1899591677553340475,7140dibdnow9c7btw4b3o595m1jmw3vabw8ur76l3vygl
The Ballard Bridge has closed to traffic at  06:01 PM on 03/12/2025,1899989045612347509,1899989045612347509,100,1900291559968710861,1899591677553340475,7140dibdnow9c7btw4b3o595m1jmw3vabw8ur76l3vygl
The Ballard Bridge has reopened to traffic at  06:05 PM on 03/12/2025,1899990053482619240,1899990053482619240,100,1900291559968710861,1899591677553340475,7140dibdnow9c7btw4b3o595m1jmw3vabw8ur76l3vygl
The Fremont Bridge has closed to traffic at  06:12 PM on 03/12/2025,1899991818047283366,1899991818047283366,100,1900291559968710861,1899591677553340475,7140dibdnow9c7btw4b3o595m1jmw3vabw8ur76l3vygl
The Fremont Bridge has reopened to traffic at  06:19 PM on 03/12/2025,1899993582884577675,1899993582884577675,100,1900291559968710861,1899591677553340475,7140dibdnow9c7btw4b3o595m1jmw3vabw8ur76l3vygl
The University Bridge has closed to traffic at  06:29 PM on 03/12/2025,1899996102524600488,1899996102524600488,100,1900291559968710861,1899591677553340475,7140dibdnow9c7btw4b3o595m1jmw3vabw8ur76l3vygl
The University Bridge has reopened to traffic at  06:34 PM on 03/12/2025,1899997361826652465,1899997361826652465,100,1900291559968710861,1899591677553340475,7140dibdnow9c7btw4b3o595m1jmw3vabw8ur76l3vygl
The University Bridge has closed to traffic at  06:47 PM on 03/12/2025,1900000637091537339,1900000637091537339,100,1900291559968710861,1899591677553340475,7140dibdnow9c7btw4b3o595m1jmw3vabw8ur76l3vygl
The University Bridge has reopened to traffic at  06:51 PM on 03/12/2025,1900001644580135103,1900001644580135103,100,1900291559968710861,1899591677553340475,7140dibdnow9c7btw4b3o595m1jmw3vabw8ur76l3vygl
The Montlake Bridge has closed to traffic at  07:01 PM on 03/12/2025,1900004164002078795,1900004164002078795,100,1900291559968710861,1899591677553340475,7140dibdnow9c7btw4b3o595m1jmw3vabw8ur76l3vygl
The Montlake Bridge has reopened to traffic at  07:06 PM on 03/12/2025,1900005423413174407,1900005423413174407,100,1900291559968710861,1899591677553340475,7140dibdnow9c7btw4b3o595m1jmw3vabw8ur76l3vygl
The Montlake Bridge has closed to traffic at  07:39 PM on 03/12/2025,1900013735311442371,1900013735311442371,100,1900291559968710861,1899591677553340475,7140dibdnow9c7btw4b3o595m1jmw3vabw8ur76l3vygl
The Montlake Bridge has reopened to traffic at  07:45 PM on 03/12/2025,1900015246556938533,1900015246556938533,100,1900291559968710861,1899591677553340475,7140dibdnow9c7btw4b3o595m1jmw3vabw8ur76l3vygl
The University Bridge has closed to traffic at  07:48 PM on 03/12/2025,1900016002353770603,1900016002353770603,100,1900291559968710861,1899591677553340475,7140dibdnow9c7btw4b3o595m1jmw3vabw8ur76l3vygl
The University Bridge has reopened to traffic at  07:53 PM on 03/12/2025,1900017261710368992,1900017261710368992,100,1900291559968710861,1899591677553340475,7140dibdnow9c7btw4b3o595m1jmw3vabw8ur76l3vygl
The 1st Ave S Bridge has closed to traffic at  09:36 PM on 03/12/2025,1900043199655403976,1900043199655403976,100,1900291559968710861,1899591677553340475,7140dibdnow9c7btw4b3o595m1jmw3vabw8ur76l3vygl
The 1st Ave S Bridge has reopened to traffic at  09:37 PM on 03/12/2025,1900043451917623585,1900043451917623585,100,1900291559968710861,1899591677553340475,7140dibdnow9c7btw4b3o595m1jmw3vabw8ur76l3vygl
The University Bridge has closed to traffic at  10:25 PM on 03/12/2025,1900055476341240028,1900055476341240028,100,1900291559968710861,1899591677553340475,7140dibdnow9c7btw4b3o595m1jmw3vabw8ur76l3vygl
The University Bridge has reopened to traffic at  10:30 PM on 03/12/2025,1900056735853011378,1900056735853011378,100,1900291559968710861,1899591677553340475,7140dibdnow9c7btw4b3o595m1jmw3vabw8ur76l3vygl
The Fremont Bridge has closed to traffic at  10:40 PM on 03/12/2025,1900059255711158553,1900059255711158553,100,1900291559968710861,1899591677553340475,7140dibdnow9c7btw4b3o595m1jmw3vabw8ur76l3vygl
The Fremont Bridge has reopened to traffic at  10:45 PM on 03/12/2025,1900060515004776577,1900060515004776577,100,1900291559968710861,1899591677553340475,7140dibdnow9c7btw4b3o595m1jmw3vabw8ur76l3vygl
The Ballard Bridge has closed to traffic at  10:52 PM on 03/12/2025,1900062279233921360,1900062279233921360,100,1900291559968710861,1899591677553340475,7140dibdnow9c7btw4b3o595m1jmw3vabw8ur76l3vygl
The Ballard Bridge has reopened to traffic at  10:56 PM on 03/12/2025,1900063287230029848,1900063287230029848,100,1900291559968710861,1899591677553340475,7140dibdnow9c7btw4b3o595m1jmw3vabw8ur76l3vygl
The 1st Ave S Bridge has closed to traffic at  03:44 AM on 03/13/2025,1900135810277802243,1900135810277802243,100,1900291559968710861,1899591677553340475,7140dibdnow9c7btw4b3o595m1jmw3vabw8ur76l3vygl
The 1st Ave S Bridge has reopened to traffic at  03:45 AM on 03/13/2025,1900136062380614090,1900136062380614090,100,1900291559968710861,1899591677553340475,7140dibdnow9c7btw4b3o595m1jmw3vabw8ur76l3vygl
The 1st Ave S Bridge has closed to traffic at  04:16 AM on 03/13/2025,1900143808085713013,1900143808085713013,100,1900291559968710861,1899591677553340475,7140dibdnow9c7btw4b3o595m1jmw3vabw8ur76l3vygl
The 1st Ave S Bridge has reopened to traffic at  04:22 AM on 03/13/2025,1900145319310221518,1900145319310221518,100,1900291559968710861,1899591677553340475,7140dibdnow9c7btw4b3o595m1jmw3vabw8ur76l3vygl
The 1st Ave S Bridge has closed to traffic at  05:06 AM on 03/13/2025,1900156400179044612,1900156400179044612,100,1900291559968710861,1899591677553340475,7140dibdnow9c7btw4b3o595m1jmw3vabw8ur76l3vygl
The 1st Ave S Bridge has reopened to traffic at  05:10 AM on 03/13/2025,1900157407877353913,1900157407877353913,100,1900291559968710861,1899591677553340475,7140dibdnow9c7btw4b3o595m1jmw3vabw8ur76l3vygl
The 1st Ave S Bridge has closed to traffic at  05:29 AM on 03/13/2025,1900162193725022673,1900162193725022673,100,1900291559968710861,1899591677553340475,7140dibdnow9c7btw4b3o595m1jmw3vabw8ur76l3vygl
The 1st Ave S Bridge has reopened to traffic at  05:35 AM on 03/13/2025,1900163704949551497,1900163704949551497,100,1900291559968710861,1899591677553340475,7140dibdnow9c7btw4b3o595m1jmw3vabw8ur76l3vygl
The Fremont Bridge has closed to traffic at  06:48 AM on 03/13/2025,1900182088810455158,1900182088810455158,100,1900291559968710861,1899591677553340475,7140dibdnow9c7btw4b3o595m1jmw3vabw8ur76l3vygl
The Fremont Bridge has reopened to traffic at  06:54 AM on 03/13/2025,1900183599959482511,1900183599959482511,100,1900291559968710861,1899591677553340475,7140dibdnow9c7btw4b3o595m1jmw3vabw8ur76l3vygl
The Ballard Bridge has closed to traffic at  09:12 AM on 03/13/2025,1900218355094872286,1900218355094872286,100,1900291559968710861,1899591677553340475,7140dibdnow9c7btw4b3o595m1jmw3vabw8ur76l3vygl
The Ballard Bridge has reopened to traffic at  09:15 AM on 03/13/2025,1900219111453712395,1900219111453712395,100,1900291559968710861,1899591677553340475,7140dibdnow9c7btw4b3o595m1jmw3vabw8ur76l3vygl
The Ballard Bridge has closed to traffic at  09:31 AM on 03/13/2025,1900223084571103526,1900223084571103526,100,1900291559968710861,1899591677553340475,7140dibdnow9c7btw4b3o595m1jmw3vabw8ur76l3vygl
The Ballard Bridge has reopened to traffic at  09:35 AM on 03/13/2025,1900224092386820166,1900224092386820166,100,1900291559968710861,1899591677553340475,7140dibdnow9c7btw4b3o595m1jmw3vabw8ur76l3vygl
The 1st Ave S Bridge has closed to traffic at  09:51 AM on 03/13/2025,1900228124471943630,1900228124471943630,100,1900291559968710861,1899591677553340475,7140dibdnow9c7btw4b3o595m1jmw3vabw8ur76l3vygl
The Ballard Bridge has closed to traffic at  09:52 AM on 03/13/2025,1900228376843210913,1900228376843210913,100,1900291559968710861,1899591677553340475,7140dibdnow9c7btw4b3o595m1jmw3vabw8ur76l3vygl
The 1st Ave S Bridge has reopened to traffic at  09:56 AM on 03/13/2025,1900229384516309494,1900229384516309494,100,1900291559968710861,1899591677553340475,7140dibdnow9c7btw4b3o595m1jmw3vabw8ur76l3vygl
The 1st Ave S Bridge has closed to traffic at  09:57 AM on 03/13/2025,1900229636698890684,1900229636698890684,100,1900291559968710861,1899591677553340475,7140dibdnow9c7btw4b3o595m1jmw3vabw8ur76l3vygl
The Ballard Bridge has reopened to traffic at  09:57 AM on 03/13/2025,1900229637118320695,1900229637118320695,100,1900291559968710861,1899591677553340475,7140dibdnow9c7btw4b3o595m1jmw3vabw8ur76l3vygl
The 1st Ave S Bridge has reopened to traffic at  10:07 AM on 03/13/2025,1900232156452184075,1900232156452184075,100,1900291559968710861,1899591677553340475,7140dibdnow9c7btw4b3o595m1jmw3vabw8ur76l3vygl
The Montlake Bridge has closed to traffic at  10:07 AM on 03/13/2025,1900232156833784219,1900232156833784219,100,1900291559968710861,1899591677553340475,7140dibdnow9c7btw4b3o595m1jmw3vabw8ur76l3vygl
The Montlake Bridge has reopened to traffic at  10:13 AM on 03/13/2025,1900233668091928621,1900233668091928621,100,1900291559968710861,1899591677553340475,7140dibdnow9c7btw4b3o595m1jmw3vabw8ur76l3vygl
The University Bridge has closed to traffic at  10:16 AM on 03/13/2025,1900234423888732463,1900234423888732463,100,1900291559968710861,1899591677553340475,7140dibdnow9c7btw4b3o595m1jmw3vabw8ur76l3vygl
The Ballard Bridge has closed to traffic at  10:19 AM on 03/13/2025,1900235179635204419,1900235179635204419,100,1900291559968710861,1899591677553340475,7140dibdnow9c7btw4b3o595m1jmw3vabw8ur76l3vygl
The University Bridge has reopened to traffic at  10:21 AM on 03/13/2025,1900235683710853552,1900235683710853552,100,1900291559968710861,1899591677553340475,7140dibdnow9c7btw4b3o595m1jmw3vabw8ur76l3vygl
The Ballard Bridge has reopened to traffic at  10:22 AM on 03/13/2025,1900235935994044828,1900235935994044828,100,1900291559968710861,1899591677553340475,7140dibdnow9c7btw4b3o595m1jmw3vabw8ur76l3vygl
The Fremont Bridge has closed to traffic at  10:34 AM on 03/13/2025,1900238959017681125,1900238959017681125,100,1900291559968710861,1899591677553340475,7140dibdnow9c7btw4b3o595m1jmw3vabw8ur76l3vygl
The 1st Ave S Bridge has closed to traffic at  10:35 AM on 03/13/2025,1900239211279888415,1900239211279888415,100,1900291559968710861,1899591677553340475,7140dibdnow9c7btw4b3o595m1jmw3vabw8ur76l3vygl
The 1st Ave S Bridge has reopened to traffic at  10:38 AM on 03/13/2025,1900239967089287521,1900239967089287521,100,1900291559968710861,1899591677553340475,7140dibdnow9c7btw4b3o595m1jmw3vabw8ur76l3vygl
The Fremont Bridge has reopened to traffic at  10:41 AM on 03/13/2025,1900240722898674125,1900240722898674125,100,1900291559968710861,1899591677553340475,7140dibdnow9c7btw4b3o595m1jmw3vabw8ur76l3vygl
The Ballard Bridge has closed to traffic at  10:45 AM on 03/13/2025,1900241730563432648,1900241730563432648,100,1900291559968710861,1899591677553340475,7140dibdnow9c7btw4b3o595m1jmw3vabw8ur76l3vygl
The Ballard Bridge has reopened to traffic at  10:50 AM on 03/13/2025,1900242990272307486,1900242990272307486,100,1900291559968710861,1899591677553340475,7140dibdnow9c7btw4b3o595m1jmw3vabw8ur76l3vygl
The Fremont Bridge has closed to traffic at  10:51 AM on 03/13/2025,1900243242509348870,1900243242509348870,100,1900291559968710861,1899591677553340475,7140dibdnow9c7btw4b3o595m1jmw3vabw8ur76l3vygl
The 1st Ave S Bridge has closed to traffic at  10:54 AM on 03/13/2025,1900243998327083290,1900243998327083290,100,1900291559968710861,1899591677553340475,7140dibdnow9c7btw4b3o595m1jmw3vabw8ur76l3vygl
The Fremont Bridge has reopened to traffic at  10:56 AM on 03/13/2025,1900244502306316796,1900244502306316796,100,1900291559968710861,1899591677553340475,7140dibdnow9c7btw4b3o595m1jmw3vabw8ur76l3vygl
The 1st Ave S Bridge has reopened to traffic at  11:04 AM on 03/13/2025,1900246518290145441,1900246518290145441,100,1900291559968710861,1899591677553340475,7140dibdnow9c7btw4b3o595m1jmw3vabw8ur76l3vygl
The Ballard Bridge has closed to traffic at  11:43 AM on 03/13/2025,1900256343111733628,1900256343111733628,100,1900291559968710861,1899591677553340475,7140dibdnow9c7btw4b3o595m1jmw3vabw8ur76l3vygl
The Ballard Bridge has reopened to traffic at  11:47 AM on 03/13/2025,1900257351082664113,1900257351082664113,100,1900291559968710861,1899591677553340475,7140dibdnow9c7btw4b3o595m1jmw3vabw8ur76l3vygl
The Ballard Bridge has closed to traffic at  12:14 PM on 03/13/2025,1900264152020771294,1900264152020771294,100,1900291559968710861,1899591677553340475,7140dibdnow9c7btw4b3o595m1jmw3vabw8ur76l3vygl
The Ballard Bridge has reopened to traffic at  12:18 PM on 03/13/2025,1900265159731667410,1900265159731667410,100,1900291559968710861,1899591677553340475,7140dibdnow9c7btw4b3o595m1jmw3vabw8ur76l3vygl
The Ballard Bridge has closed to traffic at  12:47 PM on 03/13/2025,1900272409992929670,1900272409992929670,100,1900291559968710861,1899591677553340475,7140dibdnow9c7btw4b3o595m1jmw3vabw8ur76l3vygl
The Ballard Bridge has reopened to traffic at  12:50 PM on 03/13/2025,1900273166381158441,1900273166381158441,100,1900291559968710861,1899591677553340475,7140dibdnow9c7btw4b3o595m1jmw3vabw8ur76l3vygl
The Ballard Bridge has closed to traffic at  01:41 PM on 03/13/2025,1900286016113828077,1900286016113828077,100,1900291559968710861,1899591677553340475,7140dibdnow9c7btw4b3o595m1jmw3vabw8ur76l3vygl
The Ballard Bridge has reopened to traffic at  01:46 PM on 03/13/2025,1900287276556718087,1900287276556718087,100,1900291559968710861,1899591677553340475,7140dibdnow9c7btw4b3o595m1jmw3vabw8ur76l3vygl
The Fremont Bridge has closed to traffic at  01:57 PM on 03/13/2025,1900290048119255282,1900290048119255282,100,1900291559968710861,1899591677553340475,7140dibdnow9c7btw4b3o595m1jmw3vabw8ur76l3vygl
The Fremont Bridge has reopened to traffic at  02:03 PM on 03/13/2025,1900291559968710861,1900291559968710861,100,1900291559968710861,1899591677553340475,7140dibdnow9c7btw4b3o595m1jmw3vabw8ur76l3vygl
The University Bridge has closed to traffic at  02:17 PM on 03/13/2025,1900295087915196524,1900295087915196524,100,1900948117580915064,1900295087915196524,7140dibdnow9c7btw4dzn3lfpigkyr10ypvhq5r9azeic
The University Bridge has reopened to traffic at  02:21 PM on 03/13/2025,1900296095710011855,1900296095710011855,100,1900948117580915064,1900295087915196524,7140dibdnow9c7btw4dzn3lfpigkyr10ypvhq5r9azeic
The Ballard Bridge has closed to traffic at  02:26 PM on 03/13/2025,1900297355091730656,1900297355091730656,100,1900948117580915064,1900295087915196524,7140dibdnow9c7btw4dzn3lfpigkyr10ypvhq5r9azeic
The Ballard Bridge has reopened to traffic at  02:30 PM on 03/13/2025,1900298364597789143,1900298364597789143,100,1900948117580915064,1900295087915196524,7140dibdnow9c7btw4dzn3lfpigkyr10ypvhq5r9azeic
The Montlake Bridge has closed to traffic at  02:31 PM on 03/13/2025,1900298617161998564,1900298617161998564,100,1900948117580915064,1900295087915196524,7140dibdnow9c7btw4dzn3lfpigkyr10ypvhq5r9azeic
The Montlake Bridge has reopened to traffic at  02:36 PM on 03/13/2025,1900299877508407781,1900299877508407781,100,1900948117580915064,1900295087915196524,7140dibdnow9c7btw4dzn3lfpigkyr10ypvhq5r9azeic
The Fremont Bridge has closed to traffic at  02:48 PM on 03/13/2025,1900302901987463473,1900302901987463473,100,1900948117580915064,1900295087915196524,7140dibdnow9c7btw4dzn3lfpigkyr10ypvhq5r9azeic
The Fremont Bridge has reopened to traffic at  02:52 PM on 03/13/2025,1900303909857747223,1900303909857747223,100,1900948117580915064,1900295087915196524,7140dibdnow9c7btw4dzn3lfpigkyr10ypvhq5r9azeic
The Ballard Bridge has closed to traffic at  06:02 PM on 03/13/2025,1900351695823266105,1900351695823266105,100,1900948117580915064,1900295087915196524,7140dibdnow9c7btw4dzn3lfpigkyr10ypvhq5r9azeic
The Ballard Bridge has reopened to traffic at  06:08 PM on 03/13/2025,1900353207584584184,1900353207584584184,100,1900948117580915064,1900295087915196524,7140dibdnow9c7btw4dzn3lfpigkyr10ypvhq5r9azeic
The Fremont Bridge has closed to traffic at  06:18 PM on 03/13/2025,1900355727027515422,1900355727027515422,100,1900948117580915064,1900295087915196524,7140dibdnow9c7btw4dzn3lfpigkyr10ypvhq5r9azeic
The Fremont Bridge has reopened to traffic at  06:24 PM on 03/13/2025,1900357238335983622,1900357238335983622,100,1900948117580915064,1900295087915196524,7140dibdnow9c7btw4dzn3lfpigkyr10ypvhq5r9azeic
The Ballard Bridge has closed to traffic at  06:25 PM on 03/13/2025,1900357490640117900,1900357490640117900,100,1900948117580915064,1900295087915196524,7140dibdnow9c7btw4dzn3lfpigkyr10ypvhq5r9azeic
The Ballard Bridge has reopened to traffic at  06:28 PM on 03/13/2025,1900358246541779018,1900358246541779018,100,1900948117580915064,1900295087915196524,7140dibdnow9c7btw4dzn3lfpigkyr10ypvhq5r9azeic
The University Bridge has closed to traffic at  06:35 PM on 03/13/2025,1900360010498269431,1900360010498269431,100,1900948117580915064,1900295087915196524,7140dibdnow9c7btw4dzn3lfpigkyr10ypvhq5r9azeic
The University Bridge has reopened to traffic at  06:41 PM on 03/13/2025,1900361522842657004,1900361522842657004,100,1900948117580915064,1900295087915196524,7140dibdnow9c7btw4dzn3lfpigkyr10ypvhq5r9azeic
The Fremont Bridge has closed to traffic at  06:45 PM on 03/13/2025,1900362530310283351,1900362530310283351,100,1900948117580915064,1900295087915196524,7140dibdnow9c7btw4dzn3lfpigkyr10ypvhq5r9azeic
The Fremont Bridge has reopened to traffic at  06:50 PM on 03/13/2025,1900363789712925010,1900363789712925010,100,1900948117580915064,1900295087915196524,7140dibdnow9c7btw4dzn3lfpigkyr10ypvhq5r9azeic
The Fremont Bridge has closed to traffic at  08:05 PM on 03/13/2025,1900382680321302628,1900382680321302628,100,1900948117580915064,1900295087915196524,7140dibdnow9c7btw4dzn3lfpigkyr10ypvhq5r9azeic
The Fremont Bridge has reopened to traffic at  08:09 PM on 03/13/2025,1900383687960912145,1900383687960912145,100,1900948117580915064,1900295087915196524,7140dibdnow9c7btw4dzn3lfpigkyr10ypvhq5r9azeic
The Ballard Bridge has closed to traffic at  08:23 PM on 03/13/2025,1900387214754013620,1900387214754013620,100,1900948117580915064,1900295087915196524,7140dibdnow9c7btw4dzn3lfpigkyr10ypvhq5r9azeic
The Ballard Bridge has reopened to traffic at  08:26 PM on 03/13/2025,1900387971674890382,1900387971674890382,100,1900948117580915064,1900295087915196524,7140dibdnow9c7btw4dzn3lfpigkyr10ypvhq5r9azeic
The University Bridge has closed to traffic at  10:26 PM on 03/13/2025,1900418128154419594,1900418128154419594,100,1900948117580915064,1900295087915196524,7140dibdnow9c7btw4dzn3lfpigkyr10ypvhq5r9azeic
The University Bridge has reopened to traffic at  10:31 PM on 03/13/2025,1900419387724881934,1900419387724881934,100,1900948117580915064,1900295087915196524,7140dibdnow9c7btw4dzn3lfpigkyr10ypvhq5r9azeic
The Fremont Bridge has closed to traffic at  10:40 PM on 03/13/2025,1900421655484321876,1900421655484321876,100,1900948117580915064,1900295087915196524,7140dibdnow9c7btw4dzn3lfpigkyr10ypvhq5r9azeic
The Fremont Bridge has reopened to traffic at  10:45 PM on 03/13/2025,1900422915029688434,1900422915029688434,100,1900948117580915064,1900295087915196524,7140dibdnow9c7btw4dzn3lfpigkyr10ypvhq5r9azeic
The Ballard Bridge has closed to traffic at  10:51 PM on 03/13/2025,1900424426166116559,1900424426166116559,100,1900948117580915064,1900295087915196524,7140dibdnow9c7btw4dzn3lfpigkyr10ypvhq5r9azeic
The Ballard Bridge has reopened to traffic at  10:55 PM on 03/13/2025,1900425433730211849,1900425433730211849,100,1900948117580915064,1900295087915196524,7140dibdnow9c7btw4dzn3lfpigkyr10ypvhq5r9azeic
The 1st Ave S Bridge has closed to traffic at  08:59 AM on 03/14/2025,1900577424783687814,1900577424783687814,100,1900948117580915064,1900295087915196524,7140dibdnow9c7btw4dzn3lfpigkyr10ypvhq5r9azeic
The Fremont Bridge has closed to traffic at  09:01 AM on 03/14/2025,1900577928938934375,1900577928938934375,100,1900948117580915064,1900295087915196524,7140dibdnow9c7btw4dzn3lfpigkyr10ypvhq5r9azeic
The Fremont Bridge has reopened to traffic at  09:05 AM on 03/14/2025,1900578937627189339,1900578937627189339,100,1900948117580915064,1900295087915196524,7140dibdnow9c7btw4dzn3lfpigkyr10ypvhq5r9azeic
The Ballard Bridge has closed to traffic at  09:08 AM on 03/14/2025,1900579693780447343,1900579693780447343,100,1900948117580915064,1900295087915196524,7140dibdnow9c7btw4dzn3lfpigkyr10ypvhq5r9azeic
The 1st Ave S Bridge has reopened to traffic at  09:09 AM on 03/14/2025,1900579946432700778,1900579946432700778,100,1900948117580915064,1900295087915196524,7140dibdnow9c7btw4dzn3lfpigkyr10ypvhq5r9azeic
The Ballard Bridge has reopened to traffic at  09:15 AM on 03/14/2025,1900581457535668365,1900581457535668365,100,1900948117580915064,1900295087915196524,7140dibdnow9c7btw4dzn3lfpigkyr10ypvhq5r9azeic
The 1st Ave S Bridge has closed to traffic at  09:49 AM on 03/14/2025,1900590044949488082,1900590044949488082,100,1900948117580915064,1900295087915196524,7140dibdnow9c7btw4dzn3lfpigkyr10ypvhq5r9azeic
The Fremont Bridge has closed to traffic at  09:50 AM on 03/14/2025,1900590297555628104,1900590297555628104,100,1900948117580915064,1900295087915196524,7140dibdnow9c7btw4dzn3lfpigkyr10ypvhq5r9azeic
The Ballard Bridge has closed to traffic at  09:51 AM on 03/14/2025,1900590549754933466,1900590549754933466,100,1900948117580915064,1900295087915196524,7140dibdnow9c7btw4dzn3lfpigkyr10ypvhq5r9azeic
The Ballard Bridge has reopened to traffic at  09:55 AM on 03/14/2025,1900591557470024094,1900591557470024094,100,1900948117580915064,1900295087915196524,7140dibdnow9c7btw4dzn3lfpigkyr10ypvhq5r9azeic
The Fremont Bridge has reopened to traffic at  09:55 AM on 03/14/2025,1900591558019477542,1900591558019477542,100,1900948117580915064,1900295087915196524,7140dibdnow9c7btw4dzn3lfpigkyr10ypvhq5r9azeic
The 1st Ave S Bridge has reopened to traffic at  09:59 AM on 03/14/2025,1900592565625532819,1900592565625532819,100,1900948117580915064,1900295087915196524,7140dibdnow9c7btw4dzn3lfpigkyr10ypvhq5r9azeic
The Fremont Bridge has closed to traffic at  10:25 AM on 03/14/2025,1900599055514038582,1900599055514038582,100,1900948117580915064,1900295087915196524,7140dibdnow9c7btw4dzn3lfpigkyr10ypvhq5r9azeic
The 1st Ave S Bridge has closed to traffic at  10:26 AM on 03/14/2025,1900599309542072521,1900599309542072521,100,1900948117580915064,1900295087915196524,7140dibdnow9c7btw4dzn3lfpigkyr10ypvhq5r9azeic
The Fremont Bridge has reopened to traffic at  10:30 AM on 03/14/2025,1900600317403955688,1900600317403955688,100,1900948117580915064,1900295087915196524,7140dibdnow9c7btw4dzn3lfpigkyr10ypvhq5r9azeic
The 1st Ave S Bridge has reopened to traffic at  10:38 AM on 03/14/2025,1900602335401046409,1900602335401046409,100,1900948117580915064,1900295087915196524,7140dibdnow9c7btw4dzn3lfpigkyr10ypvhq5r9azeic
The Ballard Bridge has closed to traffic at  10:38 AM on 03/14/2025,1900602336105689193,1900602336105689193,100,1900948117580915064,1900295087915196524,7140dibdnow9c7btw4dzn3lfpigkyr10ypvhq5r9azeic
The Ballard Bridge has reopened to traffic at  10:43 AM on 03/14/2025,1900603595743195227,1900603595743195227,100,1900948117580915064,1900295087915196524,7140dibdnow9c7btw4dzn3lfpigkyr10ypvhq5r9azeic
The Fremont Bridge has closed to traffic at  10:51 AM on 03/14/2025,1900605612477870303,1900605612477870303,100,1900948117580915064,1900295087915196524,7140dibdnow9c7btw4dzn3lfpigkyr10ypvhq5r9azeic
The Fremont Bridge has reopened to traffic at  10:57 AM on 03/14/2025,1900607123597496576,1900607123597496576,100,1900948117580915064,1900295087915196524,7140dibdnow9c7btw4dzn3lfpigkyr10ypvhq5r9azeic
The Fremont Bridge has closed to traffic at  11:19 AM on 03/14/2025,1900612667574022480,1900612667574022480,100,1900948117580915064,1900295087915196524,7140dibdnow9c7btw4dzn3lfpigkyr10ypvhq5r9azeic
The Ballard Bridge has closed to traffic at  11:23 AM on 03/14/2025,1900613675284881904,1900613675284881904,100,1900948117580915064,1900295087915196524,7140dibdnow9c7btw4dzn3lfpigkyr10ypvhq5r9azeic
The Fremont Bridge has reopened to traffic at  11:23 AM on 03/14/2025,1900613675691765784,1900613675691765784,100,1900948117580915064,1900295087915196524,7140dibdnow9c7btw4dzn3lfpigkyr10ypvhq5r9azeic
The Ballard Bridge has reopened to traffic at  11:27 AM on 03/14/2025,1900614684379840724,1900614684379840724,100,1900948117580915064,1900295087915196524,7140dibdnow9c7btw4dzn3lfpigkyr10ypvhq5r9azeic
The Ballard Bridge has closed to traffic at  11:42 AM on 03/14/2025,1900618464982917429,1900618464982917429,100,1900948117580915064,1900295087915196524,7140dibdnow9c7btw4dzn3lfpigkyr10ypvhq5r9azeic
The Ballard Bridge has reopened to traffic at  11:50 AM on 03/14/2025,1900620482589978804,1900620482589978804,100,1900948117580915064,1900295087915196524,7140dibdnow9c7btw4dzn3lfpigkyr10ypvhq5r9azeic
The University Bridge has closed to traffic at  11:51 AM on 03/14/2025,1900620797825458201,1900620797825458201,100,1900948117580915064,1900295087915196524,7140dibdnow9c7btw4dzn3lfpigkyr10ypvhq5r9azeic
The University Bridge has reopened to traffic at  11:55 AM on 03/14/2025,1900621743209017384,1900621743209017384,100,1900948117580915064,1900295087915196524,7140dibdnow9c7btw4dzn3lfpigkyr10ypvhq5r9azeic
The Ballard Bridge has closed to traffic at  12:05 PM on 03/14/2025,1900624262815420459,1900624262815420459,100,1900948117580915064,1900295087915196524,7140dibdnow9c7btw4dzn3lfpigkyr10ypvhq5r9azeic
The Ballard Bridge has reopened to traffic at  12:09 PM on 03/14/2025,1900625270853562463,1900625270853562463,100,1900948117580915064,1900295087915196524,7140dibdnow9c7btw4dzn3lfpigkyr10ypvhq5r9azeic
The Ballard Bridge has closed to traffic at  12:29 PM on 03/14/2025,1900630308644679708,1900630308644679708,100,1900948117580915064,1900295087915196524,7140dibdnow9c7btw4dzn3lfpigkyr10ypvhq5r9azeic
The Ballard Bridge has reopened to traffic at  12:33 PM on 03/14/2025,1900631316259099061,1900631316259099061,100,1900948117580915064,1900295087915196524,7140dibdnow9c7btw4dzn3lfpigkyr10ypvhq5r9azeic
The University Bridge has closed to traffic at  01:07 PM on 03/14/2025,1900639881636049368,1900639881636049368,100,1900948117580915064,1900295087915196524,7140dibdnow9c7btw4dzn3lfpigkyr10ypvhq5r9azeic
The Ballard Bridge has closed to traffic at  01:08 PM on 03/14/2025,1900640134078562736,1900640134078562736,100,1900948117580915064,1900295087915196524,7140dibdnow9c7btw4dzn3lfpigkyr10ypvhq5r9azeic
The Ballard Bridge has reopened to traffic at  01:12 PM on 03/14/2025,1900641141726605385,1900641141726605385,100,1900948117580915064,1900295087915196524,7140dibdnow9c7btw4dzn3lfpigkyr10ypvhq5r9azeic
The University Bridge has reopened to traffic at  01:13 PM on 03/14/2025,1900641394223706379,1900641394223706379,100,1900948117580915064,1900295087915196524,7140dibdnow9c7btw4dzn3lfpigkyr10ypvhq5r9azeic
The Ballard Bridge has closed to traffic at  01:31 PM on 03/14/2025,1900645866123493581,1900645866123493581,100,1900948117580915064,1900295087915196524,7140dibdnow9c7btw4dzn3lfpigkyr10ypvhq5r9azeic
The Montlake Bridge has closed to traffic at  01:31 PM on 03/14/2025,1900645866484232283,1900645866484232283,100,1900948117580915064,1900295087915196524,7140dibdnow9c7btw4dzn3lfpigkyr10ypvhq5r9azeic
The Ballard Bridge has reopened to traffic at  01:36 PM on 03/14/2025,1900647127380095307,1900647127380095307,100,1900948117580915064,1900295087915196524,7140dibdnow9c7btw4dzn3lfpigkyr10ypvhq5r9azeic
The Montlake Bridge has reopened to traffic at  01:37 PM on 03/14/2025,1900647379554234723,1900647379554234723,100,1900948117580915064,1900295087915196524,7140dibdnow9c7btw4dzn3lfpigkyr10ypvhq5r9azeic
The University Bridge has closed to traffic at  01:42 PM on 03/14/2025,1900648639388938509,1900648639388938509,100,1900948117580915064,1900295087915196524,7140dibdnow9c7btw4dzn3lfpigkyr10ypvhq5r9azeic
The Ballard Bridge has closed to traffic at  01:46 PM on 03/14/2025,1900649648378806303,1900649648378806303,100,1900948117580915064,1900295087915196524,7140dibdnow9c7btw4dzn3lfpigkyr10ypvhq5r9azeic
The Fremont Bridge has closed to traffic at  01:46 PM on 03/14/2025,1900649648894996808,1900649648894996808,100,1900948117580915064,1900295087915196524,7140dibdnow9c7btw4dzn3lfpigkyr10ypvhq5r9azeic
The University Bridge has reopened to traffic at  01:48 PM on 03/14/2025,1900650152970645941,1900650152970645941,100,1900948117580915064,1900295087915196524,7140dibdnow9c7btw4dzn3lfpigkyr10ypvhq5r9azeic
The Fremont Bridge has reopened to traffic at  01:50 PM on 03/14/2025,1900650658111390096,1900650658111390096,100,1900948117580915064,1900295087915196524,7140dibdnow9c7btw4dzn3lfpigkyr10ypvhq5r9azeic
The Ballard Bridge has reopened to traffic at  01:51 PM on 03/14/2025,1900650912508514808,1900650912508514808,100,1900948117580915064,1900295087915196524,7140dibdnow9c7btw4dzn3lfpigkyr10ypvhq5r9azeic
The Fremont Bridge has closed to traffic at  02:03 PM on 03/14/2025,1900653938220601447,1900653938220601447,100,1900948117580915064,1900295087915196524,7140dibdnow9c7btw4dzn3lfpigkyr10ypvhq5r9azeic
The Ballard Bridge has closed to traffic at  02:04 PM on 03/14/2025,1900654191707591025,1900654191707591025,100,1900948117580915064,1900295087915196524,7140dibdnow9c7btw4dzn3lfpigkyr10ypvhq5r9azeic
The Ballard Bridge has reopened to traffic at  02:09 PM on 03/14/2025,1900655453341630474,1900655453341630474,100,1900948117580915064,1900295087915196524,7140dibdnow9c7btw4dzn3lfpigkyr10ypvhq5r9azeic
The Fremont Bridge has reopened to traffic at  02:09 PM on 03/14/2025,1900655455141032291,1900655455141032291,100,1900948117580915064,1900295087915196524,7140dibdnow9c7btw4dzn3lfpigkyr10ypvhq5r9azeic
The Ballard Bridge has closed to traffic at  03:03 PM on 03/14/2025,1900669056279359986,1900669056279359986,100,1900948117580915064,1900295087915196524,7140dibdnow9c7btw4dzn3lfpigkyr10ypvhq5r9azeic
The Ballard Bridge has reopened to traffic at  03:07 PM on 03/14/2025,1900670064271258028,1900670064271258028,100,1900948117580915064,1900295087915196524,7140dibdnow9c7btw4dzn3lfpigkyr10ypvhq5r9azeic
The Fremont Bridge has closed to traffic at  03:15 PM on 03/14/2025,1900672080561271176,1900672080561271176,100,1900948117580915064,1900295087915196524,7140dibdnow9c7btw4dzn3lfpigkyr10ypvhq5r9azeic
The Fremont Bridge has reopened to traffic at  03:21 PM on 03/14/2025,1900673591911518292,1900673591911518292,100,1900948117580915064,1900295087915196524,7140dibdnow9c7btw4dzn3lfpigkyr10ypvhq5r9azeic
The Ballard Bridge has closed to traffic at  03:30 PM on 03/14/2025,1900675859520122957,1900675859520122957,100,1900948117580915064,1900295087915196524,7140dibdnow9c7btw4dzn3lfpigkyr10ypvhq5r9azeic
The University Bridge has closed to traffic at  03:31 PM on 03/14/2025,1900676111664902503,1900676111664902503,100,1900948117580915064,1900295087915196524,7140dibdnow9c7btw4dzn3lfpigkyr10ypvhq5r9azeic
The Ballard Bridge has reopened to traffic at  03:36 PM on 03/14/2025,1900677371042435254,1900677371042435254,100,1900948117580915064,1900295087915196524,7140dibdnow9c7btw4dzn3lfpigkyr10ypvhq5r9azeic
The University Bridge has reopened to traffic at  03:36 PM on 03/14/2025,1900677371436634314,1900677371436634314,100,1900948117580915064,1900295087915196524,7140dibdnow9c7btw4dzn3lfpigkyr10ypvhq5r9azeic
The University Bridge has closed to traffic at  07:00 PM on 03/14/2025,1900728684698628242,1900728684698628242,100,1900948117580915064,1900295087915196524,7140dibdnow9c7btw4dzn3lfpigkyr10ypvhq5r9azeic
The University Bridge has reopened to traffic at  07:07 PM on 03/14/2025,1900730449196183802,1900730449196183802,100,1900948117580915064,1900295087915196524,7140dibdnow9c7btw4dzn3lfpigkyr10ypvhq5r9azeic
The Fremont Bridge has closed to traffic at  07:17 PM on 03/14/2025,1900732969045909767,1900732969045909767,100,1900948117580915064,1900295087915196524,7140dibdnow9c7btw4dzn3lfpigkyr10ypvhq5r9azeic
The Fremont Bridge has reopened to traffic at  07:22 PM on 03/14/2025,1900734228482191753,1900734228482191753,100,1900948117580915064,1900295087915196524,7140dibdnow9c7btw4dzn3lfpigkyr10ypvhq5r9azeic
The Ballard Bridge has closed to traffic at  07:28 PM on 03/14/2025,1900735739530539437,1900735739530539437,100,1900948117580915064,1900295087915196524,7140dibdnow9c7btw4dzn3lfpigkyr10ypvhq5r9azeic
The Ballard Bridge has reopened to traffic at  07:32 PM on 03/14/2025,1900736747165937867,1900736747165937867,100,1900948117580915064,1900295087915196524,7140dibdnow9c7btw4dzn3lfpigkyr10ypvhq5r9azeic
The 1st Ave S Bridge has closed to traffic at  08:20 AM on 03/15/2025,1900930038922703006,1900930038922703006,100,1900948117580915064,1900295087915196524,7140dibdnow9c7btw4dzn3lfpigkyr10ypvhq5r9azeic
The 1st Ave S Bridge has reopened to traffic at  08:23 AM on 03/15/2025,1900930794602066348,1900930794602066348,100,1900948117580915064,1900295087915196524,7140dibdnow9c7btw4dzn3lfpigkyr10ypvhq5r9azeic
The 1st Ave S Bridge has closed to traffic at  08:44 AM on 03/15/2025,1900936083833328097,1900936083833328097,100,1900948117580915064,1900295087915196524,7140dibdnow9c7btw4dzn3lfpigkyr10ypvhq5r9azeic
The 1st Ave S Bridge has reopened to traffic at  08:53 AM on 03/15/2025,1900938288732795174,1900938288732795174,100,1900948117580915064,1900295087915196524,7140dibdnow9c7btw4dzn3lfpigkyr10ypvhq5r9azeic
The 1st Ave S Bridge has closed to traffic at  09:00 AM on 03/15/2025,1900940054375317549,1900940054375317549,100,1900948117580915064,1900295087915196524,7140dibdnow9c7btw4dzn3lfpigkyr10ypvhq5r9azeic
The 1st Ave S Bridge has reopened to traffic at  09:09 AM on 03/15/2025,1900942323221229723,1900942323221229723,100,1900948117580915064,1900295087915196524,7140dibdnow9c7btw4dzn3lfpigkyr10ypvhq5r9azeic
The 1st Ave S Bridge has closed to traffic at  09:30 AM on 03/15/2025,1900947613576556637,1900947613576556637,100,1900948117580915064,1900295087915196524,7140dibdnow9c7btw4dzn3lfpigkyr10ypvhq5r9azeic
The 1st Ave S Bridge has reopened to traffic at  09:32 AM on 03/15/2025,1900948117580915064,1900948117580915064,100,1900948117580915064,1900295087915196524,7140dibdnow9c7btw4dzn3lfpigkyr10ypvhq5r9azeic
The 1st Ave S Bridge has closed to traffic at  09:57 AM on 03/15/2025,1900954414980231291,1900954414980231291,100,1901821160800862712,1900954414980231291,7140dibdnow9c7btw4dzn3nj2fdu0642gbg46iv0fy7g1
The 1st Ave S Bridge has reopened to traffic at  10:15 AM on 03/15/2025,1900958949106741706,1900958949106741706,100,1901821160800862712,1900954414980231291,7140dibdnow9c7btw4dzn3nj2fdu0642gbg46iv0fy7g1
The 1st Ave S Bridge has closed to traffic at  10:31 AM on 03/15/2025,1900962979182764542,1900962979182764542,100,1901821160800862712,1900954414980231291,7140dibdnow9c7btw4dzn3nj2fdu0642gbg46iv0fy7g1
The 1st Ave S Bridge has reopened to traffic at  10:37 AM on 03/15/2025,1900964490298241040,1900964490298241040,100,1901821160800862712,1900954414980231291,7140dibdnow9c7btw4dzn3nj2fdu0642gbg46iv0fy7g1
The 1st Ave S Bridge has closed to traffic at  11:01 AM on 03/15/2025,1900970534726496387,1900970534726496387,100,1901821160800862712,1900954414980231291,7140dibdnow9c7btw4dzn3nj2fdu0642gbg46iv0fy7g1
The 1st Ave S Bridge has reopened to traffic at  11:06 AM on 03/15/2025,1900971794284376141,1900971794284376141,100,1901821160800862712,1900954414980231291,7140dibdnow9c7btw4dzn3nj2fdu0642gbg46iv0fy7g1
The 1st Ave S Bridge has closed to traffic at  11:52 AM on 03/15/2025,1900983379950260602,1900983379950260602,100,1901821160800862712,1900954414980231291,7140dibdnow9c7btw4dzn3nj2fdu0642gbg46iv0fy7g1
The 1st Ave S Bridge has reopened to traffic at  12:05 PM on 03/15/2025,1900986655135396347,1900986655135396347,100,1901821160800862712,1900954414980231291,7140dibdnow9c7btw4dzn3nj2fdu0642gbg46iv0fy7g1
The 1st Ave S Bridge has closed to traffic at  12:09 PM on 03/15/2025,1900987662846349793,1900987662846349793,100,1901821160800862712,1900954414980231291,7140dibdnow9c7btw4dzn3nj2fdu0642gbg46iv0fy7g1
The 1st Ave S Bridge has reopened to traffic at  12:10 PM on 03/15/2025,1900987915053998158,1900987915053998158,100,1901821160800862712,1900954414980231291,7140dibdnow9c7btw4dzn3nj2fdu0642gbg46iv0fy7g1
The Ballard Bridge has closed to traffic at  02:59 PM on 03/15/2025,1901030414120350171,1901030414120350171,100,1901821160800862712,1900954414980231291,7140dibdnow9c7btw4dzn3nj2fdu0642gbg46iv0fy7g1
The Ballard Bridge has reopened to traffic at  03:03 PM on 03/15/2025,1901031421923520927,1901031421923520927,100,1901821160800862712,1900954414980231291,7140dibdnow9c7btw4dzn3nj2fdu0642gbg46iv0fy7g1
The Ballard Bridge has closed to traffic at  03:21 PM on 03/15/2025,1901035955781562395,1901035955781562395,100,1901821160800862712,1900954414980231291,7140dibdnow9c7btw4dzn3nj2fdu0642gbg46iv0fy7g1
The Ballard Bridge has reopened to traffic at  03:26 PM on 03/15/2025,1901037215381418304,1901037215381418304,100,1901821160800862712,1900954414980231291,7140dibdnow9c7btw4dzn3nj2fdu0642gbg46iv0fy7g1
The Ballard Bridge has closed to traffic at  03:45 PM on 03/15/2025,1901042002734764423,1901042002734764423,100,1901821160800862712,1900954414980231291,7140dibdnow9c7btw4dzn3nj2fdu0642gbg46iv0fy7g1
The Ballard Bridge has reopened to traffic at  03:49 PM on 03/15/2025,1901043010483482940,1901043010483482940,100,1901821160800862712,1900954414980231291,7140dibdnow9c7btw4dzn3nj2fdu0642gbg46iv0fy7g1
The Ballard Bridge has closed to traffic at  04:25 PM on 03/15/2025,1901052076274417938,1901052076274417938,100,1901821160800862712,1900954414980231291,7140dibdnow9c7btw4dzn3nj2fdu0642gbg46iv0fy7g1
The Ballard Bridge has reopened to traffic at  04:30 PM on 03/15/2025,1901053335660372002,1901053335660372002,100,1901821160800862712,1900954414980231291,7140dibdnow9c7btw4dzn3nj2fdu0642gbg46iv0fy7g1
The Ballard Bridge has closed to traffic at  05:04 PM on 03/15/2025,1901061900487835898,1901061900487835898,100,1901821160800862712,1900954414980231291,7140dibdnow9c7btw4dzn3nj2fdu0642gbg46iv0fy7g1
The Ballard Bridge has reopened to traffic at  05:08 PM on 03/15/2025,1901062910044250143,1901062910044250143,100,1901821160800862712,1900954414980231291,7140dibdnow9c7btw4dzn3nj2fdu0642gbg46iv0fy7g1
The Ballard Bridge has closed to traffic at  05:28 PM on 03/15/2025,1901067947927630156,1901067947927630156,100,1901821160800862712,1900954414980231291,7140dibdnow9c7btw4dzn3nj2fdu0642gbg46iv0fy7g1
The Ballard Bridge has reopened to traffic at  05:32 PM on 03/15/2025,1901068955722412275,1901068955722412275,100,1901821160800862712,1900954414980231291,7140dibdnow9c7btw4dzn3nj2fdu0642gbg46iv0fy7g1
The Ballard Bridge has closed to traffic at  05:58 PM on 03/15/2025,1901075504767398088,1901075504767398088,100,1901821160800862712,1900954414980231291,7140dibdnow9c7btw4dzn3nj2fdu0642gbg46iv0fy7g1
The Ballard Bridge has reopened to traffic at  06:04 PM on 03/15/2025,1901076953060532722,1901076953060532722,100,1901821160800862712,1900954414980231291,7140dibdnow9c7btw4dzn3nj2fdu0642gbg46iv0fy7g1
The Ballard Bridge has closed to traffic at  06:40 PM on 03/15/2025,1901086020575392139,1901086020575392139,100,1901821160800862712,1900954414980231291,7140dibdnow9c7btw4dzn3nj2fdu0642gbg46iv0fy7g1
The Ballard Bridge has reopened to traffic at  06:44 PM on 03/15/2025,1901087028298833945,1901087028298833945,100,1901821160800862712,1900954414980231291,7140dibdnow9c7btw4dzn3nj2fdu0642gbg46iv0fy7g1
The Ballard Bridge has closed to traffic at  07:06 PM on 03/15/2025,1901092569372913683,1901092569372913683,100,1901821160800862712,1900954414980231291,7140dibdnow9c7btw4dzn3nj2fdu0642gbg46iv0fy7g1
The Ballard Bridge has reopened to traffic at  07:10 PM on 03/15/2025,1901093576974782834,1901093576974782834,100,1901821160800862712,1900954414980231291,7140dibdnow9c7btw4dzn3nj2fdu0642gbg46iv0fy7g1
The Ballard Bridge has closed to traffic at  08:14 PM on 03/15/2025,1901109694271549725,1901109694271549725,100,1901821160800862712,1900954414980231291,7140dibdnow9c7btw4dzn3nj2fdu0642gbg46iv0fy7g1
The Ballard Bridge has reopened to traffic at  08:17 PM on 03/15/2025,1901110450533920863,1901110450533920863,100,1901821160800862712,1900954414980231291,7140dibdnow9c7btw4dzn3nj2fdu0642gbg46iv0fy7g1
The Ballard Bridge has closed to traffic at  08:35 PM on 03/15/2025,1901114984438096294,1901114984438096294,100,1901821160800862712,1900954414980231291,7140dibdnow9c7btw4dzn3nj2fdu0642gbg46iv0fy7g1
The Ballard Bridge has reopened to traffic at  08:38 PM on 03/15/2025,1901115740092330105,1901115740092330105,100,1901821160800862712,1900954414980231291,7140dibdnow9c7btw4dzn3nj2fdu0642gbg46iv0fy7g1
The Ballard Bridge has closed to traffic at  07:39 AM on 03/16/2025,1901282097400324513,1901282097400324513,100,1901821160800862712,1900954414980231291,7140dibdnow9c7btw4dzn3nj2fdu0642gbg46iv0fy7g1
The Ballard Bridge has reopened to traffic at  07:44 AM on 03/16/2025,1901283359223140359,1901283359223140359,100,1901821160800862712,1900954414980231291,7140dibdnow9c7btw4dzn3nj2fdu0642gbg46iv0fy7g1
The 1st Ave S Bridge has closed to traffic at  10:49 AM on 03/16/2025,1901329878219448406,1901329878219448406,100,1901821160800862712,1900954414980231291,7140dibdnow9c7btw4dzn3nj2fdu0642gbg46iv0fy7g1
The 1st Ave S Bridge has reopened to traffic at  10:57 AM on 03/16/2025,1901331958313177276,1901331958313177276,100,1901821160800862712,1900954414980231291,7140dibdnow9c7btw4dzn3nj2fdu0642gbg46iv0fy7g1
The Ballard Bridge has closed to traffic at  01:38 PM on 03/16/2025,1901372424249356745,1901372424249356745,100,1901821160800862712,1900954414980231291,7140dibdnow9c7btw4dzn3nj2fdu0642gbg46iv0fy7g1
The Ballard Bridge has reopened to traffic at  01:41 PM on 03/16/2025,1901373181228929096,1901373181228929096,100,1901821160800862712,1900954414980231291,7140dibdnow9c7btw4dzn3nj2fdu0642gbg46iv0fy7g1
The Ballard Bridge has closed to traffic at  03:06 PM on 03/16/2025,1901394618211852313,1901394618211852313,100,1901821160800862712,1900954414980231291,7140dibdnow9c7btw4dzn3nj2fdu0642gbg46iv0fy7g1
The Ballard Bridge has reopened to traffic at  03:10 PM on 03/16/2025,1901395564941689238,1901395564941689238,100,1901821160800862712,1900954414980231291,7140dibdnow9c7btw4dzn3nj2fdu0642gbg46iv0fy7g1
The Ballard Bridge has closed to traffic at  03:28 PM on 03/16/2025,1901400109507825674,1901400109507825674,100,1901821160800862712,1900954414980231291,7140dibdnow9c7btw4dzn3nj2fdu0642gbg46iv0fy7g1
The Ballard Bridge has reopened to traffic at  03:31 PM on 03/16/2025,1901400865690513883,1901400865690513883,100,1901821160800862712,1900954414980231291,7140dibdnow9c7btw4dzn3nj2fdu0642gbg46iv0fy7g1
The Ballard Bridge has closed to traffic at  03:48 PM on 03/16/2025,1901405156148977795,1901405156148977795,100,1901821160800862712,1900954414980231291,7140dibdnow9c7btw4dzn3nj2fdu0642gbg46iv0fy7g1
The Ballard Bridge has reopened to traffic at  03:52 PM on 03/16/2025,1901406165675991541,1901406165675991541,100,1901821160800862712,1900954414980231291,7140dibdnow9c7btw4dzn3nj2fdu0642gbg46iv0fy7g1
The Fremont Bridge has closed to traffic at  04:12 PM on 03/16/2025,1901411209729159459,1901411209729159459,100,1901821160800862712,1900954414980231291,7140dibdnow9c7btw4dzn3nj2fdu0642gbg46iv0fy7g1
The Fremont Bridge has reopened to traffic at  04:15 PM on 03/16/2025,1901411966352265474,1901411966352265474,100,1901821160800862712,1900954414980231291,7140dibdnow9c7btw4dzn3nj2fdu0642gbg46iv0fy7g1
The Ballard Bridge has closed to traffic at  04:22 PM on 03/16/2025,1901413731969724672,1901413731969724672,100,1901821160800862712,1900954414980231291,7140dibdnow9c7btw4dzn3nj2fdu0642gbg46iv0fy7g1
The Ballard Bridge has reopened to traffic at  04:25 PM on 03/16/2025,1901414488525725829,1901414488525725829,100,1901821160800862712,1900954414980231291,7140dibdnow9c7btw4dzn3nj2fdu0642gbg46iv0fy7g1
The Ballard Bridge has closed to traffic at  05:23 PM on 03/16/2025,1901429054575956068,1901429054575956068,100,1901821160800862712,1900954414980231291,7140dibdnow9c7btw4dzn3nj2fdu0642gbg46iv0fy7g1
The Ballard Bridge has reopened to traffic at  05:27 PM on 03/16/2025,1901430063960342883,1901430063960342883,100,1901821160800862712,1900954414980231291,7140dibdnow9c7btw4dzn3nj2fdu0642gbg46iv0fy7g1
The Fremont Bridge has closed to traffic at  05:40 PM on 03/16/2025,1901433343528604009,1901433343528604009,100,1901821160800862712,1900954414980231291,7140dibdnow9c7btw4dzn3nj2fdu0642gbg46iv0fy7g1
The 1st Ave S Bridge has closed to traffic at  05:43 PM on 03/16/2025,1901434099853930746,1901434099853930746,100,1901821160800862712,1900954414980231291,7140dibdnow9c7btw4dzn3nj2fdu0642gbg46iv0fy7g1
The Fremont Bridge has reopened to traffic at  05:43 PM on 03/16/2025,1901434100277551146,1901434100277551146,100,1901821160800862712,1900954414980231291,7140dibdnow9c7btw4dzn3nj2fdu0642gbg46iv0fy7g1
The 1st Ave S Bridge has reopened to traffic at  05:52 PM on 03/16/2025,1901436369572180129,1901436369572180129,100,1901821160800862712,1900954414980231291,7140dibdnow9c7btw4dzn3nj2fdu0642gbg46iv0fy7g1
The University Bridge has closed to traffic at  05:57 PM on 03/16/2025,1901437629905965179,1901437629905965179,100,1901821160800862712,1900954414980231291,7140dibdnow9c7btw4dzn3nj2fdu0642gbg46iv0fy7g1
The University Bridge has reopened to traffic at  06:01 PM on 03/16/2025,1901438638254379249,1901438638254379249,100,1901821160800862712,1900954414980231291,7140dibdnow9c7btw4dzn3nj2fdu0642gbg46iv0fy7g1
The Ballard Bridge has closed to traffic at  06:02 PM on 03/16/2025,1901438890684403901,1901438890684403901,100,1901821160800862712,1900954414980231291,7140dibdnow9c7btw4dzn3nj2fdu0642gbg46iv0fy7g1
The Ballard Bridge has reopened to traffic at  06:13 PM on 03/16/2025,1901441665166184839,1901441665166184839,100,1901821160800862712,1900954414980231291,7140dibdnow9c7btw4dzn3nj2fdu0642gbg46iv0fy7g1
The Montlake Bridge has closed to traffic at  06:24 PM on 03/16/2025,1901444381410017646,1901444381410017646,100,1901821160800862712,1900954414980231291,7140dibdnow9c7btw4dzn3nj2fdu0642gbg46iv0fy7g1
The Montlake Bridge has reopened to traffic at  06:29 PM on 03/16/2025,1901445642649743823,1901445642649743823,100,1901821160800862712,1900954414980231291,7140dibdnow9c7btw4dzn3nj2fdu0642gbg46iv0fy7g1
The Ballard Bridge has closed to traffic at  06:39 PM on 03/16/2025,1901448165309788334,1901448165309788334,100,1901821160800862712,1900954414980231291,7140dibdnow9c7btw4dzn3nj2fdu0642gbg46iv0fy7g1
The Ballard Bridge has reopened to traffic at  06:44 PM on 03/16/2025,1901449426927067370,1901449426927067370,100,1901821160800862712,1900954414980231291,7140dibdnow9c7btw4dzn3nj2fdu0642gbg46iv0fy7g1
The Ballard Bridge has closed to traffic at  06:56 PM on 03/16/2025,1901452455470346526,1901452455470346526,100,1901821160800862712,1900954414980231291,7140dibdnow9c7btw4dzn3nj2fdu0642gbg46iv0fy7g1
The Ballard Bridge has reopened to traffic at  07:00 PM on 03/16/2025,1901453463789384116,1901453463789384116,100,1901821160800862712,1900954414980231291,7140dibdnow9c7btw4dzn3nj2fdu0642gbg46iv0fy7g1
The Ballard Bridge has closed to traffic at  07:30 PM on 03/16/2025,1901461032301895833,1901461032301895833,100,1901821160800862712,1900954414980231291,7140dibdnow9c7btw4dzn3nj2fdu0642gbg46iv0fy7g1
The Ballard Bridge has reopened to traffic at  07:35 PM on 03/16/2025,1901462294019936412,1901462294019936412,100,1901821160800862712,1900954414980231291,7140dibdnow9c7btw4dzn3nj2fdu0642gbg46iv0fy7g1
The Ballard Bridge has closed to traffic at  08:35 PM on 03/16/2025,1901477427542741118,1901477427542741118,100,1901821160800862712,1900954414980231291,7140dibdnow9c7btw4dzn3nj2fdu0642gbg46iv0fy7g1
The Ballard Bridge has reopened to traffic at  08:41 PM on 03/16/2025,1901478879866560774,1901478879866560774,100,1901821160800862712,1900954414980231291,7140dibdnow9c7btw4dzn3nj2fdu0642gbg46iv0fy7g1
The Ballard Bridge has closed to traffic at  09:28 PM on 03/16/2025,1901490730474070459,1901490730474070459,100,1901821160800862712,1900954414980231291,7140dibdnow9c7btw4dzn3nj2fdu0642gbg46iv0fy7g1
The Ballard Bridge has reopened to traffic at  09:32 PM on 03/16/2025,1901491739057430804,1901491739057430804,100,1901821160800862712,1900954414980231291,7140dibdnow9c7btw4dzn3nj2fdu0642gbg46iv0fy7g1
The Ballard Bridge has closed to traffic at  10:00 PM on 03/16/2025,1901498738864267739,1901498738864267739,100,1901821160800862712,1900954414980231291,7140dibdnow9c7btw4dzn3nj2fdu0642gbg46iv0fy7g1
The Ballard Bridge has reopened to traffic at  10:03 PM on 03/16/2025,1901499494933602752,1901499494933602752,100,1901821160800862712,1900954414980231291,7140dibdnow9c7btw4dzn3nj2fdu0642gbg46iv0fy7g1
The Ballard Bridge has closed to traffic at  09:01 AM on 03/17/2025,1901665113280770471,1901665113280770471,100,1901821160800862712,1900954414980231291,7140dibdnow9c7btw4dzn3nj2fdu0642gbg46iv0fy7g1
The Ballard Bridge has reopened to traffic at  09:06 AM on 03/17/2025,1901666377544712321,1901666377544712321,100,1901821160800862712,1900954414980231291,7140dibdnow9c7btw4dzn3nj2fdu0642gbg46iv0fy7g1
The Ballard Bridge has closed to traffic at  09:40 AM on 03/17/2025,1901674940262498777,1901674940262498777,100,1901821160800862712,1900954414980231291,7140dibdnow9c7btw4dzn3nj2fdu0642gbg46iv0fy7g1
The Ballard Bridge has reopened to traffic at  09:46 AM on 03/17/2025,1901676451415601591,1901676451415601591,100,1901821160800862712,1900954414980231291,7140dibdnow9c7btw4dzn3nj2fdu0642gbg46iv0fy7g1
The 1st Ave S Bridge has closed to traffic at  10:08 AM on 03/17/2025,1901681992363860190,1901681992363860190,100,1901821160800862712,1900954414980231291,7140dibdnow9c7btw4dzn3nj2fdu0642gbg46iv0fy7g1
The 1st Ave S Bridge has reopened to traffic at  10:23 AM on 03/17/2025,1901685770337034531,1901685770337034531,100,1901821160800862712,1900954414980231291,7140dibdnow9c7btw4dzn3nj2fdu0642gbg46iv0fy7g1
The Ballard Bridge has closed to traffic at  11:54 AM on 03/17/2025,1901708626605252940,1901708626605252940,100,1901821160800862712,1900954414980231291,7140dibdnow9c7btw4dzn3nj2fdu0642gbg46iv0fy7g1
The Ballard Bridge has reopened to traffic at  11:59 AM on 03/17/2025,1901709886016426343,1901709886016426343,100,1901821160800862712,1900954414980231291,7140dibdnow9c7btw4dzn3nj2fdu0642gbg46iv0fy7g1
The Fremont Bridge has closed to traffic at  01:22 PM on 03/17/2025,1901730789651562673,1901730789651562673,100,1901821160800862712,1900954414980231291,7140dibdnow9c7btw4dzn3nj2fdu0642gbg46iv0fy7g1
The Fremont Bridge has reopened to traffic at  01:30 PM on 03/17/2025,1901732806553993356,1901732806553993356,100,1901821160800862712,1900954414980231291,7140dibdnow9c7btw4dzn3nj2fdu0642gbg46iv0fy7g1
The Ballard Bridge has closed to traffic at  01:41 PM on 03/17/2025,1901735578330415289,1901735578330415289,100,1901821160800862712,1900954414980231291,7140dibdnow9c7btw4dzn3nj2fdu0642gbg46iv0fy7g1
The Ballard Bridge has reopened to traffic at  01:47 PM on 03/17/2025,1901737089647120464,1901737089647120464,100,1901821160800862712,1900954414980231291,7140dibdnow9c7btw4dzn3nj2fdu0642gbg46iv0fy7g1
The 1st Ave S Bridge has closed to traffic at  02:01 PM on 03/17/2025,1901740615991488655,1901740615991488655,100,1901821160800862712,1900954414980231291,7140dibdnow9c7btw4dzn3nj2fdu0642gbg46iv0fy7g1
The 1st Ave S Bridge has reopened to traffic at  02:03 PM on 03/17/2025,1901741120331346285,1901741120331346285,100,1901821160800862712,1900954414980231291,7140dibdnow9c7btw4dzn3nj2fdu0642gbg46iv0fy7g1
The Ballard Bridge has closed to traffic at  02:33 PM on 03/17/2025,1901748677649268847,1901748677649268847,100,1901821160800862712,1900954414980231291,7140dibdnow9c7btw4dzn3nj2fdu0642gbg46iv0fy7g1
The Ballard Bridge has reopened to traffic at  02:40 PM on 03/17/2025,1901750441689625064,1901750441689625064,100,1901821160800862712,1900954414980231291,7140dibdnow9c7btw4dzn3nj2fdu0642gbg46iv0fy7g1
The Fremont Bridge has closed to traffic at  02:53 PM on 03/17/2025,1901753718326063191,1901753718326063191,100,1901821160800862712,1900954414980231291,7140dibdnow9c7btw4dzn3nj2fdu0642gbg46iv0fy7g1
The Fremont Bridge has reopened to traffic at  03:00 PM on 03/17/2025,1901755482404253824,1901755482404253824,100,1901821160800862712,1900954414980231291,7140dibdnow9c7btw4dzn3nj2fdu0642gbg46iv0fy7g1
The University Bridge has closed to traffic at  03:12 PM on 03/17/2025,1901758505507512519,1901758505507512519,100,1901821160800862712,1900954414980231291,7140dibdnow9c7btw4dzn3nj2fdu0642gbg46iv0fy7g1
The University Bridge has reopened to traffic at  03:20 PM on 03/17/2025,1901760467967868944,1901760467967868944,100,1901821160800862712,1900954414980231291,7140dibdnow9c7btw4dzn3nj2fdu0642gbg46iv0fy7g1
The Fremont Bridge has closed to traffic at  03:31 PM on 03/17/2025,1901763239358370271,1901763239358370271,100,1901821160800862712,1900954414980231291,7140dibdnow9c7btw4dzn3nj2fdu0642gbg46iv0fy7g1
The Fremont Bridge has reopened to traffic at  03:35 PM on 03/17/2025,1901764246935068707,1901764246935068707,100,1901821160800862712,1900954414980231291,7140dibdnow9c7btw4dzn3nj2fdu0642gbg46iv0fy7g1
The University Bridge has closed to traffic at  06:55 PM on 03/17/2025,1901814610610835485,1901814610610835485,100,1901821160800862712,1900954414980231291,7140dibdnow9c7btw4dzn3nj2fdu0642gbg46iv0fy7g1
The University Bridge has reopened to traffic at  07:00 PM on 03/17/2025,1901815870164447387,1901815870164447387,100,1901821160800862712,1900954414980231291,7140dibdnow9c7btw4dzn3nj2fdu0642gbg46iv0fy7g1
The Fremont Bridge has closed to traffic at  07:08 PM on 03/17/2025,1901817885712056518,1901817885712056518,100,1901821160800862712,1900954414980231291,7140dibdnow9c7btw4dzn3nj2fdu0642gbg46iv0fy7g1
The 1st Ave S Bridge has closed to traffic at  07:10 PM on 03/17/2025,1901818389611601937,1901818389611601937,100,1901821160800862712,1900954414980231291,7140dibdnow9c7btw4dzn3nj2fdu0642gbg46iv0fy7g1
The Fremont Bridge has reopened to traffic at  07:14 PM on 03/17/2025,1901819397095952497,1901819397095952497,100,1901821160800862712,1900954414980231291,7140dibdnow9c7btw4dzn3nj2fdu0642gbg46iv0fy7g1
The Ballard Bridge has closed to traffic at  07:21 PM on 03/17/2025,1901821160800862712,1901821160800862712,100,1901821160800862712,1900954414980231291,7140dibdnow9c7btw4dzn3nj2fdu0642gbg46iv0fy7g1
The Ballard Bridge has reopened to traffic at  07:25 PM on 03/17/2025,1901822168104927553,1901822168104927553,100,1902527068837179634,1901822168104927553,7140dibdnow9c7btw4dzn5ryaro8sniclyg4nyvmnld83
The 1st Ave S Bridge has reopened to traffic at  07:39 PM on 03/17/2025,1901825694776353135,1901825694776353135,100,1902527068837179634,1901822168104927553,7140dibdnow9c7btw4dzn5ryaro8sniclyg4nyvmnld83
The 1st Ave S Bridge has closed to traffic at  08:25 PM on 03/17/2025,1901837216240083193,1901837216240083193,100,1902527068837179634,1901822168104927553,7140dibdnow9c7btw4dzn5ryaro8sniclyg4nyvmnld83
The 1st Ave S Bridge has reopened to traffic at  08:30 PM on 03/17/2025,1901838475768533335,1901838475768533335,100,1902527068837179634,1901822168104927553,7140dibdnow9c7btw4dzn5ryaro8sniclyg4nyvmnld83
The Ballard Bridge has closed to traffic at  09:43 AM on 03/18/2025,1902038087242543553,1902038087242543553,100,1902527068837179634,1901822168104927553,7140dibdnow9c7btw4dzn5ryaro8sniclyg4nyvmnld83
The Ballard Bridge has reopened to traffic at  09:47 AM on 03/18/2025,1902039094987006071,1902039094987006071,100,1902527068837179634,1901822168104927553,7140dibdnow9c7btw4dzn5ryaro8sniclyg4nyvmnld83
The Fremont Bridge has closed to traffic at  09:48 AM on 03/18/2025,1902039347265966103,1902039347265966103,100,1902527068837179634,1901822168104927553,7140dibdnow9c7btw4dzn5ryaro8sniclyg4nyvmnld83
The Fremont Bridge has reopened to traffic at  09:54 AM on 03/18/2025,1902040858415001786,1902040858415001786,100,1902527068837179634,1901822168104927553,7140dibdnow9c7btw4dzn5ryaro8sniclyg4nyvmnld83
The University Bridge has closed to traffic at  10:10 AM on 03/18/2025,1902044888465850582,1902044888465850582,100,1902527068837179634,1901822168104927553,7140dibdnow9c7btw4dzn5ryaro8sniclyg4nyvmnld83
The University Bridge has reopened to traffic at  10:15 AM on 03/18/2025,1902046147830833493,1902046147830833493,100,1902527068837179634,1901822168104927553,7140dibdnow9c7btw4dzn5ryaro8sniclyg4nyvmnld83
The Montlake Bridge has closed to traffic at  10:20 AM on 03/18/2025,1902047407141220737,1902047407141220737,100,1902527068837179634,1901822168104927553,7140dibdnow9c7btw4dzn5ryaro8sniclyg4nyvmnld83
The Fremont Bridge has closed to traffic at  10:21 AM on 03/18/2025,1902047659323748441,1902047659323748441,100,1902527068837179634,1901822168104927553,7140dibdnow9c7btw4dzn5ryaro8sniclyg4nyvmnld83
The Fremont Bridge has reopened to traffic at  10:25 AM on 03/18/2025,1902048604136866229,1902048604136866229,100,1902527068837179634,1901822168104927553,7140dibdnow9c7btw4dzn5ryaro8sniclyg4nyvmnld83
The Montlake Bridge has reopened to traffic at  10:26 AM on 03/18/2025,1902048856298356894,1902048856298356894,100,1902527068837179634,1901822168104927553,7140dibdnow9c7btw4dzn5ryaro8sniclyg4nyvmnld83
The Fremont Bridge has closed to traffic at  10:40 AM on 03/18/2025,1902052383288602908,1902052383288602908,100,1902527068837179634,1901822168104927553,7140dibdnow9c7btw4dzn5ryaro8sniclyg4nyvmnld83
The Fremont Bridge has reopened to traffic at  10:46 AM on 03/18/2025,1902053894571880907,1902053894571880907,100,1902527068837179634,1901822168104927553,7140dibdnow9c7btw4dzn5ryaro8sniclyg4nyvmnld83
The 1st Ave S Bridge has closed to traffic at  11:05 AM on 03/18/2025,1902058680344064389,1902058680344064389,100,1902527068837179634,1901822168104927553,7140dibdnow9c7btw4dzn5ryaro8sniclyg4nyvmnld83
The Fremont Bridge has closed to traffic at  11:05 AM on 03/18/2025,1902058680771850371,1902058680771850371,100,1902527068837179634,1901822168104927553,7140dibdnow9c7btw4dzn5ryaro8sniclyg4nyvmnld83
The 1st Ave S Bridge has reopened to traffic at  11:06 AM on 03/18/2025,1902058933285736872,1902058933285736872,100,1902527068837179634,1901822168104927553,7140dibdnow9c7btw4dzn5ryaro8sniclyg4nyvmnld83
The Fremont Bridge has reopened to traffic at  11:09 AM on 03/18/2025,1902059717121499305,1902059717121499305,100,1902527068837179634,1901822168104927553,7140dibdnow9c7btw4dzn5ryaro8sniclyg4nyvmnld83
The Fremont Bridge has closed to traffic at  12:02 PM on 03/18/2025,1902073063820370075,1902073063820370075,100,1902527068837179634,1901822168104927553,7140dibdnow9c7btw4dzn5ryaro8sniclyg4nyvmnld83
The Fremont Bridge has reopened to traffic at  12:07 PM on 03/18/2025,1902074323164364970,1902074323164364970,100,1902527068837179634,1901822168104927553,7140dibdnow9c7btw4dzn5ryaro8sniclyg4nyvmnld83
The 1st Ave S Bridge has closed to traffic at  12:42 PM on 03/18/2025,1902083137427087601,1902083137427087601,100,1902527068837179634,1901822168104927553,7140dibdnow9c7btw4dzn5ryaro8sniclyg4nyvmnld83
The 1st Ave S Bridge has reopened to traffic at  12:47 PM on 03/18/2025,1902084396825612703,1902084396825612703,100,1902527068837179634,1901822168104927553,7140dibdnow9c7btw4dzn5ryaro8sniclyg4nyvmnld83
The 1st Ave S Bridge has closed to traffic at  12:55 PM on 03/18/2025,1902086412712997378,1902086412712997378,100,1902527068837179634,1901822168104927553,7140dibdnow9c7btw4dzn5ryaro8sniclyg4nyvmnld83
The 1st Ave S Bridge has reopened to traffic at  12:57 PM on 03/18/2025,1902086916583125133,1902086916583125133,100,1902527068837179634,1901822168104927553,7140dibdnow9c7btw4dzn5ryaro8sniclyg4nyvmnld83
The 1st Ave S Bridge has closed to traffic at  12:58 PM on 03/18/2025,1902087168740544887,1902087168740544887,100,1902527068837179634,1901822168104927553,7140dibdnow9c7btw4dzn5ryaro8sniclyg4nyvmnld83
The 1st Ave S Bridge has reopened to traffic at  12:59 PM on 03/18/2025,1902087420889485732,1902087420889485732,100,1902527068837179634,1901822168104927553,7140dibdnow9c7btw4dzn5ryaro8sniclyg4nyvmnld83
The 1st Ave S Bridge has closed to traffic at  01:02 PM on 03/18/2025,1902088176627544572,1902088176627544572,100,1902527068837179634,1901822168104927553,7140dibdnow9c7btw4dzn5ryaro8sniclyg4nyvmnld83
The 1st Ave S Bridge has reopened to traffic at  01:03 PM on 03/18/2025,1902088429065924842,1902088429065924842,100,1902527068837179634,1901822168104927553,7140dibdnow9c7btw4dzn5ryaro8sniclyg4nyvmnld83
The 1st Ave S Bridge has closed to traffic at  01:15 PM on 03/18/2025,1902091451921789380,1902091451921789380,100,1902527068837179634,1901822168104927553,7140dibdnow9c7btw4dzn5ryaro8sniclyg4nyvmnld83
The 1st Ave S Bridge has reopened to traffic at  01:20 PM on 03/18/2025,1902092648556765228,1902092648556765228,100,1902527068837179634,1901822168104927553,7140dibdnow9c7btw4dzn5ryaro8sniclyg4nyvmnld83
The Ballard Bridge has closed to traffic at  02:15 PM on 03/18/2025,1902106498920263781,1902106498920263781,100,1902527068837179634,1901822168104927553,7140dibdnow9c7btw4dzn5ryaro8sniclyg4nyvmnld83
The Ballard Bridge has reopened to traffic at  02:22 PM on 03/18/2025,1902108262767657310,1902108262767657310,100,1902527068837179634,1901822168104927553,7140dibdnow9c7btw4dzn5ryaro8sniclyg4nyvmnld83
The Fremont Bridge has closed to traffic at  02:33 PM on 03/18/2025,1902111034145702204,1902111034145702204,100,1902527068837179634,1901822168104927553,7140dibdnow9c7btw4dzn5ryaro8sniclyg4nyvmnld83
The Fremont Bridge has reopened to traffic at  02:41 PM on 03/18/2025,1902113050112749966,1902113050112749966,100,1902527068837179634,1901822168104927553,7140dibdnow9c7btw4dzn5ryaro8sniclyg4nyvmnld83
The University Bridge has closed to traffic at  02:55 PM on 03/18/2025,1902116576566112364,1902116576566112364,100,1902527068837179634,1901822168104927553,7140dibdnow9c7btw4dzn5ryaro8sniclyg4nyvmnld83
The University Bridge has reopened to traffic at  03:02 PM on 03/18/2025,1902118340711350731,1902118340711350731,100,1902527068837179634,1901822168104927553,7140dibdnow9c7btw4dzn5ryaro8sniclyg4nyvmnld83
The Ballard Bridge has closed to traffic at  06:01 PM on 03/18/2025,1902163417311683029,1902163417311683029,100,1902527068837179634,1901822168104927553,7140dibdnow9c7btw4dzn5ryaro8sniclyg4nyvmnld83
The Ballard Bridge has reopened to traffic at  06:04 PM on 03/18/2025,1902164173112652076,1902164173112652076,100,1902527068837179634,1901822168104927553,7140dibdnow9c7btw4dzn5ryaro8sniclyg4nyvmnld83
The Fremont Bridge has closed to traffic at  06:22 PM on 03/18/2025,1902168706572333532,1902168706572333532,100,1902527068837179634,1901822168104927553,7140dibdnow9c7btw4dzn5ryaro8sniclyg4nyvmnld83
The Fremont Bridge has reopened to traffic at  06:26 PM on 03/18/2025,1902169714165760264,1902169714165760264,100,1902527068837179634,1901822168104927553,7140dibdnow9c7btw4dzn5ryaro8sniclyg4nyvmnld83
The University Bridge has closed to traffic at  06:40 PM on 03/18/2025,1902173240598130719,1902173240598130719,100,1902527068837179634,1901822168104927553,7140dibdnow9c7btw4dzn5ryaro8sniclyg4nyvmnld83
The University Bridge has reopened to traffic at  06:45 PM on 03/18/2025,1902174437082067332,1902174437082067332,100,1902527068837179634,1901822168104927553,7140dibdnow9c7btw4dzn5ryaro8sniclyg4nyvmnld83
The University Bridge has closed to traffic at  06:49 PM on 03/18/2025,1902175444604219848,1902175444604219848,100,1902527068837179634,1901822168104927553,7140dibdnow9c7btw4dzn5ryaro8sniclyg4nyvmnld83
The University Bridge has reopened to traffic at  06:55 PM on 03/18/2025,1902176955791032413,1902176955791032413,100,1902527068837179634,1901822168104927553,7140dibdnow9c7btw4dzn5ryaro8sniclyg4nyvmnld83
The Montlake Bridge has closed to traffic at  07:01 PM on 03/18/2025,1902178467304894531,1902178467304894531,100,1902527068837179634,1901822168104927553,7140dibdnow9c7btw4dzn5ryaro8sniclyg4nyvmnld83
The Fremont Bridge has closed to traffic at  07:03 PM on 03/18/2025,1902178971460194622,1902178971460194622,100,1902527068837179634,1901822168104927553,7140dibdnow9c7btw4dzn5ryaro8sniclyg4nyvmnld83
The Montlake Bridge has reopened to traffic at  07:06 PM on 03/18/2025,1902179727248650470,1902179727248650470,100,1902527068837179634,1901822168104927553,7140dibdnow9c7btw4dzn5ryaro8sniclyg4nyvmnld83
The Fremont Bridge has reopened to traffic at  07:09 PM on 03/18/2025,1902180482944778299,1902180482944778299,100,1902527068837179634,1901822168104927553,7140dibdnow9c7btw4dzn5ryaro8sniclyg4nyvmnld83
The Ballard Bridge has closed to traffic at  07:17 PM on 03/18/2025,1902182498559524920,1902182498559524920,100,1902527068837179634,1901822168104927553,7140dibdnow9c7btw4dzn5ryaro8sniclyg4nyvmnld83
The Ballard Bridge has reopened to traffic at  07:22 PM on 03/18/2025,1902183757802828123,1902183757802828123,100,1902527068837179634,1901822168104927553,7140dibdnow9c7btw4dzn5ryaro8sniclyg4nyvmnld83
The Ballard Bridge has closed to traffic at  05:07 AM on 03/19/2025,1902330999285149931,1902330999285149931,100,1902527068837179634,1901822168104927553,7140dibdnow9c7btw4dzn5ryaro8sniclyg4nyvmnld83
The Ballard Bridge has reopened to traffic at  05:12 AM on 03/19/2025,1902332258633314659,1902332258633314659,100,1902527068837179634,1901822168104927553,7140dibdnow9c7btw4dzn5ryaro8sniclyg4nyvmnld83
The University Bridge has closed to traffic at  10:16 AM on 03/19/2025,1902408743746498678,1902408743746498678,100,1902527068837179634,1901822168104927553,7140dibdnow9c7btw4dzn5ryaro8sniclyg4nyvmnld83
The University Bridge has reopened to traffic at  10:21 AM on 03/19/2025,1902410003073659292,1902410003073659292,100,1902527068837179634,1901822168104927553,7140dibdnow9c7btw4dzn5ryaro8sniclyg4nyvmnld83
The 1st Ave S Bridge has closed to traffic at  10:57 AM on 03/19/2025,1902419069145641140,1902419069145641140,100,1902527068837179634,1901822168104927553,7140dibdnow9c7btw4dzn5ryaro8sniclyg4nyvmnld83
The 1st Ave S Bridge has reopened to traffic at  11:05 AM on 03/19/2025,1902421085309841566,1902421085309841566,100,1902527068837179634,1901822168104927553,7140dibdnow9c7btw4dzn5ryaro8sniclyg4nyvmnld83
The University Bridge has closed to traffic at  11:23 AM on 03/19/2025,1902425618937200769,1902425618937200769,100,1902527068837179634,1901822168104927553,7140dibdnow9c7btw4dzn5ryaro8sniclyg4nyvmnld83
The University Bridge has reopened to traffic at  11:29 AM on 03/19/2025,1902427130233024562,1902427130233024562,100,1902527068837179634,1901822168104927553,7140dibdnow9c7btw4dzn5ryaro8sniclyg4nyvmnld83
The University Bridge has closed to traffic at  11:42 AM on 03/19/2025,1902430405846045122,1902430405846045122,100,1902527068837179634,1901822168104927553,7140dibdnow9c7btw4dzn5ryaro8sniclyg4nyvmnld83
The University Bridge has reopened to traffic at  11:47 AM on 03/19/2025,1902431665810804907,1902431665810804907,100,1902527068837179634,1901822168104927553,7140dibdnow9c7btw4dzn5ryaro8sniclyg4nyvmnld83
The University Bridge has closed to traffic at  12:01 PM on 03/19/2025,1902435192276660717,1902435192276660717,100,1902527068837179634,1901822168104927553,7140dibdnow9c7btw4dzn5ryaro8sniclyg4nyvmnld83
The University Bridge has reopened to traffic at  12:06 PM on 03/19/2025,1902436451591258534,1902436451591258534,100,1902527068837179634,1901822168104927553,7140dibdnow9c7btw4dzn5ryaro8sniclyg4nyvmnld83
The University Bridge has closed to traffic at  12:14 PM on 03/19/2025,1902438468137185556,1902438468137185556,100,1902527068837179634,1901822168104927553,7140dibdnow9c7btw4dzn5ryaro8sniclyg4nyvmnld83
The University Bridge has reopened to traffic at  12:20 PM on 03/19/2025,1902439979307168021,1902439979307168021,100,1902527068837179634,1901822168104927553,7140dibdnow9c7btw4dzn5ryaro8sniclyg4nyvmnld83
The Fremont Bridge has closed to traffic at  12:31 PM on 03/19/2025,1902442750299279494,1902442750299279494,100,1902527068837179634,1901822168104927553,7140dibdnow9c7btw4dzn5ryaro8sniclyg4nyvmnld83
The Fremont Bridge has reopened to traffic at  12:35 PM on 03/19/2025,1902443757792063896,1902443757792063896,100,1902527068837179634,1901822168104927553,7140dibdnow9c7btw4dzn5ryaro8sniclyg4nyvmnld83
The Ballard Bridge has closed to traffic at  12:45 PM on 03/19/2025,1902446277155287435,1902446277155287435,100,1902527068837179634,1901822168104927553,7140dibdnow9c7btw4dzn5ryaro8sniclyg4nyvmnld83
The Ballard Bridge has reopened to traffic at  12:48 PM on 03/19/2025,1902447033027588277,1902447033027588277,100,1902527068837179634,1901822168104927553,7140dibdnow9c7btw4dzn5ryaro8sniclyg4nyvmnld83
The University Bridge has closed to traffic at  01:02 PM on 03/19/2025,1902450559447396624,1902450559447396624,100,1902527068837179634,1901822168104927553,7140dibdnow9c7btw4dzn5ryaro8sniclyg4nyvmnld83
The University Bridge has reopened to traffic at  01:07 PM on 03/19/2025,1902451818887885231,1902451818887885231,100,1902527068837179634,1901822168104927553,7140dibdnow9c7btw4dzn5ryaro8sniclyg4nyvmnld83
The University Bridge has closed to traffic at  01:13 PM on 03/19/2025,1902453329919406539,1902453329919406539,100,1902527068837179634,1901822168104927553,7140dibdnow9c7btw4dzn5ryaro8sniclyg4nyvmnld83
The University Bridge has reopened to traffic at  01:18 PM on 03/19/2025,1902454589523394706,1902454589523394706,100,1902527068837179634,1901822168104927553,7140dibdnow9c7btw4dzn5ryaro8sniclyg4nyvmnld83
The Ballard Bridge has closed to traffic at  01:22 PM on 03/19/2025,1902455597142045057,1902455597142045057,100,1902527068837179634,1901822168104927553,7140dibdnow9c7btw4dzn5ryaro8sniclyg4nyvmnld83
The Ballard Bridge has reopened to traffic at  01:25 PM on 03/19/2025,1902456352943083749,1902456352943083749,100,1902527068837179634,1901822168104927553,7140dibdnow9c7btw4dzn5ryaro8sniclyg4nyvmnld83
The University Bridge has closed to traffic at  01:33 PM on 03/19/2025,1902458307216060858,1902458307216060858,100,1902527068837179634,1901822168104927553,7140dibdnow9c7btw4dzn5ryaro8sniclyg4nyvmnld83
The Ballard Bridge has closed to traffic at  01:36 PM on 03/19/2025,1902459064195715517,1902459064195715517,100,1902527068837179634,1901822168104927553,7140dibdnow9c7btw4dzn5ryaro8sniclyg4nyvmnld83
The University Bridge has reopened to traffic at  01:37 PM on 03/19/2025,1902459316655038916,1902459316655038916,100,1902527068837179634,1901822168104927553,7140dibdnow9c7btw4dzn5ryaro8sniclyg4nyvmnld83
The Ballard Bridge has reopened to traffic at  01:39 PM on 03/19/2025,1902459820722319747,1902459820722319747,100,1902527068837179634,1901822168104927553,7140dibdnow9c7btw4dzn5ryaro8sniclyg4nyvmnld83
The Fremont Bridge has closed to traffic at  01:49 PM on 03/19/2025,1902462340253315192,1902462340253315192,100,1902527068837179634,1901822168104927553,7140dibdnow9c7btw4dzn5ryaro8sniclyg4nyvmnld83
The University Bridge has closed to traffic at  01:52 PM on 03/19/2025,1902463096540819832,1902463096540819832,100,1902527068837179634,1901822168104927553,7140dibdnow9c7btw4dzn5ryaro8sniclyg4nyvmnld83
The Fremont Bridge has reopened to traffic at  01:53 PM on 03/19/2025,1902463349214081197,1902463349214081197,100,1902527068837179634,1901822168104927553,7140dibdnow9c7btw4dzn5ryaro8sniclyg4nyvmnld83
The Ballard Bridge has closed to traffic at  01:56 PM on 03/19/2025,1902464105073799360,1902464105073799360,100,1902527068837179634,1901822168104927553,7140dibdnow9c7btw4dzn5ryaro8sniclyg4nyvmnld83
The University Bridge has reopened to traffic at  01:56 PM on 03/19/2025,1902464105644257402,1902464105644257402,100,1902527068837179634,1901822168104927553,7140dibdnow9c7btw4dzn5ryaro8sniclyg4nyvmnld83
The Ballard Bridge has reopened to traffic at  02:02 PM on 03/19/2025,1902465617078489160,1902465617078489160,100,1902527068837179634,1901822168104927553,7140dibdnow9c7btw4dzn5ryaro8sniclyg4nyvmnld83
The University Bridge has closed to traffic at  02:05 PM on 03/19/2025,1902466372871074243,1902466372871074243,100,1902527068837179634,1901822168104927553,7140dibdnow9c7btw4dzn5ryaro8sniclyg4nyvmnld83
The University Bridge has reopened to traffic at  02:11 PM on 03/19/2025,1902467883994902625,1902467883994902625,100,1902527068837179634,1901822168104927553,7140dibdnow9c7btw4dzn5ryaro8sniclyg4nyvmnld83
The Fremont Bridge has closed to traffic at  02:15 PM on 03/19/2025,1902468891663856014,1902468891663856014,100,1902527068837179634,1901822168104927553,7140dibdnow9c7btw4dzn5ryaro8sniclyg4nyvmnld83
The Fremont Bridge has reopened to traffic at  02:22 PM on 03/19/2025,1902470655767146603,1902470655767146603,100,1902527068837179634,1901822168104927553,7140dibdnow9c7btw4dzn5ryaro8sniclyg4nyvmnld83
The University Bridge has closed to traffic at  02:37 PM on 03/19/2025,1902474434554032489,1902474434554032489,100,1902527068837179634,1901822168104927553,7140dibdnow9c7btw4dzn5ryaro8sniclyg4nyvmnld83
The University Bridge has reopened to traffic at  02:46 PM on 03/19/2025,1902476702175129717,1902476702175129717,100,1902527068837179634,1901822168104927553,7140dibdnow9c7btw4dzn5ryaro8sniclyg4nyvmnld83
The Ballard Bridge has closed to traffic at  02:52 PM on 03/19/2025,1902478213479346237,1902478213479346237,100,1902527068837179634,1901822168104927553,7140dibdnow9c7btw4dzn5ryaro8sniclyg4nyvmnld83
The Ballard Bridge has reopened to traffic at  02:58 PM on 03/19/2025,1902479724506669427,1902479724506669427,100,1902527068837179634,1901822168104927553,7140dibdnow9c7btw4dzn5ryaro8sniclyg4nyvmnld83
The Fremont Bridge has closed to traffic at  03:10 PM on 03/19/2025,1902482747534537192,1902482747534537192,100,1902527068837179634,1901822168104927553,7140dibdnow9c7btw4dzn5ryaro8sniclyg4nyvmnld83
The Fremont Bridge has reopened to traffic at  03:14 PM on 03/19/2025,1902483755065069884,1902483755065069884,100,1902527068837179634,1901822168104927553,7140dibdnow9c7btw4dzn5ryaro8sniclyg4nyvmnld83
The Ballard Bridge has closed to traffic at  04:11 PM on 03/19/2025,1902498109957271590,1902498109957271590,100,1902527068837179634,1901822168104927553,7140dibdnow9c7btw4dzn5ryaro8sniclyg4nyvmnld83
The Ballard Bridge has reopened to traffic at  04:17 PM on 03/19/2025,1902499621118894522,1902499621118894522,100,1902527068837179634,1901822168104927553,7140dibdnow9c7btw4dzn5ryaro8sniclyg4nyvmnld83
The University Bridge has closed to traffic at  06:00 PM on 03/19/2025,1902525557713318295,1902525557713318295,100,1902527068837179634,1901822168104927553,7140dibdnow9c7btw4dzn5ryaro8sniclyg4nyvmnld83
The University Bridge has reopened to traffic at  06:06 PM on 03/19/2025,1902527068837179634,1902527068837179634,100,1902527068837179634,1901822168104927553,7140dibdnow9c7btw4dzn5ryaro8sniclyg4nyvmnld83
The Fremont Bridge has closed to traffic at  06:11 PM on 03/19/2025,1902528265425973306,1902528265425973306,100,1903188171854385500,1902528265425973306,7140dibdnow9c7btw4dzn7vs2ush01mzdborq9n69gunq
The Fremont Bridge has reopened to traffic at  06:17 PM on 03/19/2025,1902529776633684378,1902529776633684378,100,1903188171854385500,1902528265425973306,7140dibdnow9c7btw4dzn7vs2ush01mzdborq9n69gunq
The Ballard Bridge has closed to traffic at  06:21 PM on 03/19/2025,1902530784189411774,1902530784189411774,100,1903188171854385500,1902528265425973306,7140dibdnow9c7btw4dzn7vs2ush01mzdborq9n69gunq
The Ballard Bridge has reopened to traffic at  06:27 PM on 03/19/2025,1902532295325839586,1902532295325839586,100,1903188171854385500,1902528265425973306,7140dibdnow9c7btw4dzn7vs2ush01mzdborq9n69gunq
The Fremont Bridge has closed to traffic at  06:39 AM on 03/20/2025,1902716558851662048,1902716558851662048,100,1903188171854385500,1902528265425973306,7140dibdnow9c7btw4dzn7vs2ush01mzdborq9n69gunq
The Fremont Bridge has reopened to traffic at  06:43 AM on 03/20/2025,1902717566298272063,1902717566298272063,100,1903188171854385500,1902528265425973306,7140dibdnow9c7btw4dzn7vs2ush01mzdborq9n69gunq
The Fremont Bridge has closed to traffic at  08:39 AM on 03/20/2025,1902746716467876112,1902746716467876112,100,1903188171854385500,1902528265425973306,7140dibdnow9c7btw4dzn7vs2ush01mzdborq9n69gunq
The Fremont Bridge has reopened to traffic at  08:52 AM on 03/20/2025,1902749991418142741,1902749991418142741,100,1903188171854385500,1902528265425973306,7140dibdnow9c7btw4dzn7vs2ush01mzdborq9n69gunq
The Ballard Bridge has closed to traffic at  09:23 AM on 03/20/2025,1902757798221615206,1902757798221615206,100,1903188171854385500,1902528265425973306,7140dibdnow9c7btw4dzn7vs2ush01mzdborq9n69gunq
The Ballard Bridge has reopened to traffic at  09:33 AM on 03/20/2025,1902760317593227414,1902760317593227414,100,1903188171854385500,1902528265425973306,7140dibdnow9c7btw4dzn7vs2ush01mzdborq9n69gunq
The University Bridge has closed to traffic at  09:47 AM on 03/20/2025,1902763844407267495,1902763844407267495,100,1903188171854385500,1902528265425973306,7140dibdnow9c7btw4dzn7vs2ush01mzdborq9n69gunq
The University Bridge has reopened to traffic at  09:52 AM on 03/20/2025,1902765103780598222,1902765103780598222,100,1903188171854385500,1902528265425973306,7140dibdnow9c7btw4dzn7vs2ush01mzdborq9n69gunq
The University Bridge has closed to traffic at  10:01 AM on 03/20/2025,1902767371468804562,1902767371468804562,100,1903188171854385500,1902528265425973306,7140dibdnow9c7btw4dzn7vs2ush01mzdborq9n69gunq
The University Bridge has reopened to traffic at  10:05 AM on 03/20/2025,1902768379100062063,1902768379100062063,100,1903188171854385500,1902528265425973306,7140dibdnow9c7btw4dzn7vs2ush01mzdborq9n69gunq
The University Bridge has closed to traffic at  10:32 AM on 03/20/2025,1902775179178283380,1902775179178283380,100,1903188171854385500,1902528265425973306,7140dibdnow9c7btw4dzn7vs2ush01mzdborq9n69gunq
The Fremont Bridge has closed to traffic at  10:34 AM on 03/20/2025,1902775683233042456,1902775683233042456,100,1903188171854385500,1902528265425973306,7140dibdnow9c7btw4dzn7vs2ush01mzdborq9n69gunq
The University Bridge has reopened to traffic at  10:37 AM on 03/20/2025,1902776439696670813,1902776439696670813,100,1903188171854385500,1902528265425973306,7140dibdnow9c7btw4dzn7vs2ush01mzdborq9n69gunq
The Fremont Bridge has reopened to traffic at  10:38 AM on 03/20/2025,1902776691854098827,1902776691854098827,100,1903188171854385500,1902528265425973306,7140dibdnow9c7btw4dzn7vs2ush01mzdborq9n69gunq
The University Bridge has closed to traffic at  11:04 AM on 03/20/2025,1902783240110477738,1902783240110477738,100,1903188171854385500,1902528265425973306,7140dibdnow9c7btw4dzn7vs2ush01mzdborq9n69gunq
The University Bridge has reopened to traffic at  11:10 AM on 03/20/2025,1902784751636976003,1902784751636976003,100,1903188171854385500,1902528265425973306,7140dibdnow9c7btw4dzn7vs2ush01mzdborq9n69gunq
The Fremont Bridge has closed to traffic at  11:46 AM on 03/20/2025,1902793818057109816,1902793818057109816,100,1903188171854385500,1902528265425973306,7140dibdnow9c7btw4dzn7vs2ush01mzdborq9n69gunq
The Fremont Bridge has reopened to traffic at  11:51 AM on 03/20/2025,1902795077371797989,1902795077371797989,100,1903188171854385500,1902528265425973306,7140dibdnow9c7btw4dzn7vs2ush01mzdborq9n69gunq
The Fremont Bridge has closed to traffic at  12:19 PM on 03/20/2025,1902802129099821319,1902802129099821319,100,1903188171854385500,1902528265425973306,7140dibdnow9c7btw4dzn7vs2ush01mzdborq9n69gunq
The Fremont Bridge has reopened to traffic at  12:24 PM on 03/20/2025,1902803388498317456,1902803388498317456,100,1903188171854385500,1902528265425973306,7140dibdnow9c7btw4dzn7vs2ush01mzdborq9n69gunq
The University Bridge has closed to traffic at  01:34 PM on 03/20/2025,1902820954230948269,1902820954230948269,100,1903188171854385500,1902528265425973306,7140dibdnow9c7btw4dzn7vs2ush01mzdborq9n69gunq
The University Bridge has reopened to traffic at  01:40 PM on 03/20/2025,1902822465518326226,1902822465518326226,100,1903188171854385500,1902528265425973306,7140dibdnow9c7btw4dzn7vs2ush01mzdborq9n69gunq
The University Bridge has closed to traffic at  01:54 PM on 03/20/2025,1902825992990888224,1902825992990888224,100,1903188171854385500,1902528265425973306,7140dibdnow9c7btw4dzn7vs2ush01mzdborq9n69gunq
The University Bridge has reopened to traffic at  02:01 PM on 03/20/2025,1902827757035458573,1902827757035458573,100,1903188171854385500,1902528265425973306,7140dibdnow9c7btw4dzn7vs2ush01mzdborq9n69gunq
The 1st Ave S Bridge has closed to traffic at  02:12 PM on 03/20/2025,1902830528723816612,1902830528723816612,100,1903188171854385500,1902528265425973306,7140dibdnow9c7btw4dzn7vs2ush01mzdborq9n69gunq
The 1st Ave S Bridge has reopened to traffic at  02:16 PM on 03/20/2025,1902831536489349298,1902831536489349298,100,1903188171854385500,1902528265425973306,7140dibdnow9c7btw4dzn7vs2ush01mzdborq9n69gunq
The 1st Ave S Bridge has closed to traffic at  02:54 PM on 03/20/2025,1902841105902866771,1902841105902866771,100,1903188171854385500,1902528265425973306,7140dibdnow9c7btw4dzn7vs2ush01mzdborq9n69gunq
The 1st Ave S Bridge has reopened to traffic at  02:55 PM on 03/20/2025,1902841358160929180,1902841358160929180,100,1903188171854385500,1902528265425973306,7140dibdnow9c7btw4dzn7vs2ush01mzdborq9n69gunq
The University Bridge has closed to traffic at  02:55 PM on 03/20/2025,1902841358722929048,1902841358722929048,100,1903188171854385500,1902528265425973306,7140dibdnow9c7btw4dzn7vs2ush01mzdborq9n69gunq
The University Bridge has reopened to traffic at  03:11 PM on 03/20/2025,1902845389574987975,1902845389574987975,100,1903188171854385500,1902528265425973306,7140dibdnow9c7btw4dzn7vs2ush01mzdborq9n69gunq
The Fremont Bridge has closed to traffic at  03:13 PM on 03/20/2025,1902845893587709989,1902845893587709989,100,1903188171854385500,1902528265425973306,7140dibdnow9c7btw4dzn7vs2ush01mzdborq9n69gunq
The Fremont Bridge has reopened to traffic at  03:17 PM on 03/20/2025,1902846901084672162,1902846901084672162,100,1903188171854385500,1902528265425973306,7140dibdnow9c7btw4dzn7vs2ush01mzdborq9n69gunq
The Ballard Bridge has closed to traffic at  03:24 PM on 03/20/2025,1902848665313742954,1902848665313742954,100,1903188171854385500,1902528265425973306,7140dibdnow9c7btw4dzn7vs2ush01mzdborq9n69gunq
The Ballard Bridge has reopened to traffic at  03:28 PM on 03/20/2025,1902849672743620961,1902849672743620961,100,1903188171854385500,1902528265425973306,7140dibdnow9c7btw4dzn7vs2ush01mzdborq9n69gunq
The University Bridge has closed to traffic at  03:28 PM on 03/20/2025,1902849673121128556,1902849673121128556,100,1903188171854385500,1902528265425973306,7140dibdnow9c7btw4dzn7vs2ush01mzdborq9n69gunq
The University Bridge has reopened to traffic at  03:39 PM on 03/20/2025,1902852445870661986,1902852445870661986,100,1903188171854385500,1902528265425973306,7140dibdnow9c7btw4dzn7vs2ush01mzdborq9n69gunq
The University Bridge has closed to traffic at  03:54 PM on 03/20/2025,1902856224384881057,1902856224384881057,100,1903188171854385500,1902528265425973306,7140dibdnow9c7btw4dzn7vs2ush01mzdborq9n69gunq
The University Bridge has reopened to traffic at  04:02 PM on 03/20/2025,1902858240402301390,1902858240402301390,100,1903188171854385500,1902528265425973306,7140dibdnow9c7btw4dzn7vs2ush01mzdborq9n69gunq
The University Bridge has closed to traffic at  04:17 PM on 03/20/2025,1902862018568392782,1902862018568392782,100,1903188171854385500,1902528265425973306,7140dibdnow9c7btw4dzn7vs2ush01mzdborq9n69gunq
The University Bridge has reopened to traffic at  04:24 PM on 03/20/2025,1902863782856245500,1902863782856245500,100,1903188171854385500,1902528265425973306,7140dibdnow9c7btw4dzn7vs2ush01mzdborq9n69gunq
The University Bridge has closed to traffic at  04:39 PM on 03/20/2025,1902867564537282649,1902867564537282649,100,1903188171854385500,1902528265425973306,7140dibdnow9c7btw4dzn7vs2ush01mzdborq9n69gunq
The University Bridge has reopened to traffic at  04:46 PM on 03/20/2025,1902869265751085289,1902869265751085289,100,1903188171854385500,1902528265425973306,7140dibdnow9c7btw4dzn7vs2ush01mzdborq9n69gunq
The University Bridge has closed to traffic at  04:59 PM on 03/20/2025,1902872540953055380,1902872540953055380,100,1903188171854385500,1902528265425973306,7140dibdnow9c7btw4dzn7vs2ush01mzdborq9n69gunq
The University Bridge has reopened to traffic at  05:02 PM on 03/20/2025,1902873296850592224,1902873296850592224,100,1903188171854385500,1902528265425973306,7140dibdnow9c7btw4dzn7vs2ush01mzdborq9n69gunq
The University Bridge has closed to traffic at  05:12 PM on 03/20/2025,1902875816469635298,1902875816469635298,100,1903188171854385500,1902528265425973306,7140dibdnow9c7btw4dzn7vs2ush01mzdborq9n69gunq
The University Bridge has reopened to traffic at  05:16 PM on 03/20/2025,1902876824151134621,1902876824151134621,100,1903188171854385500,1902528265425973306,7140dibdnow9c7btw4dzn7vs2ush01mzdborq9n69gunq
The Ballard Bridge has closed to traffic at  06:00 PM on 03/20/2025,1902887904424366411,1902887904424366411,100,1903188171854385500,1902528265425973306,7140dibdnow9c7btw4dzn7vs2ush01mzdborq9n69gunq
The Ballard Bridge has reopened to traffic at  06:04 PM on 03/20/2025,1902888912013627797,1902888912013627797,100,1903188171854385500,1902528265425973306,7140dibdnow9c7btw4dzn7vs2ush01mzdborq9n69gunq
The Fremont Bridge has closed to traffic at  06:12 PM on 03/20/2025,1902890928043593852,1902890928043593852,100,1903188171854385500,1902528265425973306,7140dibdnow9c7btw4dzn7vs2ush01mzdborq9n69gunq
The Fremont Bridge has reopened to traffic at  06:18 PM on 03/20/2025,1902892439209382039,1902892439209382039,100,1903188171854385500,1902528265425973306,7140dibdnow9c7btw4dzn7vs2ush01mzdborq9n69gunq
The University Bridge has closed to traffic at  06:26 PM on 03/20/2025,1902894455054836005,1902894455054836005,100,1903188171854385500,1902528265425973306,7140dibdnow9c7btw4dzn7vs2ush01mzdborq9n69gunq
The University Bridge has reopened to traffic at  06:32 PM on 03/20/2025,1902895966333833523,1902895966333833523,100,1903188171854385500,1902528265425973306,7140dibdnow9c7btw4dzn7vs2ush01mzdborq9n69gunq
The University Bridge has closed to traffic at  09:38 PM on 03/20/2025,1902942804936114465,1902942804936114465,100,1903188171854385500,1902528265425973306,7140dibdnow9c7btw4dzn7vs2ush01mzdborq9n69gunq
The University Bridge has reopened to traffic at  09:44 PM on 03/20/2025,1902944316290633733,1902944316290633733,100,1903188171854385500,1902528265425973306,7140dibdnow9c7btw4dzn7vs2ush01mzdborq9n69gunq
The Fremont Bridge has closed to traffic at  09:53 PM on 03/20/2025,1902946584574542116,1902946584574542116,100,1903188171854385500,1902528265425973306,7140dibdnow9c7btw4dzn7vs2ush01mzdborq9n69gunq
The Fremont Bridge has reopened to traffic at  09:58 PM on 03/20/2025,1902947781142253725,1902947781142253725,100,1903188171854385500,1902528265425973306,7140dibdnow9c7btw4dzn7vs2ush01mzdborq9n69gunq
The Ballard Bridge has closed to traffic at  10:03 PM on 03/20/2025,1902949040884683212,1902949040884683212,100,1903188171854385500,1902528265425973306,7140dibdnow9c7btw4dzn7vs2ush01mzdborq9n69gunq
The Ballard Bridge has reopened to traffic at  10:08 PM on 03/20/2025,1902950300346093790,1902950300346093790,100,1903188171854385500,1902528265425973306,7140dibdnow9c7btw4dzn7vs2ush01mzdborq9n69gunq
The 1st Ave S Bridge has closed to traffic at  09:28 AM on 03/21/2025,1903121468285980747,1903121468285980747,100,1903188171854385500,1902528265425973306,7140dibdnow9c7btw4dzn7vs2ush01mzdborq9n69gunq
The 1st Ave S Bridge has reopened to traffic at  09:44 AM on 03/21/2025,1903125499402129492,1903125499402129492,100,1903188171854385500,1902528265425973306,7140dibdnow9c7btw4dzn7vs2ush01mzdborq9n69gunq
The 1st Ave S Bridge has closed to traffic at  09:45 AM on 03/21/2025,1903125751609934281,1903125751609934281,100,1903188171854385500,1902528265425973306,7140dibdnow9c7btw4dzn7vs2ush01mzdborq9n69gunq
The 1st Ave S Bridge has reopened to traffic at  09:52 AM on 03/21/2025,1903127515537035379,1903127515537035379,100,1903188171854385500,1902528265425973306,7140dibdnow9c7btw4dzn7vs2ush01mzdborq9n69gunq
The University Bridge has closed to traffic at  10:07 AM on 03/21/2025,1903131294416114034,1903131294416114034,100,1903188171854385500,1902528265425973306,7140dibdnow9c7btw4dzn7vs2ush01mzdborq9n69gunq
The University Bridge has reopened to traffic at  10:11 AM on 03/21/2025,1903132302538051607,1903132302538051607,100,1903188171854385500,1902528265425973306,7140dibdnow9c7btw4dzn7vs2ush01mzdborq9n69gunq
The Ballard Bridge has closed to traffic at  10:29 AM on 03/21/2025,1903136837344039079,1903136837344039079,100,1903188171854385500,1902528265425973306,7140dibdnow9c7btw4dzn7vs2ush01mzdborq9n69gunq
The Ballard Bridge has reopened to traffic at  10:33 AM on 03/21/2025,1903137782090146129,1903137782090146129,100,1903188171854385500,1902528265425973306,7140dibdnow9c7btw4dzn7vs2ush01mzdborq9n69gunq
The 1st Ave S Bridge has closed to traffic at  10:43 AM on 03/21/2025,1903140301512065377,1903140301512065377,100,1903188171854385500,1902528265425973306,7140dibdnow9c7btw4dzn7vs2ush01mzdborq9n69gunq
The University Bridge has closed to traffic at  10:44 AM on 03/21/2025,1903140553644183593,1903140553644183593,100,1903188171854385500,1902528265425973306,7140dibdnow9c7btw4dzn7vs2ush01mzdborq9n69gunq
The Fremont Bridge has closed to traffic at  10:45 AM on 03/21/2025,1903140805910593806,1903140805910593806,100,1903188171854385500,1902528265425973306,7140dibdnow9c7btw4dzn7vs2ush01mzdborq9n69gunq
The 1st Ave S Bridge has reopened to traffic at  10:46 AM on 03/21/2025,1903141058214760844,1903141058214760844,100,1903188171854385500,1902528265425973306,7140dibdnow9c7btw4dzn7vs2ush01mzdborq9n69gunq
The University Bridge has reopened to traffic at  10:48 AM on 03/21/2025,1903141562231771371,1903141562231771371,100,1903188171854385500,1902528265425973306,7140dibdnow9c7btw4dzn7vs2ush01mzdborq9n69gunq
The Fremont Bridge has reopened to traffic at  10:49 AM on 03/21/2025,1903141814619738143,1903141814619738143,100,1903188171854385500,1902528265425973306,7140dibdnow9c7btw4dzn7vs2ush01mzdborq9n69gunq
The University Bridge has closed to traffic at  11:10 AM on 03/21/2025,1903147104324948399,1903147104324948399,100,1903188171854385500,1902528265425973306,7140dibdnow9c7btw4dzn7vs2ush01mzdborq9n69gunq
The 1st Ave S Bridge has closed to traffic at  11:11 AM on 03/21/2025,1903147356486504581,1903147356486504581,100,1903188171854385500,1902528265425973306,7140dibdnow9c7btw4dzn7vs2ush01mzdborq9n69gunq
The University Bridge has reopened to traffic at  11:15 AM on 03/21/2025,1903148364029743573,1903148364029743573,100,1903188171854385500,1902528265425973306,7140dibdnow9c7btw4dzn7vs2ush01mzdborq9n69gunq
The 1st Ave S Bridge has reopened to traffic at  11:20 AM on 03/21/2025,1903149623872717163,1903149623872717163,100,1903188171854385500,1902528265425973306,7140dibdnow9c7btw4dzn7vs2ush01mzdborq9n69gunq
The 1st Ave S Bridge has closed to traffic at  11:22 AM on 03/21/2025,1903150128166474247,1903150128166474247,100,1903188171854385500,1902528265425973306,7140dibdnow9c7btw4dzn7vs2ush01mzdborq9n69gunq
The University Bridge has closed to traffic at  11:23 AM on 03/21/2025,1903150380491608335,1903150380491608335,100,1903188171854385500,1902528265425973306,7140dibdnow9c7btw4dzn7vs2ush01mzdborq9n69gunq
The University Bridge has reopened to traffic at  11:28 AM on 03/21/2025,1903151639822995699,1903151639822995699,100,1903188171854385500,1902528265425973306,7140dibdnow9c7btw4dzn7vs2ush01mzdborq9n69gunq
The 1st Ave S Bridge has reopened to traffic at  11:30 AM on 03/21/2025,1903152143651180638,1903152143651180638,100,1903188171854385500,1902528265425973306,7140dibdnow9c7btw4dzn7vs2ush01mzdborq9n69gunq
The University Bridge has closed to traffic at  11:39 AM on 03/21/2025,1903154411775594573,1903154411775594573,100,1903188171854385500,1902528265425973306,7140dibdnow9c7btw4dzn7vs2ush01mzdborq9n69gunq
The University Bridge has reopened to traffic at  11:43 AM on 03/21/2025,1903155419394216284,1903155419394216284,100,1903188171854385500,1902528265425973306,7140dibdnow9c7btw4dzn7vs2ush01mzdborq9n69gunq
The 1st Ave S Bridge has closed to traffic at  11:53 AM on 03/21/2025,1903157939248173369,1903157939248173369,100,1903188171854385500,1902528265425973306,7140dibdnow9c7btw4dzn7vs2ush01mzdborq9n69gunq
The Fremont Bridge has closed to traffic at  11:57 AM on 03/21/2025,1903158946900357364,1903158946900357364,100,1903188171854385500,1902528265425973306,7140dibdnow9c7btw4dzn7vs2ush01mzdborq9n69gunq
The Ballard Bridge has closed to traffic at  12:00 PM on 03/21/2025,1903159703028502705,1903159703028502705,100,1903188171854385500,1902528265425973306,7140dibdnow9c7btw4dzn7vs2ush01mzdborq9n69gunq
The Fremont Bridge has reopened to traffic at  12:01 PM on 03/21/2025,1903159955496292407,1903159955496292407,100,1903188171854385500,1902528265425973306,7140dibdnow9c7btw4dzn7vs2ush01mzdborq9n69gunq
The Ballard Bridge has reopened to traffic at  12:05 PM on 03/21/2025,1903160963555287462,1903160963555287462,100,1903188171854385500,1902528265425973306,7140dibdnow9c7btw4dzn7vs2ush01mzdborq9n69gunq
The 1st Ave S Bridge has reopened to traffic at  12:07 PM on 03/21/2025,1903161467882570104,1903161467882570104,100,1903188171854385500,1902528265425973306,7140dibdnow9c7btw4dzn7vs2ush01mzdborq9n69gunq
The Fremont Bridge has closed to traffic at  12:20 PM on 03/21/2025,1903164744800072117,1903164744800072117,100,1903188171854385500,1902528265425973306,7140dibdnow9c7btw4dzn7vs2ush01mzdborq9n69gunq
The Fremont Bridge has reopened to traffic at  12:24 PM on 03/21/2025,1903165752322166880,1903165752322166880,100,1903188171854385500,1902528265425973306,7140dibdnow9c7btw4dzn7vs2ush01mzdborq9n69gunq
The Fremont Bridge has closed to traffic at  01:32 PM on 03/21/2025,1903182879984849255,1903182879984849255,100,1903188171854385500,1902528265425973306,7140dibdnow9c7btw4dzn7vs2ush01mzdborq9n69gunq
The Fremont Bridge has reopened to traffic at  01:37 PM on 03/21/2025,1903184139500786018,1903184139500786018,100,1903188171854385500,1902528265425973306,7140dibdnow9c7btw4dzn7vs2ush01mzdborq9n69gunq
The University Bridge has closed to traffic at  01:48 PM on 03/21/2025,1903186911369515084,1903186911369515084,100,1903188171854385500,1902528265425973306,7140dibdnow9c7btw4dzn7vs2ush01mzdborq9n69gunq
The 1st Ave S Bridge has closed to traffic at  01:50 PM on 03/21/2025,1903187415453536297,1903187415453536297,100,1903188171854385500,1902528265425973306,7140dibdnow9c7btw4dzn7vs2ush01mzdborq9n69gunq
The 1st Ave S Bridge has reopened to traffic at  01:52 PM on 03/21/2025,1903187919487242425,1903187919487242425,100,1903188171854385500,1902528265425973306,7140dibdnow9c7btw4dzn7vs2ush01mzdborq9n69gunq
The University Bridge has reopened to traffic at  01:53 PM on 03/21/2025,1903188171854385500,1903188171854385500,100,1903188171854385500,1902528265425973306,7140dibdnow9c7btw4dzn7vs2ush01mzdborq9n69gunq
The University Bridge has closed to traffic at  01:58 PM on 03/21/2025,1903189431370256676,1903189431370256676,100,1903888498027044971,1903189431370256676,7140dibdnow9c7btw4dzn9zbbl7auksfrylm7mvc0fkty
The University Bridge has reopened to traffic at  02:02 PM on 03/21/2025,1903190439089541170,1903190439089541170,100,1903888498027044971,1903189431370256676,7140dibdnow9c7btw4dzn9zbbl7auksfrylm7mvc0fkty
The 1st Ave S Bridge has closed to traffic at  02:05 PM on 03/21/2025,1903191194852790493,1903191194852790493,100,1903888498027044971,1903189431370256676,7140dibdnow9c7btw4dzn9zbbl7auksfrylm7mvc0fkty
The 1st Ave S Bridge has reopened to traffic at  02:06 PM on 03/21/2025,1903191446943043741,1903191446943043741,100,1903888498027044971,1903189431370256676,7140dibdnow9c7btw4dzn9zbbl7auksfrylm7mvc0fkty
The Fremont Bridge has closed to traffic at  02:13 PM on 03/21/2025,1903193210761122056,1903193210761122056,100,1903888498027044971,1903189431370256676,7140dibdnow9c7btw4dzn9zbbl7auksfrylm7mvc0fkty
The Fremont Bridge has reopened to traffic at  02:16 PM on 03/21/2025,1903193903597302213,1903193903597302213,100,1903888498027044971,1903189431370256676,7140dibdnow9c7btw4dzn9zbbl7auksfrylm7mvc0fkty
The Ballard Bridge has closed to traffic at  02:26 PM on 03/21/2025,1903196423530877137,1903196423530877137,100,1903888498027044971,1903189431370256676,7140dibdnow9c7btw4dzn9zbbl7auksfrylm7mvc0fkty
The Ballard Bridge has reopened to traffic at  02:31 PM on 03/21/2025,1903197683348804097,1903197683348804097,100,1903888498027044971,1903189431370256676,7140dibdnow9c7btw4dzn9zbbl7auksfrylm7mvc0fkty
The Ballard Bridge has closed to traffic at  02:39 PM on 03/21/2025,1903199699877892581,1903199699877892581,100,1903888498027044971,1903189431370256676,7140dibdnow9c7btw4dzn9zbbl7auksfrylm7mvc0fkty
The Ballard Bridge has reopened to traffic at  02:47 PM on 03/21/2025,1903201716281155926,1903201716281155926,100,1903888498027044971,1903189431370256676,7140dibdnow9c7btw4dzn9zbbl7auksfrylm7mvc0fkty
The Fremont Bridge has closed to traffic at  02:58 PM on 03/21/2025,1903204490330902942,1903204490330902942,100,1903888498027044971,1903189431370256676,7140dibdnow9c7btw4dzn9zbbl7auksfrylm7mvc0fkty
The Fremont Bridge has reopened to traffic at  03:05 PM on 03/21/2025,1903206254664880209,1903206254664880209,100,1903888498027044971,1903189431370256676,7140dibdnow9c7btw4dzn9zbbl7auksfrylm7mvc0fkty
The Ballard Bridge has closed to traffic at  03:13 PM on 03/21/2025,1903208270971761116,1903208270971761116,100,1903888498027044971,1903189431370256676,7140dibdnow9c7btw4dzn9zbbl7auksfrylm7mvc0fkty
The Ballard Bridge has reopened to traffic at  03:18 PM on 03/21/2025,1903209530273743026,1903209530273743026,100,1903888498027044971,1903189431370256676,7140dibdnow9c7btw4dzn9zbbl7auksfrylm7mvc0fkty
The University Bridge has closed to traffic at  03:19 PM on 03/21/2025,1903209782934376911,1903209782934376911,100,1903888498027044971,1903189431370256676,7140dibdnow9c7btw4dzn9zbbl7auksfrylm7mvc0fkty
The University Bridge has reopened to traffic at  03:24 PM on 03/21/2025,1903211042743984319,1903211042743984319,100,1903888498027044971,1903189431370256676,7140dibdnow9c7btw4dzn9zbbl7auksfrylm7mvc0fkty
The Fremont Bridge has closed to traffic at  07:08 PM on 03/21/2025,1903267396519072249,1903267396519072249,100,1903888498027044971,1903189431370256676,7140dibdnow9c7btw4dzn9zbbl7auksfrylm7mvc0fkty
The Fremont Bridge has reopened to traffic at  07:13 PM on 03/21/2025,1903268656286707741,1903268656286707741,100,1903888498027044971,1903189431370256676,7140dibdnow9c7btw4dzn9zbbl7auksfrylm7mvc0fkty
The 1st Ave S Bridge has closed to traffic at  07:35 PM on 03/21/2025,1903274197549502651,1903274197549502651,100,1903888498027044971,1903189431370256676,7140dibdnow9c7btw4dzn9zbbl7auksfrylm7mvc0fkty
The University Bridge has closed to traffic at  07:40 PM on 03/21/2025,1903275457551974761,1903275457551974761,100,1903888498027044971,1903189431370256676,7140dibdnow9c7btw4dzn9zbbl7auksfrylm7mvc0fkty
The 1st Ave S Bridge has reopened to traffic at  07:42 PM on 03/21/2025,1903275961682104385,1903275961682104385,100,1903888498027044971,1903189431370256676,7140dibdnow9c7btw4dzn9zbbl7auksfrylm7mvc0fkty
The University Bridge has reopened to traffic at  07:46 PM on 03/21/2025,1903276969225310500,1903276969225310500,100,1903888498027044971,1903189431370256676,7140dibdnow9c7btw4dzn9zbbl7auksfrylm7mvc0fkty
The Fremont Bridge has closed to traffic at  07:55 PM on 03/21/2025,1903279237752385780,1903279237752385780,100,1903888498027044971,1903189431370256676,7140dibdnow9c7btw4dzn9zbbl7auksfrylm7mvc0fkty
The Fremont Bridge has reopened to traffic at  08:00 PM on 03/21/2025,1903280497582805292,1903280497582805292,100,1903888498027044971,1903189431370256676,7140dibdnow9c7btw4dzn9zbbl7auksfrylm7mvc0fkty
The Ballard Bridge has closed to traffic at  08:05 PM on 03/21/2025,1903281757182681308,1903281757182681308,100,1903888498027044971,1903189431370256676,7140dibdnow9c7btw4dzn9zbbl7auksfrylm7mvc0fkty
The Ballard Bridge has reopened to traffic at  08:10 PM on 03/21/2025,1903283017172537575,1903283017172537575,100,1903888498027044971,1903189431370256676,7140dibdnow9c7btw4dzn9zbbl7auksfrylm7mvc0fkty
The Fremont Bridge has closed to traffic at  09:25 AM on 03/22/2025,1903483109317980527,1903483109317980527,100,1903888498027044971,1903189431370256676,7140dibdnow9c7btw4dzn9zbbl7auksfrylm7mvc0fkty
The Fremont Bridge has reopened to traffic at  09:30 AM on 03/22/2025,1903484369207197980,1903484369207197980,100,1903888498027044971,1903189431370256676,7140dibdnow9c7btw4dzn9zbbl7auksfrylm7mvc0fkty
The 1st Ave S Bridge has closed to traffic at  09:40 AM on 03/22/2025,1903486888746655816,1903486888746655816,100,1903888498027044971,1903189431370256676,7140dibdnow9c7btw4dzn9zbbl7auksfrylm7mvc0fkty
The Ballard Bridge has closed to traffic at  09:43 AM on 03/22/2025,1903487644505661536,1903487644505661536,100,1903888498027044971,1903189431370256676,7140dibdnow9c7btw4dzn9zbbl7auksfrylm7mvc0fkty
The Ballard Bridge has reopened to traffic at  09:48 AM on 03/22/2025,1903488904130687310,1903488904130687310,100,1903888498027044971,1903189431370256676,7140dibdnow9c7btw4dzn9zbbl7auksfrylm7mvc0fkty
The 1st Ave S Bridge has reopened to traffic at  10:05 AM on 03/22/2025,1903493187496530355,1903493187496530355,100,1903888498027044971,1903189431370256676,7140dibdnow9c7btw4dzn9zbbl7auksfrylm7mvc0fkty
The Ballard Bridge has closed to traffic at  10:49 AM on 03/22/2025,1903504206142771207,1903504206142771207,100,1903888498027044971,1903189431370256676,7140dibdnow9c7btw4dzn9zbbl7auksfrylm7mvc0fkty
The Ballard Bridge has reopened to traffic at  10:56 AM on 03/22/2025,1903505970489364934,1903505970489364934,100,1903888498027044971,1903189431370256676,7140dibdnow9c7btw4dzn9zbbl7auksfrylm7mvc0fkty
The 1st Ave S Bridge has closed to traffic at  10:58 AM on 03/22/2025,1903506474539917641,1903506474539917641,100,1903888498027044971,1903189431370256676,7140dibdnow9c7btw4dzn9zbbl7auksfrylm7mvc0fkty
The 1st Ave S Bridge has reopened to traffic at  11:00 AM on 03/22/2025,1903506978636488786,1903506978636488786,100,1903888498027044971,1903189431370256676,7140dibdnow9c7btw4dzn9zbbl7auksfrylm7mvc0fkty
The Fremont Bridge has closed to traffic at  11:07 AM on 03/22/2025,1903508742907494447,1903508742907494447,100,1903888498027044971,1903189431370256676,7140dibdnow9c7btw4dzn9zbbl7auksfrylm7mvc0fkty
The Fremont Bridge has reopened to traffic at  11:12 AM on 03/22/2025,1903510002436104589,1903510002436104589,100,1903888498027044971,1903189431370256676,7140dibdnow9c7btw4dzn9zbbl7auksfrylm7mvc0fkty
The University Bridge has closed to traffic at  11:23 AM on 03/22/2025,1903512774170583331,1903512774170583331,100,1903888498027044971,1903189431370256676,7140dibdnow9c7btw4dzn9zbbl7auksfrylm7mvc0fkty
The University Bridge has reopened to traffic at  11:28 AM on 03/22/2025,1903514033883660371,1903514033883660371,100,1903888498027044971,1903189431370256676,7140dibdnow9c7btw4dzn9zbbl7auksfrylm7mvc0fkty
The Montlake Bridge has closed to traffic at  11:33 AM on 03/22/2025,1903515293613486109,1903515293613486109,100,1903888498027044971,1903189431370256676,7140dibdnow9c7btw4dzn9zbbl7auksfrylm7mvc0fkty
The Montlake Bridge has reopened to traffic at  11:39 AM on 03/22/2025,1903516804934521226,1903516804934521226,100,1903888498027044971,1903189431370256676,7140dibdnow9c7btw4dzn9zbbl7auksfrylm7mvc0fkty
The Ballard Bridge has closed to traffic at  11:44 AM on 03/22/2025,1903518064563650574,1903518064563650574,100,1903888498027044971,1903189431370256676,7140dibdnow9c7btw4dzn9zbbl7auksfrylm7mvc0fkty
The Ballard Bridge has reopened to traffic at  11:47 AM on 03/22/2025,1903518820767281491,1903518820767281491,100,1903888498027044971,1903189431370256676,7140dibdnow9c7btw4dzn9zbbl7auksfrylm7mvc0fkty
The 1st Ave S Bridge has closed to traffic at  12:01 PM on 03/22/2025,1903522347719729598,1903522347719729598,100,1903888498027044971,1903189431370256676,7140dibdnow9c7btw4dzn9zbbl7auksfrylm7mvc0fkty
The 1st Ave S Bridge has reopened to traffic at  12:07 PM on 03/22/2025,1903523858902401170,1903523858902401170,100,1903888498027044971,1903189431370256676,7140dibdnow9c7btw4dzn9zbbl7auksfrylm7mvc0fkty
The Fremont Bridge has closed to traffic at  12:52 PM on 03/22/2025,1903535191022571679,1903535191022571679,100,1903888498027044971,1903189431370256676,7140dibdnow9c7btw4dzn9zbbl7auksfrylm7mvc0fkty
The Fremont Bridge has reopened to traffic at  12:56 PM on 03/22/2025,1903536198771195917,1903536198771195917,100,1903888498027044971,1903189431370256676,7140dibdnow9c7btw4dzn9zbbl7auksfrylm7mvc0fkty
The Ballard Bridge has closed to traffic at  01:05 PM on 03/22/2025,1903538467029848246,1903538467029848246,100,1903888498027044971,1903189431370256676,7140dibdnow9c7btw4dzn9zbbl7auksfrylm7mvc0fkty
The Ballard Bridge has reopened to traffic at  01:09 PM on 03/22/2025,1903539474518495307,1903539474518495307,100,1903888498027044971,1903189431370256676,7140dibdnow9c7btw4dzn9zbbl7auksfrylm7mvc0fkty
The Fremont Bridge has closed to traffic at  01:25 PM on 03/22/2025,1903543505462677766,1903543505462677766,100,1903888498027044971,1903189431370256676,7140dibdnow9c7btw4dzn9zbbl7auksfrylm7mvc0fkty
The Fremont Bridge has reopened to traffic at  01:29 PM on 03/22/2025,1903544512938742077,1903544512938742077,100,1903888498027044971,1903189431370256676,7140dibdnow9c7btw4dzn9zbbl7auksfrylm7mvc0fkty
The Fremont Bridge has closed to traffic at  01:51 PM on 03/22/2025,1903550054612484293,1903550054612484293,100,1903888498027044971,1903189431370256676,7140dibdnow9c7btw4dzn9zbbl7auksfrylm7mvc0fkty
The Fremont Bridge has reopened to traffic at  01:56 PM on 03/22/2025,1903551314048802851,1903551314048802851,100,1903888498027044971,1903189431370256676,7140dibdnow9c7btw4dzn9zbbl7auksfrylm7mvc0fkty
The Fremont Bridge has closed to traffic at  02:11 PM on 03/22/2025,1903555093083091220,1903555093083091220,100,1903888498027044971,1903189431370256676,7140dibdnow9c7btw4dzn9zbbl7auksfrylm7mvc0fkty
The Fremont Bridge has reopened to traffic at  02:15 PM on 03/22/2025,1903556100739506397,1903556100739506397,100,1903888498027044971,1903189431370256676,7140dibdnow9c7btw4dzn9zbbl7auksfrylm7mvc0fkty
The Fremont Bridge has closed to traffic at  02:29 PM on 03/22/2025,1903559564362232205,1903559564362232205,100,1903888498027044971,1903189431370256676,7140dibdnow9c7btw4dzn9zbbl7auksfrylm7mvc0fkty
The Ballard Bridge has closed to traffic at  02:32 PM on 03/22/2025,1903560320444178687,1903560320444178687,100,1903888498027044971,1903189431370256676,7140dibdnow9c7btw4dzn9zbbl7auksfrylm7mvc0fkty
The Fremont Bridge has reopened to traffic at  02:33 PM on 03/22/2025,1903560573402714250,1903560573402714250,100,1903888498027044971,1903189431370256676,7140dibdnow9c7btw4dzn9zbbl7auksfrylm7mvc0fkty
The Ballard Bridge has reopened to traffic at  02:37 PM on 03/22/2025,1903561581130297606,1903561581130297606,100,1903888498027044971,1903189431370256676,7140dibdnow9c7btw4dzn9zbbl7auksfrylm7mvc0fkty
The Fremont Bridge has closed to traffic at  02:47 PM on 03/22/2025,1903564101042991116,1903564101042991116,100,1903888498027044971,1903189431370256676,7140dibdnow9c7btw4dzn9zbbl7auksfrylm7mvc0fkty
The Fremont Bridge has reopened to traffic at  02:51 PM on 03/22/2025,1903565108577735161,1903565108577735161,100,1903888498027044971,1903189431370256676,7140dibdnow9c7btw4dzn9zbbl7auksfrylm7mvc0fkty
The Ballard Bridge has closed to traffic at  03:52 PM on 03/22/2025,1903580470648168588,1903580470648168588,100,1903888498027044971,1903189431370256676,7140dibdnow9c7btw4dzn9zbbl7auksfrylm7mvc0fkty
The University Bridge has closed to traffic at  03:54 PM on 03/22/2025,1903580974719685017,1903580974719685017,100,1903888498027044971,1903189431370256676,7140dibdnow9c7btw4dzn9zbbl7auksfrylm7mvc0fkty
The Ballard Bridge has reopened to traffic at  03:56 PM on 03/22/2025,1903581478950424878,1903581478950424878,100,1903888498027044971,1903189431370256676,7140dibdnow9c7btw4dzn9zbbl7auksfrylm7mvc0fkty
The University Bridge has reopened to traffic at  03:59 PM on 03/22/2025,1903582234675970362,1903582234675970362,100,1903888498027044971,1903189431370256676,7140dibdnow9c7btw4dzn9zbbl7auksfrylm7mvc0fkty
The Fremont Bridge has closed to traffic at  04:05 PM on 03/22/2025,1903583746022129791,1903583746022129791,100,1903888498027044971,1903189431370256676,7140dibdnow9c7btw4dzn9zbbl7auksfrylm7mvc0fkty
The Montlake Bridge has closed to traffic at  04:06 PM on 03/22/2025,1903583998196289873,1903583998196289873,100,1903888498027044971,1903189431370256676,7140dibdnow9c7btw4dzn9zbbl7auksfrylm7mvc0fkty
The Fremont Bridge has reopened to traffic at  04:09 PM on 03/22/2025,1903584753972023690,1903584753972023690,100,1903888498027044971,1903189431370256676,7140dibdnow9c7btw4dzn9zbbl7auksfrylm7mvc0fkty
The Montlake Bridge has reopened to traffic at  04:12 PM on 03/22/2025,1903585509856936087,1903585509856936087,100,1903888498027044971,1903189431370256676,7140dibdnow9c7btw4dzn9zbbl7auksfrylm7mvc0fkty
The University Bridge has closed to traffic at  04:15 PM on 03/22/2025,1903586265787957585,1903586265787957585,100,1903888498027044971,1903189431370256676,7140dibdnow9c7btw4dzn9zbbl7auksfrylm7mvc0fkty
The University Bridge has reopened to traffic at  04:20 PM on 03/22/2025,1903587525287195052,1903587525287195052,100,1903888498027044971,1903189431370256676,7140dibdnow9c7btw4dzn9zbbl7auksfrylm7mvc0fkty
The University Bridge has closed to traffic at  04:25 PM on 03/22/2025,1903588784878555500,1903588784878555500,100,1903888498027044971,1903189431370256676,7140dibdnow9c7btw4dzn9zbbl7auksfrylm7mvc0fkty
The University Bridge has reopened to traffic at  04:30 PM on 03/22/2025,1903590044285415521,1903590044285415521,100,1903888498027044971,1903189431370256676,7140dibdnow9c7btw4dzn9zbbl7auksfrylm7mvc0fkty
The Fremont Bridge has closed to traffic at  04:35 PM on 03/22/2025,1903591303717540270,1903591303717540270,100,1903888498027044971,1903189431370256676,7140dibdnow9c7btw4dzn9zbbl7auksfrylm7mvc0fkty
The Fremont Bridge has reopened to traffic at  04:38 PM on 03/22/2025,1903592059434652028,1903592059434652028,100,1903888498027044971,1903189431370256676,7140dibdnow9c7btw4dzn9zbbl7auksfrylm7mvc0fkty
The Ballard Bridge has closed to traffic at  05:20 PM on 03/22/2025,1903602636450140178,1903602636450140178,100,1903888498027044971,1903189431370256676,7140dibdnow9c7btw4dzn9zbbl7auksfrylm7mvc0fkty
The Ballard Bridge has reopened to traffic at  05:23 PM on 03/22/2025,1903603392175550777,1903603392175550777,100,1903888498027044971,1903189431370256676,7140dibdnow9c7btw4dzn9zbbl7auksfrylm7mvc0fkty
The Fremont Bridge has closed to traffic at  05:45 PM on 03/22/2025,1903608935107707386,1903608935107707386,100,1903888498027044971,1903189431370256676,7140dibdnow9c7btw4dzn9zbbl7auksfrylm7mvc0fkty
The Ballard Bridge has closed to traffic at  05:46 PM on 03/22/2025,1903609187244142898,1903609187244142898,100,1903888498027044971,1903189431370256676,7140dibdnow9c7btw4dzn9zbbl7auksfrylm7mvc0fkty
The Fremont Bridge has reopened to traffic at  05:49 PM on 03/22/2025,1903609943040905694,1903609943040905694,100,1903888498027044971,1903189431370256676,7140dibdnow9c7btw4dzn9zbbl7auksfrylm7mvc0fkty
The Ballard Bridge has reopened to traffic at  05:50 PM on 03/22/2025,1903610195277963336,1903610195277963336,100,1903888498027044971,1903189431370256676,7140dibdnow9c7btw4dzn9zbbl7auksfrylm7mvc0fkty
The University Bridge has closed to traffic at  07:04 PM on 03/22/2025,1903628829203353743,1903628829203353743,100,1903888498027044971,1903189431370256676,7140dibdnow9c7btw4dzn9zbbl7auksfrylm7mvc0fkty
The University Bridge has reopened to traffic at  07:09 PM on 03/22/2025,1903630026731569652,1903630026731569652,100,1903888498027044971,1903189431370256676,7140dibdnow9c7btw4dzn9zbbl7auksfrylm7mvc0fkty
The University Bridge has closed to traffic at  08:46 PM on 03/22/2025,1903654477716140406,1903654477716140406,100,1903888498027044971,1903189431370256676,7140dibdnow9c7btw4dzn9zbbl7auksfrylm7mvc0fkty
The University Bridge has reopened to traffic at  08:51 PM on 03/22/2025,1903655737240461548,1903655737240461548,100,1903888498027044971,1903189431370256676,7140dibdnow9c7btw4dzn9zbbl7auksfrylm7mvc0fkty
The University Bridge has closed to traffic at  10:34 PM on 03/22/2025,1903681675810537917,1903681675810537917,100,1903888498027044971,1903189431370256676,7140dibdnow9c7btw4dzn9zbbl7auksfrylm7mvc0fkty
The University Bridge has reopened to traffic at  10:38 PM on 03/22/2025,1903682683584258395,1903682683584258395,100,1903888498027044971,1903189431370256676,7140dibdnow9c7btw4dzn9zbbl7auksfrylm7mvc0fkty
The 1st Ave S Bridge has closed to traffic at  08:07 AM on 03/23/2025,1903825845405589935,1903825845405589935,100,1903888498027044971,1903189431370256676,7140dibdnow9c7btw4dzn9zbbl7auksfrylm7mvc0fkty
The 1st Ave S Bridge has reopened to traffic at  08:25 AM on 03/23/2025,1903830379569815818,1903830379569815818,100,1903888498027044971,1903189431370256676,7140dibdnow9c7btw4dzn9zbbl7auksfrylm7mvc0fkty
The 1st Ave S Bridge has closed to traffic at  09:12 AM on 03/23/2025,1903842215593648540,1903842215593648540,100,1903888498027044971,1903189431370256676,7140dibdnow9c7btw4dzn9zbbl7auksfrylm7mvc0fkty
The 1st Ave S Bridge has reopened to traffic at  09:19 AM on 03/23/2025,1903843979952844907,1903843979952844907,100,1903888498027044971,1903189431370256676,7140dibdnow9c7btw4dzn9zbbl7auksfrylm7mvc0fkty
The Montlake Bridge has closed to traffic at  11:27 AM on 03/23/2025,1903876154253300213,1903876154253300213,100,1903888498027044971,1903189431370256676,7140dibdnow9c7btw4dzn9zbbl7auksfrylm7mvc0fkty
The Montlake Bridge has reopened to traffic at  11:32 AM on 03/23/2025,1903877413706363341,1903877413706363341,100,1903888498027044971,1903189431370256676,7140dibdnow9c7btw4dzn9zbbl7auksfrylm7mvc0fkty
The University Bridge has closed to traffic at  11:35 AM on 03/23/2025,1903878169725370370,1903878169725370370,100,1903888498027044971,1903189431370256676,7140dibdnow9c7btw4dzn9zbbl7auksfrylm7mvc0fkty
The University Bridge has reopened to traffic at  11:41 AM on 03/23/2025,1903879680970911977,1903879680970911977,100,1903888498027044971,1903189431370256676,7140dibdnow9c7btw4dzn9zbbl7auksfrylm7mvc0fkty
The Fremont Bridge has closed to traffic at  11:56 AM on 03/23/2025,1903883459590009097,1903883459590009097,100,1903888498027044971,1903189431370256676,7140dibdnow9c7btw4dzn9zbbl7auksfrylm7mvc0fkty
The Fremont Bridge has reopened to traffic at  12:01 PM on 03/23/2025,1903884719030448405,1903884719030448405,100,1903888498027044971,1903189431370256676,7140dibdnow9c7btw4dzn9zbbl7auksfrylm7mvc0fkty
The Ballard Bridge has closed to traffic at  12:12 PM on 03/23/2025,1903887490471383220,1903887490471383220,100,1903888498027044971,1903189431370256676,7140dibdnow9c7btw4dzn9zbbl7auksfrylm7mvc0fkty
The Ballard Bridge has reopened to traffic at  12:16 PM on 03/23/2025,1903888498027044971,1903888498027044971,100,1903888498027044971,1903189431370256676,7140dibdnow9c7btw4dzn9zbbl7auksfrylm7mvc0fkty
The Fremont Bridge has closed to traffic at  12:51 PM on 03/23/2025,1903897312843419796,1903897312843419796,100,1904738362696884552,1903897312843419796,7140dibdnow9c7btw4dzna1ew30s5ozi9zomrcz4albue
The Fremont Bridge has reopened to traffic at  12:55 PM on 03/23/2025,1903898320487243957,1903898320487243957,100,1904738362696884552,1903897312843419796,7140dibdnow9c7btw4dzna1ew30s5ozi9zomrcz4albue
The Ballard Bridge has closed to traffic at  01:52 PM on 03/23/2025,1903912674603475396,1903912674603475396,100,1904738362696884552,1903897312843419796,7140dibdnow9c7btw4dzna1ew30s5ozi9zomrcz4albue
The Ballard Bridge has reopened to traffic at  01:56 PM on 03/23/2025,1903913682352152855,1903913682352152855,100,1904738362696884552,1903897312843419796,7140dibdnow9c7btw4dzna1ew30s5ozi9zomrcz4albue
The University Bridge has closed to traffic at  04:46 PM on 03/23/2025,1903956488542130322,1903956488542130322,100,1904738362696884552,1903897312843419796,7140dibdnow9c7btw4dzna1ew30s5ozi9zomrcz4albue
The University Bridge has reopened to traffic at  04:50 PM on 03/23/2025,1903957496060141644,1903957496060141644,100,1904738362696884552,1903897312843419796,7140dibdnow9c7btw4dzna1ew30s5ozi9zomrcz4albue
The University Bridge has closed to traffic at  05:47 PM on 03/23/2025,1903971787979071495,1903971787979071495,100,1904738362696884552,1903897312843419796,7140dibdnow9c7btw4dzna1ew30s5ozi9zomrcz4albue
The University Bridge has reopened to traffic at  05:52 PM on 03/23/2025,1903973047331377529,1903973047331377529,100,1904738362696884552,1903897312843419796,7140dibdnow9c7btw4dzna1ew30s5ozi9zomrcz4albue
The University Bridge has closed to traffic at  07:16 PM on 03/23/2025,1903994203157475732,1903994203157475732,100,1904738362696884552,1903897312843419796,7140dibdnow9c7btw4dzna1ew30s5ozi9zomrcz4albue
The University Bridge has reopened to traffic at  07:21 PM on 03/23/2025,1903995462564356538,1903995462564356538,100,1904738362696884552,1903897312843419796,7140dibdnow9c7btw4dzna1ew30s5ozi9zomrcz4albue
The University Bridge has closed to traffic at  08:12 PM on 03/23/2025,1904008305716203846,1904008305716203846,100,1904738362696884552,1903897312843419796,7140dibdnow9c7btw4dzna1ew30s5ozi9zomrcz4albue
The University Bridge has reopened to traffic at  08:16 PM on 03/23/2025,1904009313347371340,1904009313347371340,100,1904738362696884552,1903897312843419796,7140dibdnow9c7btw4dzna1ew30s5ozi9zomrcz4albue
The 1st Ave S Bridge has closed to traffic at  05:45 AM on 03/24/2025,1904152478960255440,1904152478960255440,100,1904738362696884552,1903897312843419796,7140dibdnow9c7btw4dzna1ew30s5ozi9zomrcz4albue
The 1st Ave S Bridge has reopened to traffic at  05:52 AM on 03/24/2025,1904154243554222564,1904154243554222564,100,1904738362696884552,1903897312843419796,7140dibdnow9c7btw4dzna1ew30s5ozi9zomrcz4albue
The 1st Ave S Bridge has closed to traffic at  10:18 AM on 03/24/2025,1904221225477681196,1904221225477681196,100,1904738362696884552,1903897312843419796,7140dibdnow9c7btw4dzna1ew30s5ozi9zomrcz4albue
The 1st Ave S Bridge has reopened to traffic at  10:25 AM on 03/24/2025,1904222989631250712,1904222989631250712,100,1904738362696884552,1903897312843419796,7140dibdnow9c7btw4dzna1ew30s5ozi9zomrcz4albue
The Ballard Bridge has closed to traffic at  10:53 AM on 03/24/2025,1904230041736884418,1904230041736884418,100,1904738362696884552,1903897312843419796,7140dibdnow9c7btw4dzna1ew30s5ozi9zomrcz4albue
The Ballard Bridge has reopened to traffic at  10:59 AM on 03/24/2025,1904231490273325563,1904231490273325563,100,1904738362696884552,1903897312843419796,7140dibdnow9c7btw4dzna1ew30s5ozi9zomrcz4albue
The 1st Ave S Bridge has closed to traffic at  11:00 AM on 03/24/2025,1904231742623633892,1904231742623633892,100,1904738362696884552,1903897312843419796,7140dibdnow9c7btw4dzna1ew30s5ozi9zomrcz4albue
The 1st Ave S Bridge has reopened to traffic at  11:10 AM on 03/24/2025,1904234262662152546,1904234262662152546,100,1904738362696884552,1903897312843419796,7140dibdnow9c7btw4dzna1ew30s5ozi9zomrcz4albue
The Ballard Bridge has closed to traffic at  12:53 PM on 03/24/2025,1904260201035002148,1904260201035002148,100,1904738362696884552,1903897312843419796,7140dibdnow9c7btw4dzna1ew30s5ozi9zomrcz4albue
The Ballard Bridge has reopened to traffic at  12:57 PM on 03/24/2025,1904261208783651176,1904261208783651176,100,1904738362696884552,1903897312843419796,7140dibdnow9c7btw4dzna1ew30s5ozi9zomrcz4albue
The 1st Ave S Bridge has closed to traffic at  01:58 PM on 03/24/2025,1904276574205251841,1904276574205251841,100,1904738362696884552,1903897312843419796,7140dibdnow9c7btw4dzna1ew30s5ozi9zomrcz4albue
The 1st Ave S Bridge has reopened to traffic at  02:08 PM on 03/24/2025,1904279093832778237,1904279093832778237,100,1904738362696884552,1903897312843419796,7140dibdnow9c7btw4dzna1ew30s5ozi9zomrcz4albue
The Ballard Bridge has closed to traffic at  02:12 PM on 03/24/2025,1904280101707231491,1904280101707231491,100,1904738362696884552,1903897312843419796,7140dibdnow9c7btw4dzna1ew30s5ozi9zomrcz4albue
The Ballard Bridge has reopened to traffic at  02:18 PM on 03/24/2025,1904281613116268913,1904281613116268913,100,1904738362696884552,1903897312843419796,7140dibdnow9c7btw4dzna1ew30s5ozi9zomrcz4albue
The 1st Ave S Bridge has closed to traffic at  02:26 PM on 03/24/2025,1904283629280452994,1904283629280452994,100,1904738362696884552,1903897312843419796,7140dibdnow9c7btw4dzna1ew30s5ozi9zomrcz4albue
The Fremont Bridge has closed to traffic at  02:28 PM on 03/24/2025,1904284133377073431,1904284133377073431,100,1904738362696884552,1903897312843419796,7140dibdnow9c7btw4dzna1ew30s5ozi9zomrcz4albue
The 1st Ave S Bridge has reopened to traffic at  02:32 PM on 03/24/2025,1904285141171937371,1904285141171937371,100,1904738362696884552,1903897312843419796,7140dibdnow9c7btw4dzna1ew30s5ozi9zomrcz4albue
The Fremont Bridge has reopened to traffic at  02:35 PM on 03/24/2025,1904285897161646256,1904285897161646256,100,1904738362696884552,1903897312843419796,7140dibdnow9c7btw4dzna1ew30s5ozi9zomrcz4albue
The University Bridge has closed to traffic at  02:46 PM on 03/24/2025,1904288668552204741,1904288668552204741,100,1904738362696884552,1903897312843419796,7140dibdnow9c7btw4dzna1ew30s5ozi9zomrcz4albue
The University Bridge has reopened to traffic at  02:52 PM on 03/24/2025,1904290179910901930,1904290179910901930,100,1904738362696884552,1903897312843419796,7140dibdnow9c7btw4dzna1ew30s5ozi9zomrcz4albue
The University Bridge has closed to traffic at  06:58 PM on 03/24/2025,1904352064219775297,1904352064219775297,100,1904738362696884552,1903897312843419796,7140dibdnow9c7btw4dzna1ew30s5ozi9zomrcz4albue
The University Bridge has reopened to traffic at  07:03 PM on 03/24/2025,1904353323945459851,1904353323945459851,100,1904738362696884552,1903897312843419796,7140dibdnow9c7btw4dzna1ew30s5ozi9zomrcz4albue
The Fremont Bridge has closed to traffic at  07:11 PM on 03/24/2025,1904355341351219371,1904355341351219371,100,1904738362696884552,1903897312843419796,7140dibdnow9c7btw4dzna1ew30s5ozi9zomrcz4albue
The Fremont Bridge has reopened to traffic at  07:17 PM on 03/24/2025,1904356852722483623,1904356852722483623,100,1904738362696884552,1903897312843419796,7140dibdnow9c7btw4dzna1ew30s5ozi9zomrcz4albue
The Ballard Bridge has closed to traffic at  07:23 PM on 03/24/2025,1904358363997299154,1904358363997299154,100,1904738362696884552,1903897312843419796,7140dibdnow9c7btw4dzna1ew30s5ozi9zomrcz4albue
The Ballard Bridge has reopened to traffic at  07:28 PM on 03/24/2025,1904359623479763025,1904359623479763025,100,1904738362696884552,1903897312843419796,7140dibdnow9c7btw4dzna1ew30s5ozi9zomrcz4albue
The Fremont Bridge has closed to traffic at  09:45 PM on 03/24/2025,1904394121709797745,1904394121709797745,100,1904738362696884552,1903897312843419796,7140dibdnow9c7btw4dzna1ew30s5ozi9zomrcz4albue
The Fremont Bridge has reopened to traffic at  09:51 PM on 03/24/2025,1904395632988840159,1904395632988840159,100,1904738362696884552,1903897312843419796,7140dibdnow9c7btw4dzna1ew30s5ozi9zomrcz4albue
The Ballard Bridge has closed to traffic at  09:59 PM on 03/24/2025,1904397648989470857,1904397648989470857,100,1904738362696884552,1903897312843419796,7140dibdnow9c7btw4dzna1ew30s5ozi9zomrcz4albue
The Ballard Bridge has reopened to traffic at  10:04 PM on 03/24/2025,1904398845691478065,1904398845691478065,100,1904738362696884552,1903897312843419796,7140dibdnow9c7btw4dzna1ew30s5ozi9zomrcz4albue
The 1st Ave S Bridge has closed to traffic at  09:04 AM on 03/25/2025,1904564977845104968,1904564977845104968,100,1904738362696884552,1903897312843419796,7140dibdnow9c7btw4dzna1ew30s5ozi9zomrcz4albue
The 1st Ave S Bridge has reopened to traffic at  09:12 AM on 03/25/2025,1904567002632712530,1904567002632712530,100,1904738362696884552,1903897312843419796,7140dibdnow9c7btw4dzna1ew30s5ozi9zomrcz4albue
The 1st Ave S Bridge has closed to traffic at  09:27 AM on 03/25/2025,1904570781134446950,1904570781134446950,100,1904738362696884552,1903897312843419796,7140dibdnow9c7btw4dzna1ew30s5ozi9zomrcz4albue
The 1st Ave S Bridge has reopened to traffic at  09:34 AM on 03/25/2025,1904572547188089184,1904572547188089184,100,1904738362696884552,1903897312843419796,7140dibdnow9c7btw4dzna1ew30s5ozi9zomrcz4albue
The 1st Ave S Bridge has closed to traffic at  10:00 AM on 03/25/2025,1904579088792367613,1904579088792367613,100,1904738362696884552,1903897312843419796,7140dibdnow9c7btw4dzna1ew30s5ozi9zomrcz4albue
The 1st Ave S Bridge has reopened to traffic at  10:10 AM on 03/25/2025,1904581733582016758,1904581733582016758,100,1904738362696884552,1903897312843419796,7140dibdnow9c7btw4dzna1ew30s5ozi9zomrcz4albue
The 1st Ave S Bridge has closed to traffic at  10:56 AM on 03/25/2025,1904593127983472721,1904593127983472721,100,1904738362696884552,1903897312843419796,7140dibdnow9c7btw4dzna1ew30s5ozi9zomrcz4albue
The Fremont Bridge has closed to traffic at  10:58 AM on 03/25/2025,1904593632763814076,1904593632763814076,100,1904738362696884552,1903897312843419796,7140dibdnow9c7btw4dzna1ew30s5ozi9zomrcz4albue
The Fremont Bridge has reopened to traffic at  11:02 AM on 03/25/2025,1904594640483082619,1904594640483082619,100,1904738362696884552,1903897312843419796,7140dibdnow9c7btw4dzna1ew30s5ozi9zomrcz4albue
The 1st Ave S Bridge has reopened to traffic at  11:05 AM on 03/25/2025,1904595396409823339,1904595396409823339,100,1904738362696884552,1903897312843419796,7140dibdnow9c7btw4dzna1ew30s5ozi9zomrcz4albue
The Ballard Bridge has closed to traffic at  11:21 AM on 03/25/2025,1904599427706438058,1904599427706438058,100,1904738362696884552,1903897312843419796,7140dibdnow9c7btw4dzna1ew30s5ozi9zomrcz4albue
The Ballard Bridge has reopened to traffic at  11:27 AM on 03/25/2025,1904600939019067488,1904600939019067488,100,1904738362696884552,1903897312843419796,7140dibdnow9c7btw4dzna1ew30s5ozi9zomrcz4albue
The University Bridge has closed to traffic at  12:15 PM on 03/25/2025,1904613027863028151,1904613027863028151,100,1904738362696884552,1903897312843419796,7140dibdnow9c7btw4dzna1ew30s5ozi9zomrcz4albue
The University Bridge has reopened to traffic at  12:19 PM on 03/25/2025,1904614035951411501,1904614035951411501,100,1904738362696884552,1903897312843419796,7140dibdnow9c7btw4dzna1ew30s5ozi9zomrcz4albue
The Ballard Bridge has closed to traffic at  12:25 PM on 03/25/2025,1904615547507212350,1904615547507212350,100,1904738362696884552,1903897312843419796,7140dibdnow9c7btw4dzna1ew30s5ozi9zomrcz4albue
The Ballard Bridge has reopened to traffic at  12:29 PM on 03/25/2025,1904616555201388575,1904616555201388575,100,1904738362696884552,1903897312843419796,7140dibdnow9c7btw4dzna1ew30s5ozi9zomrcz4albue
The Fremont Bridge has closed to traffic at  12:39 PM on 03/25/2025,1904619075025985863,1904619075025985863,100,1904738362696884552,1903897312843419796,7140dibdnow9c7btw4dzna1ew30s5ozi9zomrcz4albue
The Fremont Bridge has reopened to traffic at  12:43 PM on 03/25/2025,1904620082623635493,1904620082623635493,100,1904738362696884552,1903897312843419796,7140dibdnow9c7btw4dzna1ew30s5ozi9zomrcz4albue
The University Bridge has closed to traffic at  01:42 PM on 03/25/2025,1904634943550218540,1904634943550218540,100,1904738362696884552,1903897312843419796,7140dibdnow9c7btw4dzna1ew30s5ozi9zomrcz4albue
The University Bridge has reopened to traffic at  01:46 PM on 03/25/2025,1904635952225755191,1904635952225755191,100,1904738362696884552,1903897312843419796,7140dibdnow9c7btw4dzna1ew30s5ozi9zomrcz4albue
The 1st Ave S Bridge has closed to traffic at  01:47 PM on 03/25/2025,1904636204848652635,1904636204848652635,100,1904738362696884552,1903897312843419796,7140dibdnow9c7btw4dzna1ew30s5ozi9zomrcz4albue
The Fremont Bridge has closed to traffic at  01:52 PM on 03/25/2025,1904637472166076884,1904637472166076884,100,1904738362696884552,1903897312843419796,7140dibdnow9c7btw4dzna1ew30s5ozi9zomrcz4albue
The 1st Ave S Bridge has reopened to traffic at  01:53 PM on 03/25/2025,1904637724352799116,1904637724352799116,100,1904738362696884552,1903897312843419796,7140dibdnow9c7btw4dzna1ew30s5ozi9zomrcz4albue
The Fremont Bridge has reopened to traffic at  01:56 PM on 03/25/2025,1904638480262775178,1904638480262775178,100,1904738362696884552,1903897312843419796,7140dibdnow9c7btw4dzna1ew30s5ozi9zomrcz4albue
The Fremont Bridge has closed to traffic at  02:22 PM on 03/25/2025,1904644968515592303,1904644968515592303,100,1904738362696884552,1903897312843419796,7140dibdnow9c7btw4dzna1ew30s5ozi9zomrcz4albue
The Fremont Bridge has reopened to traffic at  02:26 PM on 03/25/2025,1904645976331346239,1904645976331346239,100,1904738362696884552,1903897312843419796,7140dibdnow9c7btw4dzna1ew30s5ozi9zomrcz4albue
The Ballard Bridge has closed to traffic at  02:31 PM on 03/25/2025,1904647235855671723,1904647235855671723,100,1904738362696884552,1903897312843419796,7140dibdnow9c7btw4dzna1ew30s5ozi9zomrcz4albue
The Ballard Bridge has reopened to traffic at  02:37 PM on 03/25/2025,1904648747264729532,1904648747264729532,100,1904738362696884552,1903897312843419796,7140dibdnow9c7btw4dzna1ew30s5ozi9zomrcz4albue
The 1st Ave S Bridge has closed to traffic at  02:38 PM on 03/25/2025,1904648999493419492,1904648999493419492,100,1904738362696884552,1903897312843419796,7140dibdnow9c7btw4dzna1ew30s5ozi9zomrcz4albue
The 1st Ave S Bridge has reopened to traffic at  02:46 PM on 03/25/2025,1904651015942791225,1904651015942791225,100,1904738362696884552,1903897312843419796,7140dibdnow9c7btw4dzna1ew30s5ozi9zomrcz4albue
The Fremont Bridge has closed to traffic at  02:48 PM on 03/25/2025,1904651520047710512,1904651520047710512,100,1904738362696884552,1903897312843419796,7140dibdnow9c7btw4dzna1ew30s5ozi9zomrcz4albue
The Fremont Bridge has reopened to traffic at  02:54 PM on 03/25/2025,1904653031519768924,1904653031519768924,100,1904738362696884552,1903897312843419796,7140dibdnow9c7btw4dzna1ew30s5ozi9zomrcz4albue
The University Bridge has closed to traffic at  03:06 PM on 03/25/2025,1904656055852032175,1904656055852032175,100,1904738362696884552,1903897312843419796,7140dibdnow9c7btw4dzna1ew30s5ozi9zomrcz4albue
The University Bridge has reopened to traffic at  03:12 PM on 03/25/2025,1904657567110017057,1904657567110017057,100,1904738362696884552,1903897312843419796,7140dibdnow9c7btw4dzna1ew30s5ozi9zomrcz4albue
The Ballard Bridge has closed to traffic at  03:32 PM on 03/25/2025,1904662604725051875,1904662604725051875,100,1904738362696884552,1903897312843419796,7140dibdnow9c7btw4dzna1ew30s5ozi9zomrcz4albue
The Ballard Bridge has reopened to traffic at  03:35 PM on 03/25/2025,1904663360807067848,1904663360807067848,100,1904738362696884552,1903897312843419796,7140dibdnow9c7btw4dzna1ew30s5ozi9zomrcz4albue
The Fremont Bridge has closed to traffic at  03:48 PM on 03/25/2025,1904666637149889017,1904666637149889017,100,1904738362696884552,1903897312843419796,7140dibdnow9c7btw4dzna1ew30s5ozi9zomrcz4albue
The Fremont Bridge has reopened to traffic at  03:52 PM on 03/25/2025,1904667645154386020,1904667645154386020,100,1904738362696884552,1903897312843419796,7140dibdnow9c7btw4dzna1ew30s5ozi9zomrcz4albue
The University Bridge has closed to traffic at  06:16 PM on 03/25/2025,1904703908662173857,1904703908662173857,100,1904738362696884552,1903897312843419796,7140dibdnow9c7btw4dzna1ew30s5ozi9zomrcz4albue
The University Bridge has reopened to traffic at  06:18 PM on 03/25/2025,1904704412876235145,1904704412876235145,100,1904738362696884552,1903897312843419796,7140dibdnow9c7btw4dzna1ew30s5ozi9zomrcz4albue
The Fremont Bridge has closed to traffic at  06:19 PM on 03/25/2025,1904704665188769955,1904704665188769955,100,1904738362696884552,1903897312843419796,7140dibdnow9c7btw4dzna1ew30s5ozi9zomrcz4albue
The Fremont Bridge has reopened to traffic at  06:23 PM on 03/25/2025,1904705672933147024,1904705672933147024,100,1904738362696884552,1903897312843419796,7140dibdnow9c7btw4dzna1ew30s5ozi9zomrcz4albue
The 1st Ave S Bridge has closed to traffic at  06:34 PM on 03/25/2025,1904708444407640395,1904708444407640395,100,1904738362696884552,1903897312843419796,7140dibdnow9c7btw4dzna1ew30s5ozi9zomrcz4albue
The 1st Ave S Bridge has reopened to traffic at  06:42 PM on 03/25/2025,1904710397791527080,1904710397791527080,100,1904738362696884552,1903897312843419796,7140dibdnow9c7btw4dzna1ew30s5ozi9zomrcz4albue
The Fremont Bridge has closed to traffic at  06:42 PM on 03/25/2025,1904710398299037884,1904710398299037884,100,1904738362696884552,1903897312843419796,7140dibdnow9c7btw4dzna1ew30s5ozi9zomrcz4albue
The Fremont Bridge has reopened to traffic at  06:46 PM on 03/25/2025,1904711406710382898,1904711406710382898,100,1904738362696884552,1903897312843419796,7140dibdnow9c7btw4dzna1ew30s5ozi9zomrcz4albue
The Fremont Bridge has closed to traffic at  07:00 PM on 03/25/2025,1904714934023577818,1904714934023577818,100,1904738362696884552,1903897312843419796,7140dibdnow9c7btw4dzna1ew30s5ozi9zomrcz4albue
The Fremont Bridge has reopened to traffic at  07:04 PM on 03/25/2025,1904715942233596140,1904715942233596140,100,1904738362696884552,1903897312843419796,7140dibdnow9c7btw4dzna1ew30s5ozi9zomrcz4albue
The University Bridge has closed to traffic at  07:26 PM on 03/25/2025,1904721483676713047,1904721483676713047,100,1904738362696884552,1903897312843419796,7140dibdnow9c7btw4dzna1ew30s5ozi9zomrcz4albue
The University Bridge has reopened to traffic at  07:31 PM on 03/25/2025,1904722743083622880,1904722743083622880,100,1904738362696884552,1903897312843419796,7140dibdnow9c7btw4dzna1ew30s5ozi9zomrcz4albue
The Fremont Bridge has closed to traffic at  07:39 PM on 03/25/2025,1904724758681522371,1904724758681522371,100,1904738362696884552,1903897312843419796,7140dibdnow9c7btw4dzna1ew30s5ozi9zomrcz4albue
The Fremont Bridge has reopened to traffic at  07:45 PM on 03/25/2025,1904726269859946761,1904726269859946761,100,1904738362696884552,1903897312843419796,7140dibdnow9c7btw4dzna1ew30s5ozi9zomrcz4albue
The Ballard Bridge has closed to traffic at  07:52 PM on 03/25/2025,1904728033942265902,1904728033942265902,100,1904738362696884552,1903897312843419796,7140dibdnow9c7btw4dzna1ew30s5ozi9zomrcz4albue
The Ballard Bridge has reopened to traffic at  07:57 PM on 03/25/2025,1904729293546197388,1904729293546197388,100,1904738362696884552,1903897312843419796,7140dibdnow9c7btw4dzna1ew30s5ozi9zomrcz4albue
The Fremont Bridge has closed to traffic at  08:15 PM on 03/25/2025,1904733827555348989,1904733827555348989,100,1904738362696884552,1903897312843419796,7140dibdnow9c7btw4dzna1ew30s5ozi9zomrcz4albue
The Fremont Bridge has reopened to traffic at  08:19 PM on 03/25/2025,1904734835203334535,1904734835203334535,100,1904738362696884552,1903897312843419796,7140dibdnow9c7btw4dzna1ew30s5ozi9zomrcz4albue
The Fremont Bridge has closed to traffic at  08:30 PM on 03/25/2025,1904737606551953606,1904737606551953606,100,1904738362696884552,1903897312843419796,7140dibdnow9c7btw4dzna1ew30s5ozi9zomrcz4albue
The Fremont Bridge has reopened to traffic at  08:33 PM on 03/25/2025,1904738362696884552,1904738362696884552,100,1904738362696884552,1903897312843419796,7140dibdnow9c7btw4dzna1ew30s5ozi9zomrcz4albue
The Ballard Bridge has closed to traffic at 06:54 AM on 03/26/2025,1904894671232655536,1904894671232655536,100,1905033071545799049,1904394121709797745,
The Ballard Bridge has reopened to traffic at 07:00 AM on 03/26/2025,1904896182255825000,1904896182255825000,100,1905033071545799049,1904394121709797745,
The Fremont Bridge has closed to traffic at 09:41 AM on 03/26/2025,1904936660179230891,1904936660179230891,100,1905033071545799049,1904394121709797745,
The Fremont Bridge has reopened to traffic at 09:50 AM on 03/26/2025,1904938928291144106,1904938928291144106,100,1905033071545799049,1904394121709797745,
The 1st Ave S Bridge has closed to traffic at 10:57 AM on 03/26/2025,1904955800721985656,1904955800721985656,100,1905033071545799049,1904394121709797745,
The Fremont Bridge has closed to traffic at 10:57 AM on 03/26/2025,1904955801506312437,1904955801506312437,100,1905033071545799049,1904394121709797745,
The Fremont Bridge has reopened to traffic at 11:02 AM on 03/26/2025,1904957061139718506,1904957061139718506,100,1905033071545799049,1904394121709797745,
The 1st Ave S Bridge has reopened to traffic at 11:08 AM on 03/26/2025,1904958572527759592,1904958572527759592,100,1905033071545799049,1904394121709797745,
The Montlake Bridge has closed to traffic at 12:19 PM on 03/26/2025,1904976451499344211,1904976451499344211,100,1905033071545799049,1904394121709797745,
The Fremont Bridge has closed to traffic at 12:25 PM on 03/26/2025,1904977962858094667,1904977962858094667,100,1905033071545799049,1904394121709797745,
The Montlake Bridge has reopened to traffic at 12:28 PM on 03/26/2025,1904978718822690873,1904978718822690873,100,1905033071545799049,1904394121709797745,
The University Bridge has closed to traffic at 12:31 PM on 03/26/2025,1904979475206738173,1904979475206738173,100,1905033071545799049,1904394121709797745,
The Fremont Bridge has reopened to traffic at 12:34 PM on 03/26/2025,1904980231062180172,1904980231062180172,100,1905033071545799049,1904394121709797745,
The University Bridge has reopened to traffic at 12:37 PM on 03/26/2025,1904980986947080452,1904980986947080452,100,1905033071545799049,1904394121709797745,
The Ballard Bridge has closed to traffic at 12:50 PM on 03/26/2025,1904984261540901153,1904984261540901153,100,1905033071545799049,1904394121709797745,
The Ballard Bridge has reopened to traffic at 12:58 PM on 03/26/2025,1904986214517842203,1904986214517842203,100,1905033071545799049,1904394121709797745,
The Fremont Bridge has closed to traffic at 01:14 PM on 03/26/2025,1904990245499899935,1904990245499899935,100,1905033071545799049,1904394121709797745,
The Fremont Bridge has reopened to traffic at 01:18 PM on 03/26/2025,1904991252950724931,1904991252950724931,100,1905033071545799049,1904394121709797745,
The Fremont Bridge has closed to traffic at 01:30 PM on 03/26/2025,1904994276104356343,1904994276104356343,100,1905033071545799049,1904394121709797745,
The Montlake Bridge has closed to traffic at 01:30 PM on 03/26/2025,1904994276595085622,1904994276595085622,100,1905033071545799049,1904394121709797745,
The 1st Ave S Bridge has closed to traffic at 01:33 PM on 03/26/2025,1904995032454861141,1904995032454861141,100,1905033071545799049,1904394121709797745,
The 1st Ave S Bridge has reopened to traffic at 01:34 PM on 03/26/2025,1904995284922568968,1904995284922568968,100,1905033071545799049,1904394121709797745,
The Fremont Bridge has reopened to traffic at 01:34 PM on 03/26/2025,1904995285522403689,1904995285522403689,100,1905033071545799049,1904394121709797745,
The Montlake Bridge has reopened to traffic at 01:41 PM on 03/26/2025,1904997049935995322,1904997049935995322,100,1905033071545799049,1904394121709797745,
The Ballard Bridge has closed to traffic at 02:19 PM on 03/26/2025,1905006619714543670,1905006619714543670,100,1905033071545799049,1904394121709797745,
The Ballard Bridge has reopened to traffic at 02:22 PM on 03/26/2025,1905007375549084034,1905007375549084034,100,1905033071545799049,1904394121709797745,
The Ballard Bridge has closed to traffic at 02:30 PM on 03/26/2025,1905009391340044514,1905009391340044514,100,1905033071545799049,1904394121709797745,
The Ballard Bridge has reopened to traffic at 02:35 PM on 03/26/2025,1905010650709168592,1905010650709168592,100,1905033071545799049,1904394121709797745,
The Ballard Bridge has closed to traffic at 02:41 PM on 03/26/2025,1905012162122391810,1905012162122391810,100,1905033071545799049,1904394121709797745,
The Ballard Bridge has reopened to traffic at 02:47 PM on 03/26/2025,1905013673397227882,1905013673397227882,100,1905033071545799049,1904394121709797745,
The Fremont Bridge has closed to traffic at 02:58 PM on 03/26/2025,1905016444678811975,1905016444678811975,100,1905033071545799049,1904394121709797745,
The Fremont Bridge has reopened to traffic at 03:10 PM on 03/26/2025,1905019467593392567,1905019467593392567,100,1905033071545799049,1904394121709797745,
The University Bridge has closed to traffic at 03:14 PM on 03/26/2025,1905020475274862689,1905020475274862689,100,1905033071545799049,1904394121709797745,
The University Bridge has reopened to traffic at 03:21 PM on 03/26/2025,1905022239353036847,1905022239353036847,100,1905033071545799049,1904394121709797745,
The Ballard Bridge has closed to traffic at 03:45 PM on 03/26/2025,1905028284653637650,1905028284653637650,100,1905033071545799049,1904394121709797745,
The Ballard Bridge has reopened to traffic at 03:50 PM on 03/26/2025,1905029544148680953,1905029544148680953,100,1905033071545799049,1904394121709797745,
The Fremont Bridge has closed to traffic at 04:00 PM on 03/26/2025,1905032063893586347,1905032063893586347,100,1905033071545799049,1904394121709797745,
The Fremont Bridge has reopened to traffic at 04:04 PM on 03/26/2025,1905033071545799049,1905033071545799049,100,1905033071545799049,1904394121709797745,
The University Bridge has closed to traffic at 06:02 PM on 03/26/2025,1905062723010097402,1905062723010097402,100,1905062723010097402,1904395632988840159,
The University Bridge has reopened to traffic at  06:06 PM on 03/26/2025,1905063730678997417,1905063730678997417,99,1905811675833614804,1905063730678997417,
The Ballard Bridge has closed to traffic at  06:08 PM on 03/26/2025,1905064234767265950,1905064234767265950,99,1905811675833614804,1905063730678997417,
The Ballard Bridge has reopened to traffic at  06:16 PM on 03/26/2025,1905066250511982662,1905066250511982662,99,1905811675833614804,1905063730678997417,
The Fremont Bridge has closed to traffic at  06:36 PM on 03/26/2025,1905071288949129558,1905071288949129558,99,1905811675833614804,1905063730678997417,
The Fremont Bridge has reopened to traffic at  06:43 PM on 03/26/2025,1905073053018771955,1905073053018771955,99,1905811675833614804,1905063730678997417,
The University Bridge has closed to traffic at  06:47 PM on 03/26/2025,1905074060587143575,1905074060587143575,99,1905811675833614804,1905063730678997417,
The University Bridge has reopened to traffic at  06:52 PM on 03/26/2025,1905075319977230409,1905075319977230409,99,1905811675833614804,1905063730678997417,
The Montlake Bridge has closed to traffic at  07:01 PM on 03/26/2025,1905077587384385915,1905077587384385915,99,1905811675833614804,1905063730678997417,
The University Bridge has closed to traffic at  07:04 PM on 03/26/2025,1905078343017631970,1905078343017631970,99,1905811675833614804,1905063730678997417,
The Montlake Bridge has reopened to traffic at  07:07 PM on 03/26/2025,1905079098806043048,1905079098806043048,99,1905811675833614804,1905063730678997417,
The University Bridge has reopened to traffic at  07:09 PM on 03/26/2025,1905079603078832286,1905079603078832286,99,1905811675833614804,1905063730678997417,
The Fremont Bridge has closed to traffic at  07:16 PM on 03/26/2025,1905081367417045100,1905081367417045100,99,1905811675833614804,1905063730678997417,
The Fremont Bridge has reopened to traffic at  07:21 PM on 03/26/2025,1905082626802942386,1905082626802942386,99,1905811675833614804,1905063730678997417,
The Ballard Bridge has closed to traffic at  07:28 PM on 03/26/2025,1905084390864277695,1905084390864277695,99,1905811675833614804,1905063730678997417,
The Ballard Bridge has reopened to traffic at  07:32 PM on 03/26/2025,1905085398508093513,1905085398508093513,99,1905811675833614804,1905063730678997417,
The Montlake Bridge has closed to traffic at  07:33 PM on 03/26/2025,1905085650782847462,1905085650782847462,99,1905811675833614804,1905063730678997417,
The Montlake Bridge has reopened to traffic at  07:40 PM on 03/26/2025,1905087415225901204,1905087415225901204,99,1905811675833614804,1905063730678997417,
The University Bridge has closed to traffic at  07:42 PM on 03/26/2025,1905087919188263192,1905087919188263192,99,1905811675833614804,1905063730678997417,
The 1st Ave S Bridge has reopened to traffic at  07:43 PM on 03/26/2025,1905088171370782984,1905088171370782984,99,1905811675833614804,1905063730678997417,
The University Bridge has reopened to traffic at  07:46 PM on 03/26/2025,1905088927293424042,1905088927293424042,99,1905811675833614804,1905063730678997417,
The Fremont Bridge has closed to traffic at  09:02 AM on 03/27/2025,1905289234375905760,1905289234375905760,99,1905811675833614804,1905063730678997417,
The Ballard Bridge has closed to traffic at  09:08 AM on 03/27/2025,1905290745646575677,1905290745646575677,99,1905811675833614804,1905063730678997417,
The Fremont Bridge has reopened to traffic at  09:08 AM on 03/27/2025,1905290746145685931,1905290746145685931,99,1905811675833614804,1905063730678997417,
The Ballard Bridge has reopened to traffic at  09:12 AM on 03/27/2025,1905291753835630966,1905291753835630966,99,1905811675833614804,1905063730678997417,
The Ballard Bridge has closed to traffic at  11:01 AM on 03/27/2025,1905319202061492509,1905319202061492509,99,1905811675833614804,1905063730678997417,
The Ballard Bridge has reopened to traffic at  11:10 AM on 03/27/2025,1905321469552591282,1905321469552591282,99,1905811675833614804,1905063730678997417,
The Fremont Bridge has closed to traffic at  11:11 AM on 03/27/2025,1905321721672204451,1905321721672204451,99,1905811675833614804,1905063730678997417,
The Fremont Bridge has reopened to traffic at  11:15 AM on 03/27/2025,1905322729450209410,1905322729450209410,99,1905811675833614804,1905063730678997417,
The Fremont Bridge has closed to traffic at  11:29 AM on 03/27/2025,1905326257191170465,1905326257191170465,99,1905811675833614804,1905063730678997417,
The Fremont Bridge has reopened to traffic at  11:38 AM on 03/27/2025,1905328525026201916,1905328525026201916,99,1905811675833614804,1905063730678997417,
The 1st Ave S Bridge has closed to traffic at  11:53 AM on 03/27/2025,1905332303351693404,1905332303351693404,99,1905811675833614804,1905063730678997417,
The 1st Ave S Bridge has reopened to traffic at  12:03 PM on 03/27/2025,1905334760228163836,1905334760228163836,99,1905811675833614804,1905063730678997417,
The Ballard Bridge has closed to traffic at  01:27 PM on 03/27/2025,1905355913806090751,1905355913806090751,99,1905811675833614804,1905063730678997417,
The Ballard Bridge has reopened to traffic at  01:31 PM on 03/27/2025,1905356921672270305,1905356921672270305,99,1905811675833614804,1905063730678997417,
The Ballard Bridge has closed to traffic at  02:21 PM on 03/27/2025,1905369513610391626,1905369513610391626,99,1905811675833614804,1905063730678997417,
The Ballard Bridge has reopened to traffic at  02:24 PM on 03/27/2025,1905370269923115409,1905370269923115409,99,1905811675833614804,1905063730678997417,
The Fremont Bridge has closed to traffic at  02:36 PM on 03/27/2025,1905373293022187762,1905373293022187762,99,1905811675833614804,1905063730678997417,
The Fremont Bridge has reopened to traffic at  02:42 PM on 03/27/2025,1905374804380922078,1905374804380922078,99,1905811675833614804,1905063730678997417,
The Ballard Bridge has closed to traffic at  02:44 PM on 03/27/2025,1905375308511150096,1905375308511150096,99,1905811675833614804,1905063730678997417,
The Ballard Bridge has reopened to traffic at  02:57 PM on 03/27/2025,1905378583625039937,1905378583625039937,99,1905811675833614804,1905063730678997417,
The Ballard Bridge has closed to traffic at  03:45 PM on 03/27/2025,1905390672729022486,1905390672729022486,99,1905811675833614804,1905063730678997417,
The Fremont Bridge has closed to traffic at  03:45 PM on 03/27/2025,1905390673249051135,1905390673249051135,99,1905811675833614804,1905063730678997417,
The Ballard Bridge has reopened to traffic at  03:51 PM on 03/27/2025,1905392184339431482,1905392184339431482,99,1905811675833614804,1905063730678997417,
The Fremont Bridge has reopened to traffic at  04:08 PM on 03/27/2025,1905396466488934867,1905396466488934867,99,1905811675833614804,1905063730678997417,
The University Bridge has closed to traffic at  04:21 PM on 03/27/2025,1905399741057560931,1905399741057560931,99,1905811675833614804,1905063730678997417,
The University Bridge has reopened to traffic at  04:28 PM on 03/27/2025,1905401505173426264,1905401505173426264,99,1905811675833614804,1905063730678997417,
The Fremont Bridge has closed to traffic at  06:02 PM on 03/27/2025,1905425113539027166,1905425113539027166,99,1905811675833614804,1905063730678997417,
The Fremont Bridge has reopened to traffic at  06:08 PM on 03/27/2025,1905426624876831205,1905426624876831205,99,1905811675833614804,1905063730678997417,
The Ballard Bridge has closed to traffic at  07:18 PM on 03/27/2025,1905444252135665859,1905444252135665859,99,1905811675833614804,1905063730678997417,
The Ballard Bridge has reopened to traffic at  07:23 PM on 03/27/2025,1905445512829899204,1905445512829899204,99,1905811675833614804,1905063730678997417,
The University Bridge has closed to traffic at  07:52 PM on 03/27/2025,1905452816573104275,1905452816573104275,99,1905811675833614804,1905063730678997417,
The Fremont Bridge has closed to traffic at  07:56 PM on 03/27/2025,1905453824254640578,1905453824254640578,99,1905811675833614804,1905063730678997417,
The University Bridge has reopened to traffic at  07:57 PM on 03/27/2025,1905454076428779923,1905454076428779923,99,1905811675833614804,1905063730678997417,
The Fremont Bridge has reopened to traffic at  08:01 PM on 03/27/2025,1905455083967717576,1905455083967717576,99,1905811675833614804,1905063730678997417,
The Fremont Bridge has closed to traffic at  08:07 PM on 03/27/2025,1905456595208991223,1905456595208991223,99,1905811675833614804,1905063730678997417,
The Fremont Bridge has reopened to traffic at  08:12 PM on 03/27/2025,1905457854599102699,1905457854599102699,99,1905811675833614804,1905063730678997417,
The Ballard Bridge has closed to traffic at  08:19 PM on 03/27/2025,1905459618501066844,1905459618501066844,99,1905811675833614804,1905063730678997417,
The Ballard Bridge has reopened to traffic at  08:23 PM on 03/27/2025,1905460626220351491,1905460626220351491,99,1905811675833614804,1905063730678997417,
The Lower Spokane St Bridge has reopened to traffic at  05:01 AM on 03/28/2025,1905590997670912329,1905590997670912329,99,1905811675833614804,1905063730678997417,
The Ballard Bridge has closed to traffic at  09:11 AM on 03/28/2025,1905653886662443156,1905653886662443156,99,1905811675833614804,1905063730678997417,
The Ballard Bridge has reopened to traffic at  09:16 AM on 03/28/2025,1905655146111271321,1905655146111271321,99,1905811675833614804,1905063730678997417,
The Fremont Bridge has closed to traffic at  09:31 AM on 03/28/2025,1905658924378062984,1905658924378062984,99,1905811675833614804,1905063730678997417,
The Fremont Bridge has reopened to traffic at  09:37 AM on 03/28/2025,1905660435682168868,1905660435682168868,99,1905811675833614804,1905063730678997417,
The 1st Ave S Bridge has closed to traffic at  09:47 AM on 03/28/2025,1905662955238338797,1905662955238338797,99,1905811675833614804,1905063730678997417,
The Ballard Bridge has closed to traffic at  09:54 AM on 03/28/2025,1905664719354298662,1905664719354298662,99,1905811675833614804,1905063730678997417,
The 1st Ave S Bridge has reopened to traffic at  09:56 AM on 03/28/2025,1905665223388004764,1905665223388004764,99,1905811675833614804,1905063730678997417,
The Ballard Bridge has reopened to traffic at  09:59 AM on 03/28/2025,1905665979285471701,1905665979285471701,99,1905811675833614804,1905063730678997417,
The Fremont Bridge has closed to traffic at  10:13 AM on 03/28/2025,1905669506086945193,1905669506086945193,99,1905811675833614804,1905063730678997417,
The Fremont Bridge has reopened to traffic at  10:18 AM on 03/28/2025,1905670765464486272,1905670765464486272,99,1905811675833614804,1905063730678997417,
The Fremont Bridge has closed to traffic at  10:28 AM on 03/28/2025,1905673284966072500,1905673284966072500,99,1905811675833614804,1905063730678997417,
The Fremont Bridge has reopened to traffic at  10:32 AM on 03/28/2025,1905674292530155999,1905674292530155999,99,1905811675833614804,1905063730678997417,
The University Bridge has closed to traffic at  10:32 AM on 03/28/2025,1905674292903510525,1905674292903510525,99,1905811675833614804,1905063730678997417,
The University Bridge has reopened to traffic at  10:37 AM on 03/28/2025,1905675552163582249,1905675552163582249,99,1905811675833614804,1905063730678997417,
The Ballard Bridge has closed to traffic at  10:40 AM on 03/28/2025,1905676307918455207,1905676307918455207,99,1905811675833614804,1905063730678997417,
The Ballard Bridge has reopened to traffic at  10:43 AM on 03/28/2025,1905677063799165078,1905677063799165078,99,1905811675833614804,1905063730678997417,
The Fremont Bridge has closed to traffic at  11:54 AM on 03/28/2025,1905694942695174654,1905694942695174654,99,1905811675833614804,1905063730678997417,
The Fremont Bridge has reopened to traffic at  11:58 AM on 03/28/2025,1905695950204715511,1905695950204715511,99,1905811675833614804,1905063730678997417,
The Ballard Bridge has closed to traffic at  12:04 PM on 03/28/2025,1905697461706146289,1905697461706146289,99,1905811675833614804,1905063730678997417,
The Ballard Bridge has reopened to traffic at  12:07 PM on 03/28/2025,1905698154558980384,1905698154558980384,99,1905811675833614804,1905063730678997417,
The Fremont Bridge has closed to traffic at  12:31 PM on 03/28/2025,1905704199180161512,1905704199180161512,99,1905811675833614804,1905063730678997417,
The Fremont Bridge has reopened to traffic at  12:36 PM on 03/28/2025,1905705458608001319,1905705458608001319,99,1905811675833614804,1905063730678997417,
The Ballard Bridge has closed to traffic at  01:47 PM on 03/28/2025,1905723338057826473,1905723338057826473,99,1905811675833614804,1905063730678997417,
The Ballard Bridge has reopened to traffic at  01:53 PM on 03/28/2025,1905724849693335918,1905724849693335918,99,1905811675833614804,1905063730678997417,
The Fremont Bridge has closed to traffic at  02:06 PM on 03/28/2025,1905728124765303012,1905728124765303012,99,1905811675833614804,1905063730678997417,
The Ballard Bridge has closed to traffic at  02:11 PM on 03/28/2025,1905729384146989385,1905729384146989385,99,1905811675833614804,1905063730678997417,
The Fremont Bridge has reopened to traffic at  02:12 PM on 03/28/2025,1905729636287553742,1905729636287553742,99,1905811675833614804,1905063730678997417,
The Ballard Bridge has reopened to traffic at  02:15 PM on 03/28/2025,1905730392096993610,1905730392096993610,99,1905811675833614804,1905063730678997417,
The University Bridge has closed to traffic at  02:27 PM on 03/28/2025,1905733415338655955,1905733415338655955,99,1905811675833614804,1905063730678997417,
The Fremont Bridge has closed to traffic at  02:30 PM on 03/28/2025,1905734171198468142,1905734171198468142,99,1905811675833614804,1905063730678997417,
The University Bridge has reopened to traffic at  02:33 PM on 03/28/2025,1905734927024533961,1905734927024533961,99,1905811675833614804,1905063730678997417,
The Fremont Bridge has reopened to traffic at  02:36 PM on 03/28/2025,1905735683014287503,1905735683014287503,99,1905811675833614804,1905063730678997417,
The Fremont Bridge has closed to traffic at  02:47 PM on 03/28/2025,1905738454476194032,1905738454476194032,99,1905811675833614804,1905063730678997417,
The Fremont Bridge has reopened to traffic at  02:50 PM on 03/28/2025,1905739210302365812,1905739210302365812,99,1905811675833614804,1905063730678997417,
The Ballard Bridge has closed to traffic at  03:02 PM on 03/28/2025,1905742233703416148,1905742233703416148,99,1905811675833614804,1905063730678997417,
The Ballard Bridge has reopened to traffic at  03:08 PM on 03/28/2025,1905743745368367279,1905743745368367279,99,1905811675833614804,1905063730678997417,
The University Bridge has closed to traffic at  07:26 PM on 03/28/2025,1905808652780655079,1905808652780655079,99,1905811675833614804,1905063730678997417,
The University Bridge has reopened to traffic at  07:30 PM on 03/28/2025,1905809660525056372,1905809660525056372,99,1905811675833614804,1905063730678997417,
The Montlake Bridge has closed to traffic at  07:32 PM on 03/28/2025,1905810164491677758,1905810164491677758,99,1905811675833614804,1905063730678997417,
The Montlake Bridge has reopened to traffic at  07:38 PM on 03/28/2025,1905811675833614804,1905811675833614804,99,1905811675833614804,1905063730678997417,
The Montlake Bridge has closed to traffic at  08:55 PM on 03/28/2025,1905831066361102414,1905831066361102414,100,1906416154375283139,1905674292530155999,
The Montlake Bridge has reopened to traffic at  09:02 PM on 03/28/2025,1905832830535602570,1905832830535602570,100,1906416154375283139,1905674292530155999,
The University Bridge has closed to traffic at  09:04 PM on 03/28/2025,1905833334472941751,1905833334472941751,100,1906416154375283139,1905674292530155999,
The University Bridge has reopened to traffic at  09:09 PM on 03/28/2025,1905834593942675791,1905834593942675791,100,1906416154375283139,1905674292530155999,
The Ballard Bridge has closed to traffic at  09:11 PM on 03/28/2025,1905835098026758210,1905835098026758210,100,1906416154375283139,1905674292530155999,
The Ballard Bridge has reopened to traffic at  09:16 PM on 03/28/2025,1905836357739741244,1905836357739741244,100,1906416154375283139,1905674292530155999,
The University Bridge has closed to traffic at  08:41 AM on 03/29/2025,1906008729386197449,1906008729386197449,100,1906416154375283139,1905674292530155999,
The University Bridge has reopened to traffic at  08:47 AM on 03/29/2025,1906010240476406083,1906010240476406083,100,1906416154375283139,1905674292530155999,
The Fremont Bridge has closed to traffic at  08:55 AM on 03/29/2025,1906012256472797605,1906012256472797605,100,1906416154375283139,1905674292530155999,
The Fremont Bridge has reopened to traffic at  09:01 AM on 03/29/2025,1906013767378567194,1906013767378567194,100,1906416154375283139,1905674292530155999,
The Ballard Bridge has closed to traffic at  09:07 AM on 03/29/2025,1906015278502441168,1906015278502441168,100,1906416154375283139,1905674292530155999,
The Ballard Bridge has reopened to traffic at  09:12 AM on 03/29/2025,1906016537854795899,1906016537854795899,100,1906416154375283139,1905674292530155999,
The Ballard Bridge has closed to traffic at  10:38 AM on 03/29/2025,1906038195239993543,1906038195239993543,100,1906416154375283139,1905674292530155999,
The Ballard Bridge has reopened to traffic at  10:41 AM on 03/29/2025,1906038951078690952,1906038951078690952,100,1906416154375283139,1905674292530155999,
The Ballard Bridge has closed to traffic at  11:01 AM on 03/29/2025,1906043988240654697,1906043988240654697,100,1906416154375283139,1905674292530155999,
The Ballard Bridge has reopened to traffic at  11:04 AM on 03/29/2025,1906044743966240875,1906044743966240875,100,1906416154375283139,1905674292530155999,
The Fremont Bridge has closed to traffic at  11:14 AM on 03/29/2025,1906047263237112159,1906047263237112159,100,1906416154375283139,1905674292530155999,
The Fremont Bridge has reopened to traffic at  11:18 AM on 03/29/2025,1906048270838993006,1906048270838993006,100,1906416154375283139,1905674292530155999,
The Fremont Bridge has closed to traffic at  11:32 AM on 03/29/2025,1906051735837430252,1906051735837430252,100,1906416154375283139,1905674292530155999,
The Fremont Bridge has reopened to traffic at  11:35 AM on 03/29/2025,1906052491554562294,1906052491554562294,100,1906416154375283139,1905674292530155999,
The Ballard Bridge has closed to traffic at  12:12 PM on 03/29/2025,1906061812879261983,1906061812879261983,100,1906416154375283139,1905674292530155999,
The Ballard Bridge has reopened to traffic at  12:15 PM on 03/29/2025,1906062568437039166,1906062568437039166,100,1906416154375283139,1905674292530155999,
The Fremont Bridge has closed to traffic at  12:29 PM on 03/29/2025,1906066095431360807,1906066095431360807,100,1906416154375283139,1905674292530155999,
The Fremont Bridge has reopened to traffic at  12:33 PM on 03/29/2025,1906067102815121558,1906067102815121558,100,1906416154375283139,1905674292530155999,
The Ballard Bridge has closed to traffic at  01:05 PM on 03/29/2025,1906075161834750399,1906075161834750399,100,1906416154375283139,1905674292530155999,
The Ballard Bridge has reopened to traffic at  01:09 PM on 03/29/2025,1906076169910583312,1906076169910583312,100,1906416154375283139,1905674292530155999,
The Fremont Bridge has closed to traffic at  01:26 PM on 03/29/2025,1906080453007990929,1906080453007990929,100,1906416154375283139,1905674292530155999,
The Montlake Bridge has closed to traffic at  01:29 PM on 03/29/2025,1906081208808947800,1906081208808947800,100,1906416154375283139,1905674292530155999,
The Fremont Bridge has reopened to traffic at  01:30 PM on 03/29/2025,1906081460987285733,1906081460987285733,100,1906416154375283139,1905674292530155999,
The Montlake Bridge has reopened to traffic at  01:34 PM on 03/29/2025,1906082468509495346,1906082468509495346,100,1906416154375283139,1905674292530155999,
The University Bridge has closed to traffic at  01:40 PM on 03/29/2025,1906083980212097261,1906083980212097261,100,1906416154375283139,1905674292530155999,
The University Bridge has reopened to traffic at  01:46 PM on 03/29/2025,1906085491298210283,1906085491298210283,100,1906416154375283139,1905674292530155999,
The Fremont Bridge has closed to traffic at  01:54 PM on 03/29/2025,1906087507386929515,1906087507386929515,100,1906416154375283139,1905674292530155999,
The Fremont Bridge has reopened to traffic at  01:57 PM on 03/29/2025,1906088263217201252,1906088263217201252,100,1906416154375283139,1905674292530155999,
The Fremont Bridge has closed to traffic at  02:04 PM on 03/29/2025,1906090027446345870,1906090027446345870,100,1906416154375283139,1905674292530155999,
The Fremont Bridge has reopened to traffic at  02:09 PM on 03/29/2025,1906091286798713011,1906091286798713011,100,1906416154375283139,1905674292530155999,
The Ballard Bridge has closed to traffic at  02:19 PM on 03/29/2025,1906093806673592807,1906093806673592807,100,1906416154375283139,1905674292530155999,
The Ballard Bridge has reopened to traffic at  02:23 PM on 03/29/2025,1906094814191657361,1906094814191657361,100,1906416154375283139,1905674292530155999,
The 1st Ave S Bridge has closed to traffic at  02:35 PM on 03/29/2025,1906097837345235418,1906097837345235418,100,1906416154375283139,1905674292530155999,
The Fremont Bridge has closed to traffic at  02:40 PM on 03/29/2025,1906099096689229923,1906099096689229923,100,1906416154375283139,1905674292530155999,
The 1st Ave S Bridge has reopened to traffic at  02:44 PM on 03/29/2025,1906100104240783743,1906100104240783743,100,1906416154375283139,1905674292530155999,
The Fremont Bridge has reopened to traffic at  02:44 PM on 03/29/2025,1906100104651804977,1906100104651804977,100,1906416154375283139,1905674292530155999,
The Ballard Bridge has closed to traffic at  02:59 PM on 03/29/2025,1906103883342233788,1906103883342233788,100,1906416154375283139,1905674292530155999,
The Ballard Bridge has reopened to traffic at  03:03 PM on 03/29/2025,1906104890897965301,1906104890897965301,100,1906416154375283139,1905674292530155999,
The Fremont Bridge has closed to traffic at  03:12 PM on 03/29/2025,1906107158628008264,1906107158628008264,100,1906416154375283139,1905674292530155999,
The Fremont Bridge has reopened to traffic at  03:15 PM on 03/29/2025,1906107914391265765,1906107914391265765,100,1906416154375283139,1905674292530155999,
The Fremont Bridge has closed to traffic at  04:50 PM on 03/29/2025,1906131775669358933,1906131775669358933,100,1906416154375283139,1905674292530155999,
The Fremont Bridge has reopened to traffic at  04:53 PM on 03/29/2025,1906132531445203120,1906132531445203120,100,1906416154375283139,1905674292530155999,
The Ballard Bridge has closed to traffic at  04:54 PM on 03/29/2025,1906132784613056568,1906132784613056568,100,1906416154375283139,1905674292530155999,
The Ballard Bridge has reopened to traffic at  04:58 PM on 03/29/2025,1906133792458494114,1906133792458494114,100,1906416154375283139,1905674292530155999,
The Fremont Bridge has closed to traffic at  05:13 PM on 03/29/2025,1906137570658206033,1906137570658206033,100,1906416154375283139,1905674292530155999,
The Fremont Bridge has reopened to traffic at  05:17 PM on 03/29/2025,1906138578205495430,1906138578205495430,100,1906416154375283139,1905674292530155999,
The Fremont Bridge has closed to traffic at  05:54 PM on 03/29/2025,1906147897235874194,1906147897235874194,100,1906416154375283139,1905674292530155999,
The Fremont Bridge has reopened to traffic at  05:58 PM on 03/29/2025,1906148904745443766,1906148904745443766,100,1906416154375283139,1905674292530155999,
The Ballard Bridge has closed to traffic at  06:08 PM on 03/29/2025,1906151424553316580,1906151424553316580,100,1906416154375283139,1905674292530155999,
The Ballard Bridge has reopened to traffic at  06:12 PM on 03/29/2025,1906152432553611289,1906152432553611289,100,1906416154375283139,1905674292530155999,
The Ballard Bridge has closed to traffic at  06:54 PM on 03/29/2025,1906163009862693371,1906163009862693371,100,1906416154375283139,1905674292530155999,
The Ballard Bridge has reopened to traffic at  06:57 PM on 03/29/2025,1906163765634293780,1906163765634293780,100,1906416154375283139,1905674292530155999,
The Fremont Bridge has closed to traffic at  07:53 AM on 03/30/2025,1906359042718716321,1906359042718716321,100,1906416154375283139,1905674292530155999,
The Fremont Bridge has reopened to traffic at  08:00 AM on 03/30/2025,1906360806645944345,1906360806645944345,100,1906416154375283139,1905674292530155999,
The Ballard Bridge has closed to traffic at  08:14 AM on 03/30/2025,1906364333149565118,1906364333149565118,100,1906416154375283139,1905674292530155999,
The Ballard Bridge has reopened to traffic at  08:20 AM on 03/30/2025,1906365844227285452,1906365844227285452,100,1906416154375283139,1905674292530155999,
The Ballard Bridge has closed to traffic at  10:53 AM on 03/30/2025,1906404314274578504,1906404314274578504,100,1906416154375283139,1905674292530155999,
The Ballard Bridge has reopened to traffic at  10:58 AM on 03/30/2025,1906405573618532379,1906405573618532379,100,1906416154375283139,1905674292530155999,
The Fremont Bridge has closed to traffic at  11:10 AM on 03/30/2025,1906408597057315094,1906408597057315094,100,1906416154375283139,1905674292530155999,
The Fremont Bridge has reopened to traffic at  11:16 AM on 03/30/2025,1906410108202176652,1906410108202176652,100,1906416154375283139,1905674292530155999,
The University Bridge has closed to traffic at  11:27 AM on 03/30/2025,1906412879437521134,1906412879437521134,100,1906416154375283139,1905674292530155999,
The University Bridge has reopened to traffic at  11:32 AM on 03/30/2025,1906414139016360398,1906414139016360398,100,1906416154375283139,1905674292530155999,
The Fremont Bridge has closed to traffic at  11:36 AM on 03/30/2025,1906415146471510308,1906415146471510308,100,1906416154375283139,1905674292530155999,
The Montlake Bridge has closed to traffic at  11:36 AM on 03/30/2025,1906415146840490274,1906415146840490274,100,1906416154375283139,1905674292530155999,
The Fremont Bridge has reopened to traffic at  11:40 AM on 03/30/2025,1906416154375283139,1906416154375283139,100,1906416154375283139,1905674292530155999,
The Montlake Bridge has reopened to traffic at  11:43 AM on 03/30/2025,1906416910033670181,1906416910033670181,100,1907170908864909752,1906416910033670181,
The Ballard Bridge has closed to traffic at  11:44 AM on 03/30/2025,1906417162195251495,1906417162195251495,100,1907170908864909752,1906416910033670181,
The Fremont Bridge has closed to traffic at  11:46 AM on 03/30/2025,1906417666036048163,1906417666036048163,100,1907170908864909752,1906416910033670181,
The Ballard Bridge has reopened to traffic at  11:47 AM on 03/30/2025,1906417918168179157,1906417918168179157,100,1907170908864909752,1906416910033670181,
The Fremont Bridge has reopened to traffic at  11:51 AM on 03/30/2025,1906418925614875041,1906418925614875041,100,1907170908864909752,1906416910033670181,
The Ballard Bridge has closed to traffic at  12:02 PM on 03/30/2025,1906421696502149620,1906421696502149620,100,1907170908864909752,1906416910033670181,
The Ballard Bridge has reopened to traffic at  12:06 PM on 03/30/2025,1906422704028487964,1906422704028487964,100,1907170908864909752,1906416910033670181,
The Fremont Bridge has closed to traffic at  12:07 PM on 03/30/2025,1906422956185801141,1906422956185801141,100,1907170908864909752,1906416910033670181,
The Fremont Bridge has reopened to traffic at  12:11 PM on 03/30/2025,1906423963812848062,1906423963812848062,100,1907170908864909752,1906416910033670181,
The Fremont Bridge has closed to traffic at  02:31 PM on 03/30/2025,1906459218879947097,1906459218879947097,100,1907170908864909752,1906416910033670181,
The Fremont Bridge has reopened to traffic at  02:35 PM on 03/30/2025,1906460226368553430,1906460226368553430,100,1907170908864909752,1906416910033670181,
The Ballard Bridge has closed to traffic at  02:51 PM on 03/30/2025,1906464256696143898,1906464256696143898,100,1907170908864909752,1906416910033670181,
The Ballard Bridge has reopened to traffic at  02:54 PM on 03/30/2025,1906465012627230817,1906465012627230817,100,1907170908864909752,1906416910033670181,
The University Bridge has closed to traffic at  03:25 PM on 03/30/2025,1906472820512858312,1906472820512858312,100,1907170908864909752,1906416910033670181,
The University Bridge has reopened to traffic at  03:29 PM on 03/30/2025,1906473765212684757,1906473765212684757,100,1907170908864909752,1906416910033670181,
The Montlake Bridge has closed to traffic at  03:34 PM on 03/30/2025,1906475024653099169,1906475024653099169,100,1907170908864909752,1906416910033670181,
The Montlake Bridge has reopened to traffic at  03:39 PM on 03/30/2025,1906476284026507450,1906476284026507450,100,1907170908864909752,1906416910033670181,
The Fremont Bridge has closed to traffic at  04:09 PM on 03/30/2025,1906483840543326581,1906483840543326581,100,1907170908864909752,1906416910033670181,
The Fremont Bridge has reopened to traffic at  04:12 PM on 03/30/2025,1906484596415533306,1906484596415533306,100,1907170908864909752,1906416910033670181,
The Fremont Bridge has closed to traffic at  04:29 PM on 03/30/2025,1906488878623777133,1906488878623777133,100,1907170908864909752,1906416910033670181,
The Fremont Bridge has reopened to traffic at  04:32 PM on 03/30/2025,1906489634416378040,1906489634416378040,100,1907170908864909752,1906416910033670181,
The Fremont Bridge has closed to traffic at  05:16 PM on 03/30/2025,1906500714710577657,1906500714710577657,100,1907170908864909752,1906416910033670181,
The Fremont Bridge has reopened to traffic at  05:21 PM on 03/30/2025,1906501974134341813,1906501974134341813,100,1907170908864909752,1906416910033670181,
The Fremont Bridge has closed to traffic at  05:46 PM on 03/30/2025,1906508270770274459,1906508270770274459,100,1907170908864909752,1906416910033670181,
The Fremont Bridge has reopened to traffic at  05:49 PM on 03/30/2025,1906509026688630785,1906509026688630785,100,1907170908864909752,1906416910033670181,
The Ballard Bridge has closed to traffic at  06:11 PM on 03/30/2025,1906514567934746907,1906514567934746907,100,1907170908864909752,1906416910033670181,
The Ballard Bridge has reopened to traffic at  06:17 PM on 03/30/2025,1906516079272513998,1906516079272513998,100,1907170908864909752,1906416910033670181,
The Fremont Bridge has closed to traffic at  06:32 PM on 03/30/2025,1906519857593799056,1906519857593799056,100,1907170908864909752,1906416910033670181,
The Fremont Bridge has reopened to traffic at  06:38 PM on 03/30/2025,1906521368642113716,1906521368642113716,100,1907170908864909752,1906416910033670181,
The 1st Ave S Bridge has closed to traffic at  08:51 PM on 03/30/2025,1906554858666398101,1906554858666398101,100,1907170908864909752,1906416910033670181,
The 1st Ave S Bridge has reopened to traffic at  08:59 PM on 03/30/2025,1906556811697856994,1906556811697856994,100,1907170908864909752,1906416910033670181,
The Montlake Bridge has closed to traffic at  09:27 PM on 03/30/2025,1906563864105529580,1906563864105529580,100,1907170908864909752,1906416910033670181,
The Montlake Bridge has reopened to traffic at  09:34 PM on 03/30/2025,1906565627978059815,1906565627978059815,100,1907170908864909752,1906416910033670181,
The University Bridge has closed to traffic at  09:40 PM on 03/30/2025,1906567139135480199,1906567139135480199,100,1907170908864909752,1906416910033670181,
The University Bridge has reopened to traffic at  09:44 PM on 03/30/2025,1906568146833842256,1906568146833842256,100,1907170908864909752,1906416910033670181,
The Ballard Bridge has closed to traffic at  12:26 AM on 03/31/2025,1906608940076687464,1906608940076687464,100,1907170908864909752,1906416910033670181,
The Ballard Bridge has reopened to traffic at  12:31 AM on 03/31/2025,1906610199315767602,1906610199315767602,100,1907170908864909752,1906416910033670181,
The Lower Spokane St Bridge has reopened to traffic at  01:55 AM on 03/31/2025,1906631352159781031,1906631352159781031,100,1907170908864909752,1906416910033670181,
The Fremont Bridge has closed to traffic at  09:22 AM on 03/31/2025,1906743845850910893,1906743845850910893,100,1907170908864909752,1906416910033670181,
The Fremont Bridge has reopened to traffic at  09:27 AM on 03/31/2025,1906745105266229710,1906745105266229710,100,1907170908864909752,1906416910033670181,
The Montlake Bridge has closed to traffic at  09:59 AM on 03/31/2025,1906753163983724971,1906753163983724971,100,1907170908864909752,1906416910033670181,
The Montlake Bridge has reopened to traffic at  10:04 AM on 03/31/2025,1906754423554224409,1906754423554224409,100,1907170908864909752,1906416910033670181,
The Fremont Bridge has closed to traffic at  10:36 AM on 03/31/2025,1906762420267487742,1906762420267487742,100,1907170908864909752,1906416910033670181,
The Fremont Bridge has reopened to traffic at  10:42 AM on 03/31/2025,1906763931588428055,1906763931588428055,100,1907170908864909752,1906416910033670181,
The University Bridge has closed to traffic at  10:54 AM on 03/31/2025,1906766955648090236,1906766955648090236,100,1907170908864909752,1906416910033670181,
The University Bridge has reopened to traffic at  10:59 AM on 03/31/2025,1906768215050739901,1906768215050739901,100,1907170908864909752,1906416910033670181,
The Montlake Bridge has closed to traffic at  11:02 AM on 03/31/2025,1906768972071993628,1906768972071993628,100,1907170908864909752,1906416910033670181,
The Montlake Bridge has reopened to traffic at  11:08 AM on 03/31/2025,1906770483267461463,1906770483267461463,100,1907170908864909752,1906416910033670181,
The 1st Ave S Bridge has closed to traffic at  11:21 AM on 03/31/2025,1906773758528090299,1906773758528090299,100,1907170908864909752,1906416910033670181,
The 1st Ave S Bridge has reopened to traffic at  11:27 AM on 03/31/2025,1906775270012633220,1906775270012633220,100,1907170908864909752,1906416910033670181,
The Ballard Bridge has closed to traffic at  02:21 PM on 03/31/2025,1906819087709376603,1906819087709376603,100,1907170908864909752,1906416910033670181,
The 1st Ave S Bridge has closed to traffic at  02:23 PM on 03/31/2025,1906819591852146740,1906819591852146740,100,1907170908864909752,1906416910033670181,
The Ballard Bridge has reopened to traffic at  02:25 PM on 03/31/2025,1906820095797825691,1906820095797825691,100,1907170908864909752,1906416910033670181,
The 1st Ave S Bridge has reopened to traffic at  02:32 PM on 03/31/2025,1906821859775263075,1906821859775263075,100,1907170908864909752,1906416910033670181,
The Ballard Bridge has closed to traffic at  04:30 PM on 03/31/2025,1906851510023328001,1906851510023328001,100,1907170908864909752,1906416910033670181,
The Ballard Bridge has reopened to traffic at  04:37 PM on 03/31/2025,1906853274105569425,1906853274105569425,100,1907170908864909752,1906416910033670181,
The Ballard Bridge has closed to traffic at  06:01 PM on 03/31/2025,1906874426492375425,1906874426492375425,100,1907170908864909752,1906416910033670181,
The Ballard Bridge has reopened to traffic at  06:08 PM on 03/31/2025,1906876190436245735,1906876190436245735,100,1907170908864909752,1906416910033670181,
The Fremont Bridge has closed to traffic at  06:21 PM on 03/31/2025,1906879465646596302,1906879465646596302,100,1907170908864909752,1906416910033670181,
The University Bridge has closed to traffic at  06:46 PM on 03/31/2025,1906885762152587603,1906885762152587603,100,1907170908864909752,1906416910033670181,
The University Bridge has reopened to traffic at  06:53 PM on 03/31/2025,1906887526415220895,1906887526415220895,100,1907170908864909752,1906416910033670181,
The Ballard Bridge has closed to traffic at  07:09 PM on 03/31/2025,1906891557468537229,1906891557468537229,100,1907170908864909752,1906416910033670181,
The Ballard Bridge has reopened to traffic at  07:13 PM on 03/31/2025,1906892565309456759,1906892565309456759,100,1907170908864909752,1906416910033670181,
The Montlake Bridge has closed to traffic at  07:43 PM on 03/31/2025,1906900120949711003,1906900120949711003,100,1907170908864909752,1906416910033670181,
The Montlake Bridge has reopened to traffic at  07:50 PM on 03/31/2025,1906901884906197247,1906901884906197247,100,1907170908864909752,1906416910033670181,
The University Bridge has closed to traffic at  07:52 PM on 03/31/2025,1906902388897890375,1906902388897890375,100,1907170908864909752,1906416910033670181,
The Fremont Bridge has reopened to traffic at  07:54 PM on 03/31/2025,1906902892780659015,1906902892780659015,100,1907170908864909752,1906416910033670181,
The University Bridge has reopened to traffic at  07:57 PM on 03/31/2025,1906903648573218845,1906903648573218845,100,1907170908864909752,1906416910033670181,
The Fremont Bridge has closed to traffic at  08:15 PM on 03/31/2025,1906908182456476127,1906908182456476127,100,1907170908864909752,1906416910033670181,
The Fremont Bridge has reopened to traffic at  08:20 PM on 03/31/2025,1906909441796288942,1906909441796288942,100,1907170908864909752,1906416910033670181,
The Ballard Bridge has closed to traffic at  08:26 PM on 03/31/2025,1906910953150857588,1906910953150857588,100,1907170908864909752,1906416910033670181,
The Ballard Bridge has reopened to traffic at  08:30 PM on 03/31/2025,1906911960643563929,1906911960643563929,100,1907170908864909752,1906416910033670181,
The Fremont Bridge has closed to traffic at  08:54 PM on 03/31/2025,1906918005554253886,1906918005554253886,100,1907170908864909752,1906416910033670181,
The Fremont Bridge has reopened to traffic at  08:57 PM on 03/31/2025,1906918698465869953,1906918698465869953,100,1907170908864909752,1906416910033670181,
The Fremont Bridge has closed to traffic at  09:04 PM on 03/31/2025,1906920462657212470,1906920462657212470,100,1907170908864909752,1906416910033670181,
The Fremont Bridge has reopened to traffic at  09:08 PM on 03/31/2025,1906921470250664046,1906921470250664046,100,1907170908864909752,1906416910033670181,
The University Bridge has closed to traffic at  11:04 PM on 03/31/2025,1906950679819952461,1906950679819952461,100,1907170908864909752,1906416910033670181,
The University Bridge has reopened to traffic at  11:10 PM on 03/31/2025,1906952191124095162,1906952191124095162,100,1907170908864909752,1906416910033670181,
The Fremont Bridge has closed to traffic at  11:23 PM on 03/31/2025,1906955465998876980,1906955465998876980,100,1907170908864909752,1906416910033670181,
The Fremont Bridge has reopened to traffic at  11:28 PM on 03/31/2025,1906956725271646236,1906956725271646236,100,1907170908864909752,1906416910033670181,
The Ballard Bridge has closed to traffic at  11:42 PM on 03/31/2025,1906960251779424312,1906960251779424312,100,1907170908864909752,1906416910033670181,
The Ballard Bridge has reopened to traffic at  11:47 PM on 03/31/2025,1906961511047971293,1906961511047971293,100,1907170908864909752,1906416910033670181,
The Montlake Bridge has closed to traffic at  10:03 AM on 04/01/2025,1907116560592072867,1907116560592072867,100,1907170908864909752,1906416910033670181,
The Montlake Bridge has reopened to traffic at  10:08 AM on 04/01/2025,1907117757562601794,1907117757562601794,100,1907170908864909752,1906416910033670181,
The University Bridge has closed to traffic at  10:10 AM on 04/01/2025,1907118261717831712,1907118261717831712,100,1907170908864909752,1906416910033670181,
The University Bridge has reopened to traffic at  10:14 AM on 04/01/2025,1907119269693063305,1907119269693063305,100,1907170908864909752,1906416910033670181,
The Fremont Bridge has closed to traffic at  10:26 AM on 04/01/2025,1907122293375168712,1907122293375168712,100,1907170908864909752,1906416910033670181,
The Fremont Bridge has reopened to traffic at  10:30 AM on 04/01/2025,1907123301396382201,1907123301396382201,100,1907170908864909752,1906416910033670181,
The Fremont Bridge has closed to traffic at  10:39 AM on 04/01/2025,1907125569684377969,1907125569684377969,100,1907170908864909752,1906416910033670181,
The Fremont Bridge has reopened to traffic at  10:43 AM on 04/01/2025,1907126577454002464,1907126577454002464,100,1907170908864909752,1906416910033670181,
The Ballard Bridge has closed to traffic at  10:44 AM on 04/01/2025,1907126829833662798,1907126829833662798,100,1907170908864909752,1906416910033670181,
The Ballard Bridge has reopened to traffic at  10:48 AM on 04/01/2025,1907127837389455437,1907127837389455437,100,1907170908864909752,1906416910033670181,
The Fremont Bridge has closed to traffic at  12:17 PM on 04/01/2025,1907150248390369379,1907150248390369379,100,1907170908864909752,1906416910033670181,
The Fremont Bridge has reopened to traffic at  12:21 PM on 04/01/2025,1907151257204039927,1907151257204039927,100,1907170908864909752,1906416910033670181,
The Ballard Bridge has closed to traffic at  01:04 PM on 04/01/2025,1907162088054919249,1907162088054919249,100,1907170908864909752,1906416910033670181,
The Ballard Bridge has reopened to traffic at  01:07 PM on 04/01/2025,1907162844116009269,1907162844116009269,100,1907170908864909752,1906416910033670181,
The Fremont Bridge has closed to traffic at  01:21 PM on 04/01/2025,1907166371299123508,1907166371299123508,100,1907170908864909752,1906416910033670181,
The Fremont Bridge has reopened to traffic at  01:25 PM on 04/01/2025,1907167380553486838,1907167380553486838,100,1907170908864909752,1906416910033670181,
The Fremont Bridge has closed to traffic at  01:36 PM on 04/01/2025,1907170152782983384,1907170152782983384,100,1907170908864909752,1906416910033670181,
The Fremont Bridge has reopened to traffic at  01:39 PM on 04/01/2025,1907170908864909752,1907170908864909752,100,1907170908864909752,1906416910033670181,
The 1st Ave S Bridge has closed to traffic at  01:50 PM on 04/01/2025,1907173680364564484,1907173680364564484,100,1908001885556236602,1907173680364564484,
The 1st Ave S Bridge has reopened to traffic at  01:51 PM on 04/01/2025,1907173932702314858,1907173932702314858,100,1908001885556236602,1907173680364564484,
The Ballard Bridge has closed to traffic at  02:19 PM on 04/01/2025,1907180986758283380,1907180986758283380,100,1908001885556236602,1907173680364564484,
The Ballard Bridge has reopened to traffic at  02:24 PM on 04/01/2025,1907182183380550150,1907182183380550150,100,1908001885556236602,1907173680364564484,
The Fremont Bridge has closed to traffic at  02:32 PM on 04/01/2025,1907184200303923359,1907184200303923359,100,1908001885556236602,1907173680364564484,
The Fremont Bridge has reopened to traffic at  02:38 PM on 04/01/2025,1907185711989879219,1907185711989879219,100,1908001885556236602,1907173680364564484,
The University Bridge has closed to traffic at  02:48 PM on 04/01/2025,1907188232351302004,1907188232351302004,100,1908001885556236602,1907173680364564484,
The University Bridge has reopened to traffic at  02:54 PM on 04/01/2025,1907189743701647780,1907189743701647780,100,1908001885556236602,1907173680364564484,
The University Bridge has closed to traffic at  06:29 PM on 04/01/2025,1907243882099974148,1907243882099974148,100,1908001885556236602,1907173680364564484,
The University Bridge has reopened to traffic at  06:36 PM on 04/01/2025,1907245646865957220,1907245646865957220,100,1908001885556236602,1907173680364564484,
The Fremont Bridge has closed to traffic at  06:48 PM on 04/01/2025,1907248670929715310,1907248670929715310,100,1908001885556236602,1907173680364564484,
The Fremont Bridge has reopened to traffic at  06:55 PM on 04/01/2025,1907250435448348923,1907250435448348923,100,1908001885556236602,1907173680364564484,
The Ballard Bridge has closed to traffic at  07:03 PM on 04/01/2025,1907252451264397720,1907252451264397720,100,1908001885556236602,1907173680364564484,
The Ballard Bridge has reopened to traffic at  07:09 PM on 04/01/2025,1907253962421813686,1907253962421813686,100,1908001885556236602,1907173680364564484,
The 1st Ave S Bridge has closed to traffic at  09:09 AM on 04/02/2025,1907465316608987478,1907465316608987478,100,1908001885556236602,1907173680364564484,
The 1st Ave S Bridge has reopened to traffic at  09:22 AM on 04/02/2025,1907468591437615172,1907468591437615172,100,1908001885556236602,1907173680364564484,
The Fremont Bridge has closed to traffic at  09:30 AM on 04/02/2025,1907470607983464652,1907470607983464652,100,1908001885556236602,1907173680364564484,
The Fremont Bridge has reopened to traffic at  09:34 AM on 04/02/2025,1907471615732121639,1907471615732121639,100,1908001885556236602,1907173680364564484,
The Fremont Bridge has closed to traffic at  09:36 AM on 04/02/2025,1907472119841304857,1907472119841304857,100,1908001885556236602,1907173680364564484,
The Fremont Bridge has reopened to traffic at  09:41 AM on 04/02/2025,1907473379889918080,1907473379889918080,100,1908001885556236602,1907173680364564484,
The Ballard Bridge has closed to traffic at  09:49 AM on 04/02/2025,1907475395945115935,1907475395945115935,100,1908001885556236602,1907173680364564484,
The Ballard Bridge has reopened to traffic at  09:53 AM on 04/02/2025,1907476403823813086,1907476403823813086,100,1908001885556236602,1907173680364564484,
The Montlake Bridge has closed to traffic at  10:31 AM on 04/02/2025,1907485974596301073,1907485974596301073,100,1908001885556236602,1907173680364564484,
The 1st Ave S Bridge has closed to traffic at  10:35 AM on 04/02/2025,1907486982445609119,1907486982445609119,100,1908001885556236602,1907173680364564484,
The Montlake Bridge has reopened to traffic at  10:36 AM on 04/02/2025,1907487235709993127,1907487235709993127,100,1908001885556236602,1907173680364564484,
The Fremont Bridge has closed to traffic at  10:50 AM on 04/02/2025,1907490763711336510,1907490763711336510,100,1908001885556236602,1907173680364564484,
The 1st Ave S Bridge has reopened to traffic at  10:52 AM on 04/02/2025,1907491268026053015,1907491268026053015,100,1908001885556236602,1907173680364564484,
The Fremont Bridge has reopened to traffic at  10:57 AM on 04/02/2025,1907492527588126756,1907492527588126756,100,1908001885556236602,1907173680364564484,
The Fremont Bridge has closed to traffic at  11:03 AM on 04/02/2025,1907494039051698384,1907494039051698384,100,1908001885556236602,1907173680364564484,
The Fremont Bridge has reopened to traffic at  11:08 AM on 04/02/2025,1907495298735419567,1907495298735419567,100,1908001885556236602,1907173680364564484,
The Fremont Bridge has closed to traffic at  12:14 PM on 04/02/2025,1907511857965052329,1907511857965052329,100,1908001885556236602,1907173680364564484,
The Fremont Bridge has reopened to traffic at  12:15 PM on 04/02/2025,1907512110344774033,1907512110344774033,100,1908001885556236602,1907173680364564484,
The Ballard Bridge has closed to traffic at  02:25 PM on 04/02/2025,1907544846010884199,1907544846010884199,100,1908001885556236602,1907173680364564484,
The Ballard Bridge has reopened to traffic at  02:30 PM on 04/02/2025,1907546106546045278,1907546106546045278,100,1908001885556236602,1907173680364564484,
The Fremont Bridge has closed to traffic at  02:39 PM on 04/02/2025,1907548375056335261,1907548375056335261,100,1908001885556236602,1907173680364564484,
The Fremont Bridge has reopened to traffic at  02:45 PM on 04/02/2025,1907549886255682027,1907549886255682027,100,1908001885556236602,1907173680364564484,
The University Bridge has closed to traffic at  02:55 PM on 04/02/2025,1907552406298402879,1907552406298402879,100,1908001885556236602,1907173680364564484,
The University Bridge has reopened to traffic at  03:02 PM on 04/02/2025,1907554170963726829,1907554170963726829,100,1908001885556236602,1907173680364564484,
The Ballard Bridge has closed to traffic at  03:16 PM on 04/02/2025,1907557698549461187,1907557698549461187,100,1908001885556236602,1907173680364564484,
The Ballard Bridge has reopened to traffic at  03:20 PM on 04/02/2025,1907558706340106276,1907558706340106276,100,1908001885556236602,1907173680364564484,
The University Bridge has closed to traffic at  06:46 PM on 04/02/2025,1907610517893755348,1907610517893755348,100,1908001885556236602,1907173680364564484,
The University Bridge has reopened to traffic at  06:53 PM on 04/02/2025,1907612282236055938,1907612282236055938,100,1908001885556236602,1907173680364564484,
The Fremont Bridge has closed to traffic at  07:03 PM on 04/02/2025,1907614801641222338,1907614801641222338,100,1908001885556236602,1907173680364564484,
The Fremont Bridge has reopened to traffic at  07:09 PM on 04/02/2025,1907616313570373968,1907616313570373968,100,1908001885556236602,1907173680364564484,
The Ballard Bridge has closed to traffic at  07:18 PM on 04/02/2025,1907618581808042404,1907618581808042404,100,1908001885556236602,1907173680364564484,
The Ballard Bridge has reopened to traffic at  07:23 PM on 04/02/2025,1907619841252708373,1907619841252708373,100,1908001885556236602,1907173680364564484,
The 1st Ave S Bridge has closed to traffic at  04:16 AM on 04/03/2025,1907753989682381267,1907753989682381267,100,1908001885556236602,1907173680364564484,
The 1st Ave S Bridge has reopened to traffic at  04:22 AM on 04/03/2025,1907755501003395407,1907755501003395407,100,1908001885556236602,1907173680364564484,
The 1st Ave S Bridge has closed to traffic at  04:50 AM on 04/03/2025,1907762553062826206,1907762553062826206,100,1908001885556236602,1907173680364564484,
The 1st Ave S Bridge has reopened to traffic at  04:51 AM on 04/03/2025,1907762805358604324,1907762805358604324,100,1908001885556236602,1907173680364564484,
The 1st Ave S Bridge has closed to traffic at  05:03 AM on 04/03/2025,1907765828449349694,1907765828449349694,100,1908001885556236602,1907173680364564484,
The 1st Ave S Bridge has reopened to traffic at  05:09 AM on 04/03/2025,1907767339694829793,1907767339694829793,100,1908001885556236602,1907173680364564484,
The 1st Ave S Bridge has closed to traffic at  09:31 AM on 04/03/2025,1907833250476912951,1907833250476912951,100,1908001885556236602,1907173680364564484,
The 1st Ave S Bridge has reopened to traffic at  09:38 AM on 04/03/2025,1907835014630486246,1907835014630486246,100,1908001885556236602,1907173680364564484,
The 1st Ave S Bridge has closed to traffic at  09:55 AM on 04/03/2025,1907839296842973519,1907839296842973519,100,1908001885556236602,1907173680364564484,
The 1st Ave S Bridge has reopened to traffic at  10:09 AM on 04/03/2025,1907842823816401132,1907842823816401132,100,1908001885556236602,1907173680364564484,
The University Bridge has closed to traffic at  10:28 AM on 04/03/2025,1907847609835991283,1907847609835991283,100,1908001885556236602,1907173680364564484,
The University Bridge has reopened to traffic at  10:31 AM on 04/03/2025,1907848365783789617,1907848365783789617,100,1908001885556236602,1907173680364564484,
The Ballard Bridge has closed to traffic at  10:54 AM on 04/03/2025,1907854160848208172,1907854160848208172,100,1908001885556236602,1907173680364564484,
The Ballard Bridge has reopened to traffic at  10:57 AM on 04/03/2025,1907854917202751777,1907854917202751777,100,1908001885556236602,1907173680364564484,
The Fremont Bridge has closed to traffic at  11:11 AM on 04/03/2025,1907858443597426792,1907858443597426792,100,1908001885556236602,1907173680364564484,
The 1st Ave S Bridge has closed to traffic at  11:15 AM on 04/03/2025,1907859451069296649,1907859451069296649,100,1908001885556236602,1907173680364564484,
The Fremont Bridge has reopened to traffic at  11:15 AM on 04/03/2025,1907859451509616918,1907859451509616918,100,1908001885556236602,1907173680364564484,
The 1st Ave S Bridge has reopened to traffic at  11:22 AM on 04/03/2025,1907861217193886028,1907861217193886028,100,1908001885556236602,1907173680364564484,
The University Bridge has closed to traffic at  11:26 AM on 04/03/2025,1907862225097994468,1907862225097994468,100,1908001885556236602,1907173680364564484,
The University Bridge has reopened to traffic at  11:30 AM on 04/03/2025,1907863170045378983,1907863170045378983,100,1908001885556236602,1907173680364564484,
The Fremont Bridge has closed to traffic at  12:11 PM on 04/03/2025,1907873496237224017,1907873496237224017,100,1908001885556236602,1907173680364564484,
The Fremont Bridge has reopened to traffic at  12:16 PM on 04/03/2025,1907874755707023579,1907874755707023579,100,1908001885556236602,1907173680364564484,
The Ballard Bridge has closed to traffic at  12:30 PM on 04/03/2025,1907878282844057946,1907878282844057946,100,1908001885556236602,1907173680364564484,
The Ballard Bridge has reopened to traffic at  12:34 PM on 04/03/2025,1907879290676588979,1907879290676588979,100,1908001885556236602,1907173680364564484,
The Ballard Bridge has closed to traffic at  12:42 PM on 04/03/2025,1907881306870186408,1907881306870186408,100,1908001885556236602,1907173680364564484,
The Ballard Bridge has reopened to traffic at  12:46 PM on 04/03/2025,1907882314803327423,1907882314803327423,100,1908001885556236602,1907173680364564484,
The Ballard Bridge has closed to traffic at  01:33 PM on 04/03/2025,1907894150575567234,1907894150575567234,100,1908001885556236602,1907173680364564484,
The 1st Ave S Bridge has closed to traffic at  01:37 PM on 04/03/2025,1907895158248706253,1907895158248706253,100,1908001885556236602,1907173680364564484,
The Ballard Bridge has reopened to traffic at  01:38 PM on 04/03/2025,1907895410561323321,1907895410561323321,100,1908001885556236602,1907173680364564484,
The Fremont Bridge has closed to traffic at  01:45 PM on 04/03/2025,1907897174605836408,1907897174605836408,100,1908001885556236602,1907173680364564484,
The 1st Ave S Bridge has reopened to traffic at  01:49 PM on 04/03/2025,1907898182312636805,1907898182312636805,100,1908001885556236602,1907173680364564484,
The Fremont Bridge has reopened to traffic at  01:51 PM on 04/03/2025,1907898686388265308,1907898686388265308,100,1908001885556236602,1907173680364564484,
The University Bridge has closed to traffic at  02:01 PM on 04/03/2025,1907901205680181398,1907901205680181398,100,1908001885556236602,1907173680364564484,
The University Bridge has reopened to traffic at  02:06 PM on 04/03/2025,1907902465732976793,1907902465732976793,100,1908001885556236602,1907173680364564484,
The Lower Spokane St Bridge has reopened to traffic at  02:28 PM on 04/03/2025,1907908006655963467,1907908006655963467,100,1908001885556236602,1907173680364564484,
The Montlake Bridge has closed to traffic at  03:01 PM on 04/03/2025,1907916319112179821,1907916319112179821,100,1908001885556236602,1907173680364564484,
The Montlake Bridge has reopened to traffic at  03:06 PM on 04/03/2025,1907917579643138444,1907917579643138444,100,1908001885556236602,1907173680364564484,
The University Bridge has closed to traffic at  03:09 PM on 04/03/2025,1907918335515439414,1907918335515439414,100,1908001885556236602,1907173680364564484,
The University Bridge has reopened to traffic at  03:14 PM on 04/03/2025,1907919594943332428,1907919594943332428,100,1908001885556236602,1907173680364564484,
The Ballard Bridge has closed to traffic at  03:24 PM on 04/03/2025,1907922114461724792,1907922114461724792,100,1908001885556236602,1907173680364564484,
The Fremont Bridge has closed to traffic at  03:28 PM on 04/03/2025,1907923122252296303,1907923122252296303,100,1908001885556236602,1907173680364564484,
The Ballard Bridge has reopened to traffic at  03:29 PM on 04/03/2025,1907923374787145776,1907923374787145776,100,1908001885556236602,1907173680364564484,
The Fremont Bridge has reopened to traffic at  03:33 PM on 04/03/2025,1907924382573539467,1907924382573539467,100,1908001885556236602,1907173680364564484,
The Fremont Bridge has closed to traffic at  03:38 PM on 04/03/2025,1907925642131460569,1907925642131460569,100,1908001885556236602,1907173680364564484,
The Fremont Bridge has reopened to traffic at  03:44 PM on 04/03/2025,1907927153523699928,1907927153523699928,100,1908001885556236602,1907173680364564484,
The University Bridge has closed to traffic at  03:55 PM on 04/03/2025,1907929862205223381,1907929862205223381,100,1908001885556236602,1907173680364564484,
The Ballard Bridge has reopened to traffic at  04:01 PM on 04/03/2025,1907931373958213774,1907931373958213774,100,1908001885556236602,1907173680364564484,
The University Bridge has reopened to traffic at  04:01 PM on 04/03/2025,1907931374566388044,1907931374566388044,100,1908001885556236602,1907173680364564484,
The University Bridge has closed to traffic at  08:00 PM on 04/03/2025,1907991556323422368,1907991556323422368,100,1908001885556236602,1907173680364564484,
The University Bridge has reopened to traffic at  08:07 PM on 04/03/2025,1907993320372183296,1907993320372183296,100,1908001885556236602,1907173680364564484,
The Fremont Bridge has closed to traffic at  08:18 PM on 04/03/2025,1907996091808887087,1907996091808887087,100,1908001885556236602,1907173680364564484,
The Fremont Bridge has reopened to traffic at  08:24 PM on 04/03/2025,1907997602924433579,1907997602924433579,100,1908001885556236602,1907173680364564484,
The Ballard Bridge has closed to traffic at  08:35 PM on 04/03/2025,1908000374277156924,1908000374277156924,100,1908001885556236602,1907173680364564484,
The Ballard Bridge has reopened to traffic at  08:41 PM on 04/03/2025,1908001885556236602,1908001885556236602,100,1908001885556236602,1907173680364564484,
The Lower Spokane St Bridge has reopened to traffic at  04:41 AM on 04/04/2025,1908122688473936237,1908122688473936237,100,1908274634950385859,1907755501003395407,
The Fremont Bridge has closed to traffic at  09:44 AM on 04/04/2025,1908198923505901840,1908198923505901840,100,1908274634950385859,1907755501003395407,
The Fremont Bridge has reopened to traffic at  09:50 AM on 04/04/2025,1908200435112161323,1908200435112161323,100,1908274634950385859,1907755501003395407,
The Ballard Bridge has closed to traffic at  09:51 AM on 04/04/2025,1908200687399559455,1908200687399559455,100,1908274634950385859,1907755501003395407,
The University Bridge has closed to traffic at  10:00 AM on 04/04/2025,1908202954999685447,1908202954999685447,100,1908274634950385859,1907755501003395407,
The Ballard Bridge has reopened to traffic at  10:02 AM on 04/04/2025,1908203459054297354,1908203459054297354,100,1908274634950385859,1907755501003395407,
The University Bridge has reopened to traffic at  10:03 AM on 04/04/2025,1908203711580770714,1908203711580770714,100,1908274634950385859,1907755501003395407,
The University Bridge has closed to traffic at  10:10 AM on 04/04/2025,1908205476111946165,1908205476111946165,100,1908274634950385859,1907755501003395407,
The 1st Ave S Bridge has closed to traffic at  10:13 AM on 04/04/2025,1908206232038760551,1908206232038760551,100,1908274634950385859,1907755501003395407,
The University Bridge has reopened to traffic at  10:14 AM on 04/04/2025,1908206484284203224,1908206484284203224,100,1908274634950385859,1907755501003395407,
The 1st Ave S Bridge has reopened to traffic at  10:17 AM on 04/04/2025,1908207240362025402,1908207240362025402,100,1908274634950385859,1907755501003395407,
The Fremont Bridge has closed to traffic at  10:20 AM on 04/04/2025,1908207996284583975,1908207996284583975,100,1908274634950385859,1907755501003395407,
The Fremont Bridge has reopened to traffic at  10:26 AM on 04/04/2025,1908209507437863233,1908209507437863233,100,1908274634950385859,1907755501003395407,
The Fremont Bridge has closed to traffic at  10:38 AM on 04/04/2025,1908212530411168259,1908212530411168259,100,1908274634950385859,1907755501003395407,
The Fremont Bridge has reopened to traffic at  10:41 AM on 04/04/2025,1908213286174417238,1908213286174417238,100,1908274634950385859,1907755501003395407,
The Ballard Bridge has closed to traffic at  10:52 AM on 04/04/2025,1908215995308896739,1908215995308896739,100,1908274634950385859,1907755501003395407,
The Ballard Bridge has reopened to traffic at  10:55 AM on 04/04/2025,1908216751239942338,1908216751239942338,100,1908274634950385859,1907755501003395407,
The University Bridge has closed to traffic at  11:28 AM on 04/04/2025,1908225063716835357,1908225063716835357,100,1908274634950385859,1907755501003395407,
The University Bridge has reopened to traffic at  11:34 AM on 04/04/2025,1908226575080054870,1908226575080054870,100,1908274634950385859,1907755501003395407,
The Ballard Bridge has closed to traffic at  11:36 AM on 04/04/2025,1908227079126344115,1908227079126344115,100,1908274634950385859,1907755501003395407,
The Ballard Bridge has reopened to traffic at  11:42 AM on 04/04/2025,1908228590510236070,1908228590510236070,100,1908274634950385859,1907755501003395407,
The Fremont Bridge has closed to traffic at  11:55 AM on 04/04/2025,1908231865762537768,1908231865762537768,100,1908274634950385859,1907755501003395407,
The Fremont Bridge has reopened to traffic at  12:01 PM on 04/04/2025,1908233377087680757,1908233377087680757,100,1908274634950385859,1907755501003395407,
The University Bridge has closed to traffic at  12:14 PM on 04/04/2025,1908236651807334758,1908236651807334758,100,1908274634950385859,1907755501003395407,
The University Bridge has reopened to traffic at  12:19 PM on 04/04/2025,1908237911407157704,1908237911407157704,100,1908274634950385859,1907755501003395407,
The University Bridge has closed to traffic at  12:30 PM on 04/04/2025,1908240682822815814,1908240682822815814,100,1908274634950385859,1907755501003395407,
The University Bridge has reopened to traffic at  12:35 PM on 04/04/2025,1908241942363988040,1908241942363988040,100,1908274634950385859,1907755501003395407,
The University Bridge has closed to traffic at  12:43 PM on 04/04/2025,1908243959094378883,1908243959094378883,100,1908274634950385859,1907755501003395407,
The University Bridge has reopened to traffic at  12:47 PM on 04/04/2025,1908244967031767098,1908244967031767098,100,1908274634950385859,1907755501003395407,
The Ballard Bridge has closed to traffic at  12:48 PM on 04/04/2025,1908245219184988442,1908245219184988442,100,1908274634950385859,1907755501003395407,
The Ballard Bridge has reopened to traffic at  12:52 PM on 04/04/2025,1908246226870706386,1908246226870706386,100,1908274634950385859,1907755501003395407,
The Montlake Bridge has closed to traffic at  01:01 PM on 04/04/2025,1908248494512689391,1908248494512689391,100,1908274634950385859,1907755501003395407,
The Fremont Bridge has closed to traffic at  01:06 PM on 04/04/2025,1908249754477470182,1908249754477470182,100,1908274634950385859,1907755501003395407,
The Montlake Bridge has reopened to traffic at  01:07 PM on 04/04/2025,1908250006706151609,1908250006706151609,100,1908274634950385859,1907755501003395407,
The Fremont Bridge has reopened to traffic at  01:11 PM on 04/04/2025,1908251014270243103,1908251014270243103,100,1908274634950385859,1907755501003395407,
The University Bridge has closed to traffic at  01:15 PM on 04/04/2025,1908252021830135852,1908252021830135852,100,1908274634950385859,1907755501003395407,
The University Bridge has reopened to traffic at  01:19 PM on 04/04/2025,1908253029385842930,1908253029385842930,100,1908274634950385859,1907755501003395407,
The Ballard Bridge has closed to traffic at  01:38 PM on 04/04/2025,1908257815174799845,1908257815174799845,100,1908274634950385859,1907755501003395407,
The Ballard Bridge has reopened to traffic at  01:42 PM on 04/04/2025,1908258823640674673,1908258823640674673,100,1908274634950385859,1907755501003395407,
The Fremont Bridge has closed to traffic at  01:53 PM on 04/04/2025,1908261595886882967,1908261595886882967,100,1908274634950385859,1907755501003395407,
The Fremont Bridge has reopened to traffic at  01:58 PM on 04/04/2025,1908262855323091436,1908262855323091436,100,1908274634950385859,1907755501003395407,
The Ballard Bridge has closed to traffic at  02:07 PM on 04/04/2025,1908265122923262313,1908265122923262313,100,1908274634950385859,1907755501003395407,
The Ballard Bridge has reopened to traffic at  02:11 PM on 04/04/2025,1908266130604786072,1908266130604786072,100,1908274634950385859,1907755501003395407,
The Fremont Bridge has closed to traffic at  02:21 PM on 04/04/2025,1908268650458734950,1908268650458734950,100,1908274634950385859,1907755501003395407,
The Fremont Bridge has reopened to traffic at  02:25 PM on 04/04/2025,1908269658308043140,1908269658308043140,100,1908274634950385859,1907755501003395407,
The Ballard Bridge has closed to traffic at  02:41 PM on 04/04/2025,1908273689759727973,1908273689759727973,100,1908274634950385859,1907755501003395407,
The Ballard Bridge has reopened to traffic at  02:45 PM on 04/04/2025,1908274634950385859,1908274634950385859,100,1908274634950385859,1907755501003395407,
The Fremont Bridge has closed to traffic at  03:19 PM on 04/04/2025,1908283197982757310,1908283197982757310,100,1908668765262528934,1908283197982757310,
The Fremont Bridge has reopened to traffic at  03:27 PM on 04/04/2025,1908285213882658928,1908285213882658928,100,1908668765262528934,1908283197982757310,
The Ballard Bridge has closed to traffic at  03:30 PM on 04/04/2025,1908285969746583957,1908285969746583957,100,1908668765262528934,1908283197982757310,
The Ballard Bridge has reopened to traffic at  03:35 PM on 04/04/2025,1908287229266714672,1908287229266714672,100,1908668765262528934,1908283197982757310,
The Ballard Bridge has closed to traffic at  06:00 PM on 04/04/2025,1908323741295395308,1908323741295395308,100,1908668765262528934,1908283197982757310,
The Ballard Bridge has reopened to traffic at  06:06 PM on 04/04/2025,1908325252507328560,1908325252507328560,100,1908668765262528934,1908283197982757310,
The Fremont Bridge has closed to traffic at  06:17 PM on 04/04/2025,1908328023683981335,1908328023683981335,100,1908668765262528934,1908283197982757310,
The Ballard Bridge has closed to traffic at  06:18 PM on 04/04/2025,1908328275992248597,1908328275992248597,100,1908668765262528934,1908283197982757310,
The Ballard Bridge has reopened to traffic at  06:22 PM on 04/04/2025,1908329283564822705,1908329283564822705,100,1908668765262528934,1908283197982757310,
The Fremont Bridge has reopened to traffic at  06:23 PM on 04/04/2025,1908329535915057444,1908329535915057444,100,1908668765262528934,1908283197982757310,
The Fremont Bridge has closed to traffic at  06:30 PM on 04/04/2025,1908331300072853832,1908331300072853832,100,1908668765262528934,1908283197982757310,
The Fremont Bridge has reopened to traffic at  06:35 PM on 04/04/2025,1908332559320445209,1908332559320445209,100,1908668765262528934,1908283197982757310,
The University Bridge has closed to traffic at  06:35 PM on 04/04/2025,1908332560834257111,1908332560834257111,100,1908668765262528934,1908283197982757310,
The University Bridge has reopened to traffic at  06:42 PM on 04/04/2025,1908334328222015839,1908334328222015839,100,1908668765262528934,1908283197982757310,
The Ballard Bridge has closed to traffic at  07:47 PM on 04/04/2025,1908350633285214398,1908350633285214398,100,1908668765262528934,1908283197982757310,
The Ballard Bridge has reopened to traffic at  07:54 PM on 04/04/2025,1908352397690425369,1908352397690425369,100,1908668765262528934,1908283197982757310,
The University Bridge has closed to traffic at  10:21 PM on 04/04/2025,1908389415543857232,1908389415543857232,100,1908668765262528934,1908283197982757310,
The University Bridge has reopened to traffic at  10:28 PM on 04/04/2025,1908391179626127679,1908391179626127679,100,1908668765262528934,1908283197982757310,
The Fremont Bridge has closed to traffic at  10:39 PM on 04/04/2025,1908393950857355638,1908393950857355638,100,1908668765262528934,1908283197982757310,
The Fremont Bridge has reopened to traffic at  10:44 PM on 04/04/2025,1908395210419380626,1908395210419380626,100,1908668765262528934,1908283197982757310,
The Ballard Bridge has closed to traffic at  10:50 PM on 04/04/2025,1908396721463582945,1908396721463582945,100,1908668765262528934,1908283197982757310,
The Ballard Bridge has reopened to traffic at  10:56 PM on 04/04/2025,1908398232667119706,1908398232667119706,100,1908668765262528934,1908283197982757310,
The Montlake Bridge has closed to traffic at  07:47 AM on 04/05/2025,1908531845647786415,1908531845647786415,100,1908668765262528934,1908283197982757310,
The Montlake Bridge has reopened to traffic at  07:52 AM on 04/05/2025,1908533105117503713,1908533105117503713,100,1908668765262528934,1908283197982757310,
The Fremont Bridge has closed to traffic at  07:56 AM on 04/05/2025,1908534114653024363,1908534114653024363,100,1908668765262528934,1908283197982757310,
The University Bridge has closed to traffic at  07:58 AM on 04/05/2025,1908534618716070346,1908534618716070346,100,1908668765262528934,1908283197982757310,
The Fremont Bridge has reopened to traffic at  08:00 AM on 04/05/2025,1908535122821103647,1908535122821103647,100,1908668765262528934,1908283197982757310,
The University Bridge has reopened to traffic at  08:02 AM on 04/05/2025,1908535626858922370,1908535626858922370,100,1908668765262528934,1908283197982757310,
The Montlake Bridge has reopened to traffic at  08:39 AM on 04/05/2025,1908544944287211743,1908544944287211743,100,1908668765262528934,1908283197982757310,
The Fremont Bridge has closed to traffic at  09:32 AM on 04/05/2025,1908558294303883415,1908558294303883415,100,1908668765262528934,1908283197982757310,
The Fremont Bridge has reopened to traffic at  09:37 AM on 04/05/2025,1908559553685586386,1908559553685586386,100,1908668765262528934,1908283197982757310,
The Ballard Bridge has closed to traffic at  09:48 AM on 04/05/2025,1908562325071917058,1908562325071917058,100,1908668765262528934,1908283197982757310,
The Ballard Bridge has reopened to traffic at  09:53 AM on 04/05/2025,1908563584734683222,1908563584734683222,100,1908668765262528934,1908283197982757310,
The Fremont Bridge has closed to traffic at  11:18 AM on 04/05/2025,1908584989115253025,1908584989115253025,100,1908668765262528934,1908283197982757310,
The Fremont Bridge has reopened to traffic at  11:22 AM on 04/05/2025,1908585933995430227,1908585933995430227,100,1908668765262528934,1908283197982757310,
The Ballard Bridge has closed to traffic at  11:29 AM on 04/05/2025,1908587698220392836,1908587698220392836,100,1908668765262528934,1908283197982757310,
The Ballard Bridge has reopened to traffic at  11:35 AM on 04/05/2025,1908589209897886079,1908589209897886079,100,1908668765262528934,1908283197982757310,
The Fremont Bridge has closed to traffic at  11:41 AM on 04/05/2025,1908590721051091331,1908590721051091331,100,1908668765262528934,1908283197982757310,
The Fremont Bridge has reopened to traffic at  11:45 AM on 04/05/2025,1908591728501862768,1908591728501862768,100,1908668765262528934,1908283197982757310,
The Ballard Bridge has closed to traffic at  11:52 AM on 04/05/2025,1908593493280477287,1908593493280477287,100,1908668765262528934,1908283197982757310,
The University Bridge has closed to traffic at  11:55 AM on 04/05/2025,1908594249169526813,1908594249169526813,100,1908668765262528934,1908283197982757310,
The Ballard Bridge has reopened to traffic at  11:56 AM on 04/05/2025,1908594501285011737,1908594501285011737,100,1908668765262528934,1908283197982757310,
The Fremont Bridge has closed to traffic at  11:57 AM on 04/05/2025,1908594753454956578,1908594753454956578,100,1908668765262528934,1908283197982757310,
The University Bridge has reopened to traffic at  11:59 AM on 04/05/2025,1908595257534775785,1908595257534775785,100,1908668765262528934,1908283197982757310,
The Fremont Bridge has reopened to traffic at  12:02 PM on 04/05/2025,1908596013369352240,1908596013369352240,100,1908668765262528934,1908283197982757310,
The Ballard Bridge has closed to traffic at  12:12 PM on 04/05/2025,1908598533290418596,1908598533290418596,100,1908668765262528934,1908283197982757310,
The Fremont Bridge has closed to traffic at  12:16 PM on 04/05/2025,1908599541043183748,1908599541043183748,100,1908668765262528934,1908283197982757310,
The Ballard Bridge has reopened to traffic at  12:18 PM on 04/05/2025,1908600045538336954,1908600045538336954,100,1908668765262528934,1908283197982757310,
The Fremont Bridge has reopened to traffic at  12:21 PM on 04/05/2025,1908600801280622845,1908600801280622845,100,1908668765262528934,1908283197982757310,
The University Bridge has closed to traffic at  12:32 PM on 04/05/2025,1908603573132562800,1908603573132562800,100,1908668765262528934,1908283197982757310,
The Ballard Bridge has closed to traffic at  12:35 PM on 04/05/2025,1908604328849670640,1908604328849670640,100,1908668765262528934,1908283197982757310,
The University Bridge has reopened to traffic at  12:36 PM on 04/05/2025,1908604581124460819,1908604581124460819,100,1908668765262528934,1908283197982757310,
The Fremont Bridge has closed to traffic at  12:38 PM on 04/05/2025,1908605085086867940,1908605085086867940,100,1908668765262528934,1908283197982757310,
The Ballard Bridge has reopened to traffic at  12:39 PM on 04/05/2025,1908605337302950366,1908605337302950366,100,1908668765262528934,1908283197982757310,
The Montlake Bridge has closed to traffic at  12:41 PM on 04/05/2025,1908605841340850587,1908605841340850587,100,1908668765262528934,1908283197982757310,
The Fremont Bridge has reopened to traffic at  12:42 PM on 04/05/2025,1908606093519184304,1908606093519184304,100,1908668765262528934,1908283197982757310,
The University Bridge has closed to traffic at  12:45 PM on 04/05/2025,1908606849345262070,1908606849345262070,100,1908668765262528934,1908283197982757310,
The Montlake Bridge has reopened to traffic at  12:46 PM on 04/05/2025,1908607101511049589,1908607101511049589,100,1908668765262528934,1908283197982757310,
The Fremont Bridge has closed to traffic at  12:50 PM on 04/05/2025,1908608109083582621,1908608109083582621,100,1908668765262528934,1908283197982757310,
The University Bridge has reopened to traffic at  12:51 PM on 04/05/2025,1908608361274409048,1908608361274409048,100,1908668765262528934,1908283197982757310,
The Fremont Bridge has reopened to traffic at  12:53 PM on 04/05/2025,1908608865232708084,1908608865232708084,100,1908668765262528934,1908283197982757310,
The Fremont Bridge has closed to traffic at  12:57 PM on 04/05/2025,1908609872943550860,1908609872943550860,100,1908668765262528934,1908283197982757310,
The Fremont Bridge has reopened to traffic at  01:00 PM on 04/05/2025,1908610628656521666,1908610628656521666,100,1908668765262528934,1908283197982757310,
The University Bridge has closed to traffic at  01:07 PM on 04/05/2025,1908612393128820991,1908612393128820991,100,1908668765262528934,1908283197982757310,
The University Bridge has reopened to traffic at  01:12 PM on 04/05/2025,1908613652506362294,1908613652506362294,100,1908668765262528934,1908283197982757310,
The University Bridge has closed to traffic at  01:21 PM on 04/05/2025,1908615920341405998,1908615920341405998,100,1908668765262528934,1908283197982757310,
The University Bridge has reopened to traffic at  01:26 PM on 04/05/2025,1908617179660243343,1908617179660243343,100,1908668765262528934,1908283197982757310,
The Fremont Bridge has closed to traffic at  01:28 PM on 04/05/2025,1908617683672920336,1908617683672920336,100,1908668765262528934,1908283197982757310,
The Montlake Bridge has closed to traffic at  01:28 PM on 04/05/2025,1908617684104994845,1908617684104994845,100,1908668765262528934,1908283197982757310,
The Fremont Bridge has reopened to traffic at  01:31 PM on 04/05/2025,1908618439901798908,1908618439901798908,100,1908668765262528934,1908283197982757310,
The Montlake Bridge has reopened to traffic at  01:34 PM on 04/05/2025,1908619195744731625,1908619195744731625,100,1908668765262528934,1908283197982757310,
The Ballard Bridge has closed to traffic at  01:43 PM on 04/05/2025,1908621464619933925,1908621464619933925,100,1908668765262528934,1908283197982757310,
The Fremont Bridge has closed to traffic at  01:44 PM on 04/05/2025,1908621716877959645,1908621716877959645,100,1908668765262528934,1908283197982757310,
The Ballard Bridge has reopened to traffic at  01:48 PM on 04/05/2025,1908622726023323988,1908622726023323988,100,1908668765262528934,1908283197982757310,
The Fremont Bridge has reopened to traffic at  01:48 PM on 04/05/2025,1908622726480441652,1908622726480441652,100,1908668765262528934,1908283197982757310,
The Montlake Bridge has reopened to traffic at  02:02 PM on 04/05/2025,1908626253818765741,1908626253818765741,100,1908668765262528934,1908283197982757310,
The University Bridge has closed to traffic at  02:52 PM on 04/05/2025,1908638783966474716,1908638783966474716,100,1908668765262528934,1908283197982757310,
The University Bridge has reopened to traffic at  02:56 PM on 04/05/2025,1908639792193298696,1908639792193298696,100,1908668765262528934,1908283197982757310,
The Ballard Bridge has closed to traffic at  03:02 PM on 04/05/2025,1908641303661080878,1908641303661080878,100,1908668765262528934,1908283197982757310,
The Montlake Bridge has closed to traffic at  03:03 PM on 04/05/2025,1908641555898130547,1908641555898130547,100,1908668765262528934,1908283197982757310,
The Ballard Bridge has reopened to traffic at  03:06 PM on 04/05/2025,1908642311652991191,1908642311652991191,100,1908668765262528934,1908283197982757310,
The Montlake Bridge has reopened to traffic at  03:08 PM on 04/05/2025,1908642815753740329,1908642815753740329,100,1908668765262528934,1908283197982757310,
The University Bridge has closed to traffic at  03:12 PM on 04/05/2025,1908643823363956965,1908643823363956965,100,1908668765262528934,1908283197982757310,
The University Bridge has reopened to traffic at  03:16 PM on 04/05/2025,1908644831070765357,1908644831070765357,100,1908668765262528934,1908283197982757310,
The Montlake Bridge has closed to traffic at  03:22 PM on 04/05/2025,1908646342521692200,1908646342521692200,100,1908668765262528934,1908283197982757310,
The Ballard Bridge has closed to traffic at  03:26 PM on 04/05/2025,1908647350337495444,1908647350337495444,100,1908668765262528934,1908283197982757310,
The Fremont Bridge has closed to traffic at  03:26 PM on 04/05/2025,1908647350786285793,1908647350786285793,100,1908668765262528934,1908283197982757310,
The Fremont Bridge has reopened to traffic at  03:29 PM on 04/05/2025,1908648106654396446,1908648106654396446,100,1908668765262528934,1908283197982757310,
The Montlake Bridge has reopened to traffic at  03:29 PM on 04/05/2025,1908648107107377662,1908648107107377662,100,1908668765262528934,1908283197982757310,
The Ballard Bridge has reopened to traffic at  03:30 PM on 04/05/2025,1908648359285711078,1908648359285711078,100,1908668765262528934,1908283197982757310,
The University Bridge has closed to traffic at  03:37 PM on 04/05/2025,1908650124416536939,1908650124416536939,100,1908668765262528934,1908283197982757310,
The University Bridge has reopened to traffic at  03:41 PM on 04/05/2025,1908651131980702165,1908651131980702165,100,1908668765262528934,1908283197982757310,
The Ballard Bridge has closed to traffic at  03:45 PM on 04/05/2025,1908652139536335145,1908652139536335145,100,1908668765262528934,1908283197982757310,
The Ballard Bridge has reopened to traffic at  03:49 PM on 04/05/2025,1908653147117281613,1908653147117281613,100,1908668765262528934,1908283197982757310,
The Fremont Bridge has closed to traffic at  04:01 PM on 04/05/2025,1908656170254164361,1908656170254164361,100,1908668765262528934,1908283197982757310,
The Fremont Bridge has reopened to traffic at  04:06 PM on 04/05/2025,1908657429581357416,1908657429581357416,100,1908668765262528934,1908283197982757310,
The Ballard Bridge has closed to traffic at  04:22 PM on 04/05/2025,1908661459942597071,1908661459942597071,100,1908668765262528934,1908283197982757310,
The Ballard Bridge has reopened to traffic at  04:26 PM on 04/05/2025,1908662467657703863,1908662467657703863,100,1908668765262528934,1908283197982757310,
The Fremont Bridge has closed to traffic at  04:48 PM on 04/05/2025,1908668008870142010,1908668008870142010,100,1908668765262528934,1908283197982757310,
The Fremont Bridge has reopened to traffic at  04:51 PM on 04/05/2025,1908668765262528934,1908668765262528934,100,1908668765262528934,1908283197982757310,
The Montlake Bridge has closed to traffic at  05:22 PM on 04/05/2025,1908676573529858448,1908676573529858448,100,1909040960757207262,1908676573529858448,
The University Bridge has closed to traffic at  05:27 PM on 04/05/2025,1908677832857080063,1908677832857080063,100,1909040960757207262,1908676573529858448,
The Fremont Bridge has closed to traffic at  05:28 PM on 04/05/2025,1908678085127659728,1908678085127659728,100,1909040960757207262,1908676573529858448,
The Montlake Bridge has reopened to traffic at  05:28 PM on 04/05/2025,1908678085542895740,1908678085542895740,100,1909040960757207262,1908676573529858448,
The Fremont Bridge has reopened to traffic at  05:32 PM on 04/05/2025,1908679093203407241,1908679093203407241,100,1909040960757207262,1908676573529858448,
The University Bridge has reopened to traffic at  05:32 PM on 04/05/2025,1908679093627085063,1908679093627085063,100,1909040960757207262,1908676573529858448,
The Montlake Bridge has closed to traffic at  05:34 PM on 04/05/2025,1908679597589455317,1908679597589455317,100,1909040960757207262,1908676573529858448,
The University Bridge has closed to traffic at  05:36 PM on 04/05/2025,1908680101551890459,1908680101551890459,100,1909040960757207262,1908676573529858448,
The Montlake Bridge has reopened to traffic at  05:40 PM on 04/05/2025,1908681109153734758,1908681109153734758,100,1909040960757207262,1908676573529858448,
The University Bridge has reopened to traffic at  05:40 PM on 04/05/2025,1908681109640290797,1908681109640290797,100,1909040960757207262,1908676573529858448,
The Ballard Bridge has closed to traffic at  05:45 PM on 04/05/2025,1908682369101709561,1908682369101709561,100,1909040960757207262,1908676573529858448,
The Ballard Bridge has reopened to traffic at  05:48 PM on 04/05/2025,1908683124932043267,1908683124932043267,100,1909040960757207262,1908676573529858448,
The Ballard Bridge has closed to traffic at  06:08 PM on 04/05/2025,1908688162677023162,1908688162677023162,100,1909040960757207262,1908676573529858448,
The Ballard Bridge has reopened to traffic at  06:12 PM on 04/05/2025,1908689170362777600,1908689170362777600,100,1909040960757207262,1908676573529858448,
The Fremont Bridge has closed to traffic at  06:23 PM on 04/05/2025,1908691941379957170,1908691941379957170,100,1909040960757207262,1908676573529858448,
The University Bridge has closed to traffic at  06:24 PM on 04/05/2025,1908692193633853702,1908692193633853702,100,1909040960757207262,1908676573529858448,
The Fremont Bridge has reopened to traffic at  06:27 PM on 04/05/2025,1908692949501956433,1908692949501956433,100,1909040960757207262,1908676573529858448,
The University Bridge has reopened to traffic at  06:28 PM on 04/05/2025,1908693201709584832,1908693201709584832,100,1909040960757207262,1908676573529858448,
The Montlake Bridge has closed to traffic at  06:33 PM on 04/05/2025,1908694398453637336,1908694398453637336,100,1909040960757207262,1908676573529858448,
The Fremont Bridge has closed to traffic at  06:35 PM on 04/05/2025,1908694902495732074,1908694902495732074,100,1909040960757207262,1908676573529858448,
The Ballard Bridge has closed to traffic at  06:38 PM on 04/05/2025,1908695658418290873,1908695658418290873,100,1909040960757207262,1908676573529858448,
The Fremont Bridge has reopened to traffic at  06:38 PM on 04/05/2025,1908695658867155378,1908695658867155378,100,1909040960757207262,1908676573529858448,
The Montlake Bridge has reopened to traffic at  06:40 PM on 04/05/2025,1908696163051885011,1908696163051885011,100,1909040960757207262,1908676573529858448,
The Ballard Bridge has reopened to traffic at  06:42 PM on 04/05/2025,1908696667194614190,1908696667194614190,100,1909040960757207262,1908676573529858448,
The Montlake Bridge has closed to traffic at  06:46 PM on 04/05/2025,1908697675761086918,1908697675761086918,100,1909040960757207262,1908676573529858448,
The Montlake Bridge has reopened to traffic at  06:50 PM on 04/05/2025,1908698683325243462,1908698683325243462,100,1909040960757207262,1908676573529858448,
The Fremont Bridge has closed to traffic at  06:51 PM on 04/05/2025,1908698935511891992,1908698935511891992,100,1909040960757207262,1908676573529858448,
The Fremont Bridge has reopened to traffic at  06:55 PM on 04/05/2025,1908699943256395796,1908699943256395796,100,1909040960757207262,1908676573529858448,
The University Bridge has closed to traffic at  06:57 PM on 04/05/2025,1908700447256567939,1908700447256567939,100,1909040960757207262,1908676573529858448,
The University Bridge has reopened to traffic at  07:01 PM on 04/05/2025,1908701454992597060,1908701454992597060,100,1909040960757207262,1908676573529858448,
The Ballard Bridge has closed to traffic at  07:11 PM on 04/05/2025,1908703975232463044,1908703975232463044,100,1909040960757207262,1908676573529858448,
The Montlake Bridge has closed to traffic at  07:13 PM on 04/05/2025,1908704479324860759,1908704479324860759,100,1909040960757207262,1908676573529858448,
The Ballard Bridge has reopened to traffic at  07:14 PM on 04/05/2025,1908704731511607712,1908704731511607712,100,1909040960757207262,1908676573529858448,
The Montlake Bridge has reopened to traffic at  07:19 PM on 04/05/2025,1908705990817800420,1908705990817800420,100,1909040960757207262,1908676573529858448,
The University Bridge has closed to traffic at  07:22 PM on 04/05/2025,1908706746581082523,1908706746581082523,100,1909040960757207262,1908676573529858448,
The Ballard Bridge has closed to traffic at  07:23 PM on 04/05/2025,1908706998885244944,1908706998885244944,100,1909040960757207262,1908676573529858448,
The University Bridge has reopened to traffic at  07:26 PM on 04/05/2025,1908707754900074778,1908707754900074778,100,1909040960757207262,1908676573529858448,
The Ballard Bridge has reopened to traffic at  07:27 PM on 04/05/2025,1908708007229477323,1908708007229477323,100,1909040960757207262,1908676573529858448,
The Montlake Bridge has closed to traffic at  07:30 PM on 04/05/2025,1908708763038843075,1908708763038843075,100,1909040960757207262,1908676573529858448,
The Montlake Bridge has reopened to traffic at  07:36 PM on 04/05/2025,1908710274716361045,1908710274716361045,100,1909040960757207262,1908676573529858448,
The University Bridge has closed to traffic at  07:38 PM on 04/05/2025,1908710778712317987,1908710778712317987,100,1909040960757207262,1908676573529858448,
The Fremont Bridge has closed to traffic at  07:40 PM on 04/05/2025,1908711282678915156,1908711282678915156,100,1909040960757207262,1908676573529858448,
The Fremont Bridge has reopened to traffic at  07:44 PM on 04/05/2025,1908712290163266013,1908712290163266013,100,1909040960757207262,1908676573529858448,
The University Bridge has reopened to traffic at  07:44 PM on 04/05/2025,1908712290544943532,1908712290544943532,100,1909040960757207262,1908676573529858448,
The Ballard Bridge has closed to traffic at  09:58 PM on 04/05/2025,1908746033808761010,1908746033808761010,100,1909040960757207262,1908676573529858448,
The Ballard Bridge has reopened to traffic at  10:04 PM on 04/05/2025,1908747544928411859,1908747544928411859,100,1909040960757207262,1908676573529858448,
The 1st Ave S Bridge has closed to traffic at  05:26 AM on 04/06/2025,1908858783268557284,1908858783268557284,100,1909040960757207262,1908676573529858448,
The 1st Ave S Bridge has reopened to traffic at  05:35 AM on 04/06/2025,1908861051158057159,1908861051158057159,100,1909040960757207262,1908676573529858448,
The Fremont Bridge has closed to traffic at  09:10 AM on 04/06/2025,1908915129984651596,1908915129984651596,100,1909040960757207262,1908676573529858448,
The Fremont Bridge has reopened to traffic at  09:15 AM on 04/06/2025,1908916389563494490,1908916389563494490,100,1909040960757207262,1908676573529858448,
The Ballard Bridge has closed to traffic at  09:35 AM on 04/06/2025,1908921427644100690,1908921427644100690,100,1909040960757207262,1908676573529858448,
The Ballard Bridge has reopened to traffic at  09:39 AM on 04/06/2025,1908922435262705735,1908922435262705735,100,1909040960757207262,1908676573529858448,
The Fremont Bridge has closed to traffic at  10:03 AM on 04/06/2025,1908928480525652107,1908928480525652107,100,1909040960757207262,1908676573529858448,
The Fremont Bridge has reopened to traffic at  10:07 AM on 04/06/2025,1908929488106479819,1908929488106479819,100,1909040960757207262,1908676573529858448,
The University Bridge has closed to traffic at  11:09 AM on 04/06/2025,1908945104288788522,1908945104288788522,100,1909040960757207262,1908676573529858448,
The University Bridge has reopened to traffic at  11:14 AM on 04/06/2025,1908946364169609484,1908946364169609484,100,1909040960757207262,1908676573529858448,
The Fremont Bridge has closed to traffic at  11:29 AM on 04/06/2025,1908950142893662218,1908950142893662218,100,1909040960757207262,1908676573529858448,
The Fremont Bridge has reopened to traffic at  11:33 AM on 04/06/2025,1908951150784827763,1908951150784827763,100,1909040960757207262,1908676573529858448,
The Ballard Bridge has closed to traffic at  11:43 AM on 04/06/2025,1908953607749431666,1908953607749431666,100,1909040960757207262,1908676573529858448,
The Ballard Bridge has reopened to traffic at  11:47 AM on 04/06/2025,1908954615313506392,1908954615313506392,100,1909040960757207262,1908676573529858448,
The Fremont Bridge has closed to traffic at  12:26 PM on 04/06/2025,1908964438004375999,1908964438004375999,100,1909040960757207262,1908676573529858448,
The Fremont Bridge has reopened to traffic at  12:31 PM on 04/06/2025,1908965697486746057,1908965697486746057,100,1909040960757207262,1908676573529858448,
The University Bridge has closed to traffic at  12:47 PM on 04/06/2025,1908969728275796411,1908969728275796411,100,1909040960757207262,1908676573529858448,
The University Bridge has reopened to traffic at  12:52 PM on 04/06/2025,1908970987624018424,1908970987624018424,100,1909040960757207262,1908676573529858448,
The Ballard Bridge has closed to traffic at  01:03 PM on 04/06/2025,1908973758972629207,1908973758972629207,100,1909040960757207262,1908676573529858448,
The Ballard Bridge has reopened to traffic at  01:08 PM on 04/06/2025,1908975018354319407,1908975018354319407,100,1909040960757207262,1908676573529858448,
The Fremont Bridge has closed to traffic at  01:09 PM on 04/06/2025,1908975270658494525,1908975270658494525,100,1909040960757207262,1908676573529858448,
The Fremont Bridge has reopened to traffic at  01:14 PM on 04/06/2025,1908976529931178153,1908976529931178153,100,1909040960757207262,1908676573529858448,
The University Bridge has closed to traffic at  01:17 PM on 04/06/2025,1908977286025724043,1908977286025724043,100,1909040960757207262,1908676573529858448,
The University Bridge has reopened to traffic at  01:23 PM on 04/06/2025,1908978797178912857,1908978797178912857,100,1909040960757207262,1908676573529858448,
The Ballard Bridge has closed to traffic at  01:27 PM on 04/06/2025,1908979805858808116,1908979805858808116,100,1909040960757207262,1908676573529858448,
The Ballard Bridge has reopened to traffic at  01:31 PM on 04/06/2025,1908980814072914235,1908980814072914235,100,1909040960757207262,1908676573529858448,
The Fremont Bridge has closed to traffic at  01:38 PM on 04/06/2025,1908982579040251930,1908982579040251930,100,1909040960757207262,1908676573529858448,
The Fremont Bridge has reopened to traffic at  01:43 PM on 04/06/2025,1908983838711435629,1908983838711435629,100,1909040960757207262,1908676573529858448,
The Ballard Bridge has closed to traffic at  01:54 PM on 04/06/2025,1908986610362016094,1908986610362016094,100,1909040960757207262,1908676573529858448,
The Ballard Bridge has reopened to traffic at  01:59 PM on 04/06/2025,1908987869970231786,1908987869970231786,100,1909040960757207262,1908676573529858448,
The Ballard Bridge has closed to traffic at  02:07 PM on 04/06/2025,1908989885815706009,1908989885815706009,100,1909040960757207262,1908676573529858448,
The Fremont Bridge has closed to traffic at  02:08 PM on 04/06/2025,1908990138207842650,1908990138207842650,100,1909040960757207262,1908676573529858448,
The Ballard Bridge has reopened to traffic at  02:10 PM on 04/06/2025,1908990642400956902,1908990642400956902,100,1909040960757207262,1908676573529858448,
The Fremont Bridge has reopened to traffic at  02:13 PM on 04/06/2025,1908991398264836556,1908991398264836556,100,1909040960757207262,1908676573529858448,
The Fremont Bridge has closed to traffic at  02:24 PM on 04/06/2025,1908994170079125819,1908994170079125819,100,1909040960757207262,1908676573529858448,
The University Bridge has closed to traffic at  02:24 PM on 04/06/2025,1908994170599129228,1908994170599129228,100,1909040960757207262,1908676573529858448,
The University Bridge has reopened to traffic at  02:27 PM on 04/06/2025,1908994926458884333,1908994926458884333,100,1909040960757207262,1908676573529858448,
The Fremont Bridge has reopened to traffic at  02:29 PM on 04/06/2025,1908995430643638503,1908995430643638503,100,1909040960757207262,1908676573529858448,
The University Bridge has closed to traffic at  02:44 PM on 04/06/2025,1908999209719841201,1908999209719841201,100,1909040960757207262,1908676573529858448,
The University Bridge has reopened to traffic at  02:48 PM on 04/06/2025,1909000217464328481,1909000217464328481,100,1909040960757207262,1908676573529858448,
The Ballard Bridge has closed to traffic at  03:47 PM on 04/06/2025,1909015013253332995,1909015013253332995,100,1909040960757207262,1908676573529858448,
The Ballard Bridge has reopened to traffic at  03:51 PM on 04/06/2025,1909016021090115710,1909016021090115710,100,1909040960757207262,1908676573529858448,
The Fremont Bridge has closed to traffic at  04:03 PM on 04/06/2025,1909019044705124837,1909019044705124837,100,1909040960757207262,1908676573529858448,
The Fremont Bridge has reopened to traffic at  04:07 PM on 04/06/2025,1909020052202074327,1909020052202074327,100,1909040960757207262,1908676573529858448,
The University Bridge has closed to traffic at  04:18 PM on 04/06/2025,1909022823630426117,1909022823630426117,100,1909040960757207262,1908676573529858448,
The University Bridge has reopened to traffic at  04:22 PM on 04/06/2025,1909023831446220903,1909023831446220903,100,1909040960757207262,1908676573529858448,
The Montlake Bridge has closed to traffic at  04:26 PM on 04/06/2025,1909024839006126134,1909024839006126134,100,1909040960757207262,1908676573529858448,
The Montlake Bridge has reopened to traffic at  04:31 PM on 04/06/2025,1909026098513649785,1909026098513649785,100,1909040960757207262,1908676573529858448,
The Ballard Bridge has closed to traffic at  04:57 PM on 04/06/2025,1909032647307022373,1909032647307022373,100,1909040960757207262,1908676573529858448,
The Ballard Bridge has reopened to traffic at  05:02 PM on 04/06/2025,1909033906810278164,1909033906810278164,100,1909040960757207262,1908676573529858448,
The Fremont Bridge has closed to traffic at  05:20 PM on 04/06/2025,1909038440869765178,1909038440869765178,100,1909040960757207262,1908676573529858448,
The University Bridge has closed to traffic at  05:25 PM on 04/06/2025,1909039700477927609,1909039700477927609,100,1909040960757207262,1908676573529858448,
The Fremont Bridge has reopened to traffic at  05:26 PM on 04/06/2025,1909039953226662031,1909039953226662031,100,1909040960757207262,1908676573529858448,
The University Bridge has reopened to traffic at  05:30 PM on 04/06/2025,1909040960757207262,1909040960757207262,100,1909040960757207262,1908676573529858448,
The Ballard Bridge has closed to traffic at  06:25 PM on 04/06/2025,1909054812152627562,1909054812152627562,5,1909070428456566976,1909054812152627562,
The Ballard Bridge has reopened to traffic at  06:29 PM on 04/06/2025,1909055819817369744,1909055819817369744,5,1909070428456566976,1909054812152627562,
The Fremont Bridge has closed to traffic at  06:39 PM on 04/06/2025,1909058339713286476,1909058339713286476,5,1909070428456566976,1909054812152627562,
The Fremont Bridge has reopened to traffic at  06:43 PM on 04/06/2025,1909059347520651763,1909059347520651763,5,1909070428456566976,1909054812152627562,
The Fremont Bridge has closed to traffic at  07:27 PM on 04/06/2025,1909070428456566976,1909070428456566976,5,1909070428456566976,1909054812152627562,
The Fremont Bridge has reopened to traffic at  07:31 PM on 04/06/2025,1909071436385550487,1909071436385550487,100,1909362091573887236,1908712290163266013,
The Ballard Bridge has closed to traffic at  07:41 PM on 04/06/2025,1909073956814163992,1909073956814163992,100,1909362091573887236,1908712290163266013,
The Ballard Bridge has reopened to traffic at  07:44 PM on 04/06/2025,1909074712506024271,1909074712506024271,100,1909362091573887236,1908712290163266013,
The 1st Ave S Bridge has closed to traffic at  04:05 AM on 04/07/2025,1909200764259688458,1909200764259688458,100,1909362091573887236,1908712290163266013,
The 1st Ave S Bridge has reopened to traffic at  04:12 AM on 04/07/2025,1909202529558397443,1909202529558397443,100,1909362091573887236,1908712290163266013,
The Ballard Bridge has closed to traffic at  06:52 AM on 04/07/2025,1909242760311505333,1909242760311505333,100,1909362091573887236,1908712290163266013,
The Ballard Bridge has reopened to traffic at  06:57 AM on 04/07/2025,1909244019827503233,1909244019827503233,100,1909362091573887236,1908712290163266013,
The Fremont Bridge has closed to traffic at  09:02 AM on 04/07/2025,1909275498112503932,1909275498112503932,100,1909362091573887236,1908712290163266013,
The University Bridge has closed to traffic at  09:03 AM on 04/07/2025,1909275750328627339,1909275750328627339,100,1909362091573887236,1908712290163266013,
The Fremont Bridge has reopened to traffic at  09:06 AM on 04/07/2025,1909276506200867270,1909276506200867270,100,1909362091573887236,1908712290163266013,
The University Bridge has reopened to traffic at  09:08 AM on 04/07/2025,1909277010133991919,1909277010133991919,100,1909362091573887236,1908712290163266013,
The Fremont Bridge has closed to traffic at  09:25 AM on 04/07/2025,1909281292396773788,1909281292396773788,100,1909362091573887236,1908712290163266013,
The Fremont Bridge has reopened to traffic at  09:29 AM on 04/07/2025,1909282300061532198,1909282300061532198,100,1909362091573887236,1908712290163266013,
The Ballard Bridge has closed to traffic at  09:41 AM on 04/07/2025,1909285322992894460,1909285322992894460,100,1909362091573887236,1908712290163266013,
The Ballard Bridge has reopened to traffic at  09:45 AM on 04/07/2025,1909286330871509231,1909286330871509231,100,1909362091573887236,1908712290163266013,
The Fremont Bridge has closed to traffic at  09:56 AM on 04/07/2025,1909289102991847474,1909289102991847474,100,1909362091573887236,1908712290163266013,
The Fremont Bridge has reopened to traffic at  10:03 AM on 04/07/2025,1909290867330105688,1909290867330105688,100,1909362091573887236,1908712290163266013,
The Ballard Bridge has closed to traffic at  10:12 AM on 04/07/2025,1909293135362228566,1909293135362228566,100,1909362091573887236,1908712290163266013,
The Ballard Bridge has reopened to traffic at  10:17 AM on 04/07/2025,1909294394697769010,1909294394697769010,100,1909362091573887236,1908712290163266013,
The University Bridge has closed to traffic at  10:52 AM on 04/07/2025,1909303211300995509,1909303211300995509,100,1909362091573887236,1908712290163266013,
The University Bridge has reopened to traffic at  10:57 AM on 04/07/2025,1909304470905012725,1909304470905012725,100,1909362091573887236,1908712290163266013,
The University Bridge has closed to traffic at  11:21 AM on 04/07/2025,1909310515782074521,1909310515782074521,100,1909362091573887236,1908712290163266013,
The University Bridge has reopened to traffic at  11:26 AM on 04/07/2025,1909311775209828669,1909311775209828669,100,1909362091573887236,1908712290163266013,
The Montlake Bridge has closed to traffic at  11:34 AM on 04/07/2025,1909313792648925334,1909313792648925334,100,1909362091573887236,1908712290163266013,
The Montlake Bridge has reopened to traffic at  11:38 AM on 04/07/2025,1909314737839784017,1909314737839784017,100,1909362091573887236,1908712290163266013,
The University Bridge has closed to traffic at  12:04 PM on 04/07/2025,1909321286800883996,1909321286800883996,100,1909362091573887236,1908712290163266013,
The University Bridge has reopened to traffic at  12:09 PM on 04/07/2025,1909322546337792219,1909322546337792219,100,1909362091573887236,1908712290163266013,
The Fremont Bridge has closed to traffic at  12:20 PM on 04/07/2025,1909325317736739278,1909325317736739278,100,1909362091573887236,1908712290163266013,
The Fremont Bridge has reopened to traffic at  12:25 PM on 04/07/2025,1909326577126851029,1909326577126851029,100,1909362091573887236,1908712290163266013,
The Ballard Bridge has closed to traffic at  12:35 PM on 04/07/2025,1909329097286894016,1909329097286894016,100,1909362091573887236,1908712290163266013,
The Ballard Bridge has reopened to traffic at  12:38 PM on 04/07/2025,1909329853356314961,1909329853356314961,100,1909362091573887236,1908712290163266013,
The University Bridge has closed to traffic at  12:48 PM on 04/07/2025,1909332373071974704,1909332373071974704,100,1909362091573887236,1908712290163266013,
The University Bridge has reopened to traffic at  12:53 PM on 04/07/2025,1909333632680087985,1909333632680087985,100,1909362091573887236,1908712290163266013,
The Fremont Bridge has closed to traffic at  01:31 PM on 04/07/2025,1909343202576052575,1909343202576052575,100,1909362091573887236,1908712290163266013,
The Fremont Bridge has reopened to traffic at  01:34 PM on 04/07/2025,1909343958456750255,1909343958456750255,100,1909362091573887236,1908712290163266013,
The Ballard Bridge has closed to traffic at  02:40 PM on 04/07/2025,1909360580290654341,1909360580290654341,100,1909362091573887236,1908712290163266013,
The Ballard Bridge has reopened to traffic at  02:46 PM on 04/07/2025,1909362091573887236,1909362091573887236,100,1909362091573887236,1908712290163266013,
The Fremont Bridge has closed to traffic at  02:54 PM on 04/07/2025,1909364107641602268,1909364107641602268,100,1910161627938500675,1909364107641602268,
The Fremont Bridge has reopened to traffic at  03:00 PM on 04/07/2025,1909365618832552216,1909365618832552216,100,1910161627938500675,1909364107641602268,
The University Bridge has closed to traffic at  03:11 PM on 04/07/2025,1909368390864846865,1909368390864846865,100,1910161627938500675,1909364107641602268,
The University Bridge has reopened to traffic at  03:17 PM on 04/07/2025,1909369902131232879,1909369902131232879,100,1910161627938500675,1909364107641602268,
The 1st Ave S Bridge has closed to traffic at  07:37 PM on 04/07/2025,1909435318560027097,1909435318560027097,100,1910161627938500675,1909364107641602268,
The 1st Ave S Bridge has reopened to traffic at  07:49 PM on 04/07/2025,1909438342338675137,1909438342338675137,100,1910161627938500675,1909364107641602268,
The University Bridge has closed to traffic at  09:09 PM on 04/07/2025,1909458488528707976,1909458488528707976,100,1910161627938500675,1909364107641602268,
The University Bridge has reopened to traffic at  09:16 PM on 04/07/2025,1909460252728406106,1909460252728406106,100,1910161627938500675,1909364107641602268,
The Fremont Bridge has closed to traffic at  09:24 PM on 04/07/2025,1909462206162649383,1909462206162649383,100,1910161627938500675,1909364107641602268,
The Fremont Bridge has reopened to traffic at  09:31 PM on 04/07/2025,1909463970605678627,1909463970605678627,100,1910161627938500675,1909364107641602268,
The Ballard Bridge has closed to traffic at  09:37 PM on 04/07/2025,1909465482341827002,1909465482341827002,100,1910161627938500675,1909364107641602268,
The Ballard Bridge has reopened to traffic at  09:41 PM on 04/07/2025,1909466490052678025,1909466490052678025,100,1910161627938500675,1909364107641602268,
The Fremont Bridge has closed to traffic at  09:17 AM on 04/08/2025,1909641649111941229,1909641649111941229,100,1910161627938500675,1909364107641602268,
The Fremont Bridge has reopened to traffic at  09:22 AM on 04/08/2025,1909642909143732494,1909642909143732494,100,1910161627938500675,1909364107641602268,
The 1st Ave S Bridge has closed to traffic at  09:58 AM on 04/08/2025,1909651976746680745,1909651976746680745,100,1910161627938500675,1909364107641602268,
The 1st Ave S Bridge has reopened to traffic at  10:06 AM on 04/08/2025,1909653992793423999,1909653992793423999,100,1910161627938500675,1909364107641602268,
The Fremont Bridge has closed to traffic at  10:17 AM on 04/08/2025,1909656764670521727,1909656764670521727,100,1910161627938500675,1909364107641602268,
The Fremont Bridge has reopened to traffic at  10:23 AM on 04/08/2025,1909658276142424546,1909658276142424546,100,1910161627938500675,1909364107641602268,
The Montlake Bridge has closed to traffic at  12:37 PM on 04/08/2025,1909692022946148756,1909692022946148756,100,1910161627938500675,1909364107641602268,
The Montlake Bridge has reopened to traffic at  12:40 PM on 04/08/2025,1909692778982047847,1909692778982047847,100,1910161627938500675,1909364107641602268,
The University Bridge has closed to traffic at  12:46 PM on 04/08/2025,1909694290638614630,1909694290638614630,100,1910161627938500675,1909364107641602268,
The University Bridge has reopened to traffic at  12:49 PM on 04/08/2025,1909695046888333324,1909695046888333324,100,1910161627938500675,1909364107641602268,
The Fremont Bridge has closed to traffic at  01:12 PM on 04/08/2025,1909700840249770195,1909700840249770195,100,1910161627938500675,1909364107641602268,
The Fremont Bridge has reopened to traffic at  01:17 PM on 04/08/2025,1909702039183278340,1909702039183278340,100,1910161627938500675,1909364107641602268,
The Fremont Bridge has reopened to traffic at  01:24 PM on 04/08/2025,1909703803940880832,1909703803940880832,100,1910161627938500675,1909364107641602268,
The Ballard Bridge has reopened to traffic at  01:28 PM on 04/08/2025,1909704812050235632,1909704812050235632,100,1910161627938500675,1909364107641602268,
The Fremont Bridge has closed to traffic at  01:30 PM on 04/08/2025,1909705316457193570,1909705316457193570,100,1910161627938500675,1909364107641602268,
The Fremont Bridge has reopened to traffic at  01:34 PM on 04/08/2025,1909706324235202830,1909706324235202830,100,1910161627938500675,1909364107641602268,
The Ballard Bridge has closed to traffic at  02:00 PM on 04/08/2025,1909712874005839942,1909712874005839942,100,1910161627938500675,1909364107641602268,
The Ballard Bridge has reopened to traffic at  02:06 PM on 04/08/2025,1909714385427480643,1909714385427480643,100,1910161627938500675,1909364107641602268,
The 1st Ave S Bridge has closed to traffic at  02:19 PM on 04/08/2025,1909717660860121164,1909717660860121164,100,1910161627938500675,1909364107641602268,
The 1st Ave S Bridge has reopened to traffic at  02:30 PM on 04/08/2025,1909720432422670699,1909720432422670699,100,1910161627938500675,1909364107641602268,
The Ballard Bridge has closed to traffic at  02:34 PM on 04/08/2025,1909721440364249104,1909721440364249104,100,1910161627938500675,1909364107641602268,
The Fremont Bridge has closed to traffic at  02:37 PM on 04/08/2025,1909722196228161567,1909722196228161567,100,1910161627938500675,1909364107641602268,
The Ballard Bridge has reopened to traffic at  02:38 PM on 04/08/2025,1909722448570077187,1909722448570077187,100,1910161627938500675,1909364107641602268,
The Fremont Bridge has reopened to traffic at  02:41 PM on 04/08/2025,1909723204400431306,1909723204400431306,100,1910161627938500675,1909364107641602268,
The Fremont Bridge has closed to traffic at  02:46 PM on 04/08/2025,1909724463735951867,1909724463735951867,100,1910161627938500675,1909364107641602268,
The Fremont Bridge has reopened to traffic at  02:50 PM on 04/08/2025,1909725471430119457,1909725471430119457,100,1910161627938500675,1909364107641602268,
The Ballard Bridge has closed to traffic at  03:09 PM on 04/08/2025,1909730258263457831,1909730258263457831,100,1910161627938500675,1909364107641602268,
The Ballard Bridge has reopened to traffic at  03:15 PM on 04/08/2025,1909731770079363431,1909731770079363431,100,1910161627938500675,1909364107641602268,
The Fremont Bridge has closed to traffic at  03:24 PM on 04/08/2025,1909734038195323356,1909734038195323356,100,1910161627938500675,1909364107641602268,
The Fremont Bridge has reopened to traffic at  03:29 PM on 04/08/2025,1909735297530904902,1909735297530904902,100,1910161627938500675,1909364107641602268,
The University Bridge has closed to traffic at  03:41 PM on 04/08/2025,1909738321074700577,1909738321074700577,100,1910161627938500675,1909364107641602268,
The University Bridge has reopened to traffic at  03:47 PM on 04/08/2025,1909739832743805221,1909739832743805221,100,1910161627938500675,1909364107641602268,
The Ballard Bridge has reopened to traffic at  10:34 PM on 04/08/2025,1909842264568086600,1909842264568086600,100,1910161627938500675,1909364107641602268,
The University Bridge has closed to traffic at  01:35 AM on 04/09/2025,1909887779825389913,1909887779825389913,100,1910161627938500675,1909364107641602268,
The University Bridge has reopened to traffic at  01:40 AM on 04/09/2025,1909889039513309443,1909889039513309443,100,1910161627938500675,1909364107641602268,
The Fremont Bridge has closed to traffic at  01:50 AM on 04/09/2025,1909891559098863862,1909891559098863862,100,1910161627938500675,1909364107641602268,
The Fremont Bridge has reopened to traffic at  01:55 AM on 04/09/2025,1909892818493128891,1909892818493128891,100,1910161627938500675,1909364107641602268,
The Ballard Bridge has closed to traffic at  02:03 AM on 04/09/2025,1909894834183356675,1909894834183356675,100,1910161627938500675,1909364107641602268,
The Ballard Bridge has reopened to traffic at  02:07 AM on 04/09/2025,1909895841822937234,1909895841822937234,100,1910161627938500675,1909364107641602268,
The University Bridge has closed to traffic at  10:39 AM on 04/09/2025,1910024701537391013,1910024701537391013,100,1910161627938500675,1909364107641602268,
The University Bridge has reopened to traffic at  10:43 AM on 04/09/2025,1910025709395063144,1910025709395063144,100,1910161627938500675,1909364107641602268,
The Fremont Bridge has closed to traffic at  11:00 AM on 04/09/2025,1910029992337317944,1910029992337317944,100,1910161627938500675,1909364107641602268,
The Fremont Bridge has reopened to traffic at  11:05 AM on 04/09/2025,1910031252075471319,1910031252075471319,100,1910161627938500675,1909364107641602268,
The Ballard Bridge has closed to traffic at  11:17 AM on 04/09/2025,1910034277099790359,1910034277099790359,100,1910161627938500675,1909364107641602268,
The Ballard Bridge has reopened to traffic at  11:21 AM on 04/09/2025,1910035284814880939,1910035284814880939,100,1910161627938500675,1909364107641602268,
The Ballard Bridge has closed to traffic at  11:28 AM on 04/09/2025,1910037049450848768,1910037049450848768,100,1910161627938500675,1909364107641602268,
The Ballard Bridge has reopened to traffic at  11:33 AM on 04/09/2025,1910038308845175064,1910038308845175064,100,1910161627938500675,1909364107641602268,
The Fremont Bridge has closed to traffic at  12:25 PM on 04/09/2025,1910051341810217157,1910051341810217157,100,1910161627938500675,1909364107641602268,
The Fremont Bridge has reopened to traffic at  12:28 PM on 04/09/2025,1910052097804116467,1910052097804116467,100,1910161627938500675,1909364107641602268,
The 1st Ave S Bridge has closed to traffic at  01:13 PM on 04/09/2025,1910063430696124694,1910063430696124694,100,1910161627938500675,1909364107641602268,
The Fremont Bridge has closed to traffic at  01:16 PM on 04/09/2025,1910064187226890565,1910064187226890565,100,1910161627938500675,1909364107641602268,
The 1st Ave S Bridge has reopened to traffic at  01:17 PM on 04/09/2025,1910064439954710575,1910064439954710575,100,1910161627938500675,1909364107641602268,
The Fremont Bridge has reopened to traffic at  01:21 PM on 04/09/2025,1910065448538062950,1910065448538062950,100,1910161627938500675,1909364107641602268,
The 1st Ave S Bridge has closed to traffic at  01:22 PM on 04/09/2025,1910065701207056777,1910065701207056777,100,1910161627938500675,1909364107641602268,
The 1st Ave S Bridge has reopened to traffic at  01:24 PM on 04/09/2025,1910066205995807048,1910066205995807048,100,1910161627938500675,1909364107641602268,
The 1st Ave S Bridge has closed to traffic at  01:28 PM on 04/09/2025,1910067214121844789,1910067214121844789,100,1910161627938500675,1909364107641602268,
The 1st Ave S Bridge has reopened to traffic at  01:32 PM on 04/09/2025,1910068221585281046,1910068221585281046,100,1910161627938500675,1909364107641602268,
The University Bridge has closed to traffic at  01:57 PM on 04/09/2025,1910074519127294301,1910074519127294301,100,1910161627938500675,1909364107641602268,
The University Bridge has reopened to traffic at  02:05 PM on 04/09/2025,1910076535656292764,1910076535656292764,100,1910161627938500675,1909364107641602268,
The University Bridge has closed to traffic at  02:22 PM on 04/09/2025,1910080819202580730,1910080819202580730,100,1910161627938500675,1909364107641602268,
The 1st Ave S Bridge has closed to traffic at  02:27 PM on 04/09/2025,1910082078680752512,1910082078680752512,100,1910161627938500675,1909364107641602268,
The 1st Ave S Bridge has reopened to traffic at  02:28 PM on 04/09/2025,1910082330926235805,1910082330926235805,100,1910161627938500675,1909364107641602268,
The University Bridge has reopened to traffic at  02:32 PM on 04/09/2025,1910083338834182183,1910083338834182183,100,1910161627938500675,1909364107641602268,
The University Bridge has closed to traffic at  02:42 PM on 04/09/2025,1910085859636117811,1910085859636117811,100,1910161627938500675,1909364107641602268,
The 1st Ave S Bridge has closed to traffic at  02:51 PM on 04/09/2025,1910088127752122615,1910088127752122615,100,1910161627938500675,1909364107641602268,
The 1st Ave S Bridge has reopened to traffic at  02:52 PM on 04/09/2025,1910088380089803160,1910088380089803160,100,1910161627938500675,1909364107641602268,
The University Bridge has reopened to traffic at  02:53 PM on 04/09/2025,1910088632276496532,1910088632276496532,100,1910161627938500675,1909364107641602268,
The 1st Ave S Bridge has closed to traffic at  03:13 PM on 04/09/2025,1910093619748626653,1910093619748626653,100,1910161627938500675,1909364107641602268,
The 1st Ave S Bridge has reopened to traffic at  03:15 PM on 04/09/2025,1910094123895488994,1910094123895488994,100,1910161627938500675,1909364107641602268,
The 1st Ave S Bridge has closed to traffic at  03:18 PM on 04/09/2025,1910094879654588902,1910094879654588902,100,1910161627938500675,1909364107641602268,
The University Bridge has closed to traffic at  03:22 PM on 04/09/2025,1910095887512338724,1910095887512338724,100,1910161627938500675,1909364107641602268,
The University Bridge has reopened to traffic at  03:27 PM on 04/09/2025,1910097146810077206,1910097146810077206,100,1910161627938500675,1909364107641602268,
The 1st Ave S Bridge has reopened to traffic at  03:28 PM on 04/09/2025,1910097399168848034,1910097399168848034,100,1910161627938500675,1909364107641602268,
The University Bridge has closed to traffic at  03:31 PM on 04/09/2025,1910098155066302887,1910098155066302887,100,1910161627938500675,1909364107641602268,
The University Bridge has reopened to traffic at  03:34 PM on 04/09/2025,1910098910884086182,1910098910884086182,100,1910161627938500675,1909364107641602268,
The Ballard Bridge has closed to traffic at  05:56 PM on 04/09/2025,1910134670949576937,1910134670949576937,100,1910161627938500675,1909364107641602268,
The Ballard Bridge has reopened to traffic at  06:02 PM on 04/09/2025,1910136182220206083,1910136182220206083,100,1910161627938500675,1909364107641602268,
The Fremont Bridge has closed to traffic at  06:09 PM on 04/09/2025,1910137946315116686,1910137946315116686,100,1910161627938500675,1909364107641602268,
The Fremont Bridge has reopened to traffic at  06:15 PM on 04/09/2025,1910139457719910884,1910139457719910884,100,1910161627938500675,1909364107641602268,
The University Bridge has closed to traffic at  06:24 PM on 04/09/2025,1910141725429174483,1910141725429174483,100,1910161627938500675,1909364107641602268,
The University Bridge has reopened to traffic at  06:30 PM on 04/09/2025,1910143237744136477,1910143237744136477,100,1910161627938500675,1909364107641602268,
The University Bridge has closed to traffic at  06:48 PM on 04/09/2025,1910147771623170247,1910147771623170247,100,1910161627938500675,1909364107641602268,
The University Bridge has reopened to traffic at  06:53 PM on 04/09/2025,1910149031042715827,1910149031042715827,100,1910161627938500675,1909364107641602268,
The Montlake Bridge has closed to traffic at  07:01 PM on 04/09/2025,1910151048469311668,1910151048469311668,100,1910161627938500675,1909364107641602268,
The Montlake Bridge has reopened to traffic at  07:06 PM on 04/09/2025,1910152308673093705,1910152308673093705,100,1910161627938500675,1909364107641602268,
The Montlake Bridge has closed to traffic at  07:36 PM on 04/09/2025,1910159864309166428,1910159864309166428,100,1910161627938500675,1909364107641602268,
The Montlake Bridge has reopened to traffic at  07:42 PM on 04/09/2025,1910161375579840931,1910161375579840931,100,1910161627938500675,1909364107641602268,
The University Bridge has closed to traffic at  07:43 PM on 04/09/2025,1910161627938500675,1910161627938500675,100,1910161627938500675,1909364107641602268,
The University Bridge has reopened to traffic at  07:48 PM on 04/09/2025,1910162824556638419,1910162824556638419,34,1910466586361946345,1910162824556638419,
The University Bridge has closed to traffic at  10:05 PM on 04/09/2025,1910197322740641819,1910197322740641819,34,1910466586361946345,1910162824556638419,
The University Bridge has reopened to traffic at  10:11 PM on 04/09/2025,1910198833998631137,1910198833998631137,34,1910466586361946345,1910162824556638419,
The Fremont Bridge has closed to traffic at  10:20 PM on 04/09/2025,1910201101896614288,1910201101896614288,34,1910466586361946345,1910162824556638419,
The Fremont Bridge has reopened to traffic at  10:25 PM on 04/09/2025,1910202361337020442,1910202361337020442,34,1910466586361946345,1910162824556638419,
The Ballard Bridge has reopened to traffic at  03:36 AM on 04/10/2025,1910280652186066948,1910280652186066948,34,1910466586361946345,1910162824556638419,
The Ballard Bridge has closed to traffic at  09:01 AM on 04/10/2025,1910362431744016840,1910362431744016840,34,1910466586361946345,1910162824556638419,
The Ballard Bridge has reopened to traffic at  09:07 AM on 04/10/2025,1910363944109400086,1910363944109400086,34,1910466586361946345,1910162824556638419,
The Ballard Bridge has closed to traffic at  09:14 AM on 04/10/2025,1910365708640473516,1910365708640473516,34,1910466586361946345,1910162824556638419,
The Ballard Bridge has reopened to traffic at  09:18 AM on 04/10/2025,1910366716011688197,1910366716011688197,34,1910466586361946345,1910162824556638419,
The Fremont Bridge has closed to traffic at  09:31 AM on 04/10/2025,1910369991381442702,1910369991381442702,34,1910466586361946345,1910162824556638419,
The Fremont Bridge has reopened to traffic at  09:35 AM on 04/10/2025,1910370999310442995,1910370999310442995,34,1910466586361946345,1910162824556638419,
The Montlake Bridge has closed to traffic at  10:41 AM on 04/10/2025,1910387556895908013,1910387556895908013,34,1910466586361946345,1910162824556638419,
The Montlake Bridge has reopened to traffic at  10:50 AM on 04/10/2025,1910389825267785929,1910389825267785929,34,1910466586361946345,1910162824556638419,
The University Bridge has closed to traffic at  10:56 AM on 04/10/2025,1910391336622318057,1910391336622318057,34,1910466586361946345,1910162824556638419,
The University Bridge has reopened to traffic at  11:05 AM on 04/10/2025,1910393605921137103,1910393605921137103,34,1910466586361946345,1910162824556638419,
The Fremont Bridge has closed to traffic at  11:35 AM on 04/10/2025,1910401161418666339,1910401161418666339,34,1910466586361946345,1910162824556638419,
The Fremont Bridge has reopened to traffic at  11:43 AM on 04/10/2025,1910403177591292063,1910403177591292063,34,1910466586361946345,1910162824556638419,
The Fremont Bridge has closed to traffic at  12:27 PM on 04/10/2025,1910414258162327929,1910414258162327929,34,1910466586361946345,1910162824556638419,
The Fremont Bridge has reopened to traffic at  12:33 PM on 04/10/2025,1910415769361670582,1910415769361670582,34,1910466586361946345,1910162824556638419,
The Ballard Bridge has closed to traffic at  12:50 PM on 04/10/2025,1910420051620208888,1910420051620208888,34,1910466586361946345,1910162824556638419,
The Ballard Bridge has reopened to traffic at  12:54 PM on 04/10/2025,1910421059402424700,1910421059402424700,34,1910466586361946345,1910162824556638419,
The Ballard Bridge has closed to traffic at  02:58 PM on 04/10/2025,1910452283672060270,1910452283672060270,34,1910466586361946345,1910162824556638419,
The Ballard Bridge has reopened to traffic at  03:02 PM on 04/10/2025,1910453291894661265,1910453291894661265,34,1910466586361946345,1910162824556638419,
The Fremont Bridge has closed to traffic at  03:12 PM on 04/10/2025,1910455812566508005,1910455812566508005,34,1910466586361946345,1910162824556638419,
The Fremont Bridge has reopened to traffic at  03:16 PM on 04/10/2025,1910456820491325662,1910456820491325662,34,1910466586361946345,1910162824556638419,
The Ballard Bridge has closed to traffic at  03:18 PM on 04/10/2025,1910457261790814552,1910457261790814552,34,1910466586361946345,1910162824556638419,
The Ballard Bridge has reopened to traffic at  03:22 PM on 04/10/2025,1910458269539385457,1910458269539385457,34,1910466586361946345,1910162824556638419,
The University Bridge has closed to traffic at  03:29 PM on 04/10/2025,1910460033978294514,1910460033978294514,34,1910466586361946345,1910162824556638419,
The Fremont Bridge has closed to traffic at  03:32 PM on 04/10/2025,1910460789989007854,1910460789989007854,34,1910466586361946345,1910162824556638419,
The University Bridge has reopened to traffic at  03:33 PM on 04/10/2025,1910461042335113288,1910461042335113288,34,1910466586361946345,1910162824556638419,
The Fremont Bridge has reopened to traffic at  03:38 PM on 04/10/2025,1910462302207553707,1910462302207553707,34,1910466586361946345,1910162824556638419,
The University Bridge has closed to traffic at  03:48 PM on 04/10/2025,1910464821658878455,1910464821658878455,34,1910466586361946345,1910162824556638419,
The University Bridge has reopened to traffic at  03:55 PM on 04/10/2025,1910466586361946345,1910466586361946345,34,1910466586361946345,1910162824556638419,
The University Bridge has closed to traffic at  12:01 AM on 04/11/2025,1910588904606228850,1910588904606228850,100,1910868019385147742,1910198833998631137,
The University Bridge has reopened to traffic at  12:07 AM on 04/11/2025,1910590415742656672,1910590415742656672,100,1910868019385147742,1910198833998631137,
The Fremont Bridge has closed to traffic at  12:18 AM on 04/11/2025,1910593186713788741,1910593186713788741,100,1910868019385147742,1910198833998631137,
The Fremont Bridge has reopened to traffic at  12:23 AM on 04/11/2025,1910594445957087319,1910594445957087319,100,1910868019385147742,1910198833998631137,
The Ballard Bridge has closed to traffic at  12:34 AM on 04/11/2025,1910597217347579914,1910597217347579914,100,1910868019385147742,1910198833998631137,
The Ballard Bridge has reopened to traffic at  12:39 AM on 04/11/2025,1910598477920559495,1910598477920559495,100,1910868019385147742,1910198833998631137,
The Fremont Bridge has closed to traffic at  09:02 AM on 04/11/2025,1910725073755123790,1910725073755123790,100,1910868019385147742,1910198833998631137,
The Ballard Bridge has closed to traffic at  09:05 AM on 04/11/2025,1910725829568647286,1910725829568647286,100,1910868019385147742,1910198833998631137,
The Fremont Bridge has reopened to traffic at  09:06 AM on 04/11/2025,1910726081755439142,1910726081755439142,100,1910868019385147742,1910198833998631137,
The Ballard Bridge has reopened to traffic at  09:13 AM on 04/11/2025,1910727845820981661,1910727845820981661,100,1910868019385147742,1910198833998631137,
The Fremont Bridge has closed to traffic at  09:21 AM on 04/11/2025,1910729861737701619,1910729861737701619,100,1910868019385147742,1910198833998631137,
The Fremont Bridge has reopened to traffic at  09:27 AM on 04/11/2025,1910731372878278793,1910731372878278793,100,1910868019385147742,1910198833998631137,
The University Bridge has closed to traffic at  09:58 AM on 04/11/2025,1910739179874771435,1910739179874771435,100,1910868019385147742,1910198833998631137,
The University Bridge has reopened to traffic at  10:02 AM on 04/11/2025,1910740187438821619,1910740187438821619,100,1910868019385147742,1910198833998631137,
The Montlake Bridge has closed to traffic at  10:08 AM on 04/11/2025,1910741635929170228,1910741635929170228,100,1910868019385147742,1910198833998631137,
The Montlake Bridge has reopened to traffic at  10:14 AM on 04/11/2025,1910743147011072076,1910743147011072076,100,1910868019385147742,1910198833998631137,
The Fremont Bridge has closed to traffic at  10:29 AM on 04/11/2025,1910746926720688334,1910746926720688334,100,1910868019385147742,1910198833998631137,
The Fremont Bridge has reopened to traffic at  10:35 AM on 04/11/2025,1910748437915836658,1910748437915836658,100,1910868019385147742,1910198833998631137,
The Montlake Bridge has closed to traffic at  10:38 AM on 04/11/2025,1910749193951715575,1910749193951715575,100,1910868019385147742,1910198833998631137,
The Montlake Bridge has reopened to traffic at  10:44 AM on 04/11/2025,1910750705130054088,1910750705130054088,100,1910868019385147742,1910198833998631137,
The University Bridge has closed to traffic at  10:46 AM on 04/11/2025,1910751208983384136,1910751208983384136,100,1910868019385147742,1910198833998631137,
The University Bridge has reopened to traffic at  10:51 AM on 04/11/2025,1910752468226691566,1910752468226691566,100,1910868019385147742,1910198833998631137,
The University Bridge has closed to traffic at  11:21 AM on 04/11/2025,1910760024894562791,1910760024894562791,100,1910868019385147742,1910198833998631137,
The University Bridge has reopened to traffic at  11:25 AM on 04/11/2025,1910761032546738576,1910761032546738576,100,1910868019385147742,1910198833998631137,
The Fremont Bridge has closed to traffic at  11:38 AM on 04/11/2025,1910764307429859347,1910764307429859347,100,1910868019385147742,1910198833998631137,
The Fremont Bridge has reopened to traffic at  11:43 AM on 04/11/2025,1910765566706761793,1910765566706761793,100,1910868019385147742,1910198833998631137,
The Ballard Bridge has closed to traffic at  11:55 AM on 04/11/2025,1910768589495558482,1910768589495558482,100,1910868019385147742,1910198833998631137,
The Ballard Bridge has reopened to traffic at  11:59 AM on 04/11/2025,1910769597114179861,1910769597114179861,100,1910868019385147742,1910198833998631137,
The 1st Ave S Bridge has closed to traffic at  12:07 PM on 04/11/2025,1910771612707893729,1910771612707893729,100,1910868019385147742,1910198833998631137,
The University Bridge has closed to traffic at  12:10 PM on 04/11/2025,1910772368446021808,1910772368446021808,100,1910868019385147742,1910198833998631137,
The 1st Ave S Bridge has reopened to traffic at  12:12 PM on 04/11/2025,1910772872395788364,1910772872395788364,100,1910868019385147742,1910198833998631137,
The University Bridge has reopened to traffic at  12:14 PM on 04/11/2025,1910773376249180499,1910773376249180499,100,1910868019385147742,1910198833998631137,
The Ballard Bridge has closed to traffic at  12:18 PM on 04/11/2025,1910774383821676589,1910774383821676589,100,1910868019385147742,1910198833998631137,
The Montlake Bridge has closed to traffic at  12:18 PM on 04/11/2025,1910774384379433003,1910774384379433003,100,1910868019385147742,1910198833998631137,
The Ballard Bridge has reopened to traffic at  12:23 PM on 04/11/2025,1910775643597652013,1910775643597652013,100,1910868019385147742,1910198833998631137,
The Montlake Bridge has reopened to traffic at  12:23 PM on 04/11/2025,1910775643945779344,1910775643945779344,100,1910868019385147742,1910198833998631137,
The Fremont Bridge has closed to traffic at  01:01 PM on 04/11/2025,1910785213460037689,1910785213460037689,100,1910868019385147742,1910198833998631137,
The Ballard Bridge has closed to traffic at  01:03 PM on 04/11/2025,1910785717405634913,1910785717405634913,100,1910868019385147742,1910198833998631137,
The Fremont Bridge has reopened to traffic at  01:08 PM on 04/11/2025,1910786976841945210,1910786976841945210,100,1910868019385147742,1910198833998631137,
The Ballard Bridge has reopened to traffic at  01:12 PM on 04/11/2025,1910787984464695796,1910787984464695796,100,1910868019385147742,1910198833998631137,
The Fremont Bridge has closed to traffic at  01:28 PM on 04/11/2025,1910792014905696711,1910792014905696711,100,1910868019385147742,1910198833998631137,
The Fremont Bridge has reopened to traffic at  01:32 PM on 04/11/2025,1910793022520123516,1910793022520123516,100,1910868019385147742,1910198833998631137,
The University Bridge has closed to traffic at  01:40 PM on 04/11/2025,1910795038105510085,1910795038105510085,100,1910868019385147742,1910198833998631137,
The University Bridge has reopened to traffic at  01:48 PM on 04/11/2025,1910797054387069323,1910797054387069323,100,1910868019385147742,1910198833998631137,
The University Bridge has closed to traffic at  01:57 PM on 04/11/2025,1910799322247258522,1910799322247258522,100,1910868019385147742,1910198833998631137,
The Montlake Bridge has closed to traffic at  02:01 PM on 04/11/2025,1910800330029490334,1910800330029490334,100,1910868019385147742,1910198833998631137,
The University Bridge has reopened to traffic at  02:04 PM on 04/11/2025,1910801085696225482,1910801085696225482,100,1910868019385147742,1910198833998631137,
The Montlake Bridge has reopened to traffic at  02:12 PM on 04/11/2025,1910803101902397539,1910803101902397539,100,1910868019385147742,1910198833998631137,
The Ballard Bridge has closed to traffic at  03:14 PM on 04/11/2025,1910818654457057506,1910818654457057506,100,1910868019385147742,1910198833998631137,
The Ballard Bridge has reopened to traffic at  03:20 PM on 04/11/2025,1910820165820047737,1910820165820047737,100,1910868019385147742,1910198833998631137,
The Fremont Bridge has closed to traffic at  03:21 PM on 04/11/2025,1910820418136813764,1910820418136813764,100,1910868019385147742,1910198833998631137,
The Fremont Bridge has reopened to traffic at  03:25 PM on 04/11/2025,1910821425797345444,1910821425797345444,100,1910868019385147742,1910198833998631137,
The Fremont Bridge has closed to traffic at  03:29 PM on 04/11/2025,1910822433483047235,1910822433483047235,100,1910868019385147742,1910198833998631137,
The Fremont Bridge has reopened to traffic at  03:37 PM on 04/11/2025,1910824449408106709,1910824449408106709,100,1910868019385147742,1910198833998631137,
The University Bridge has closed to traffic at  03:46 PM on 04/11/2025,1910826717314457601,1910826717314457601,100,1910868019385147742,1910198833998631137,
The Fremont Bridge has closed to traffic at  03:49 PM on 04/11/2025,1910827473165836425,1910827473165836425,100,1910868019385147742,1910198833998631137,
The Fremont Bridge has reopened to traffic at  03:53 PM on 04/11/2025,1910828480910246221,1910828480910246221,100,1910868019385147742,1910198833998631137,
The University Bridge has reopened to traffic at  03:53 PM on 04/11/2025,1910828481359090087,1910828481359090087,100,1910868019385147742,1910198833998631137,
The Fremont Bridge has closed to traffic at  03:57 PM on 04/11/2025,1910829488931581996,1910829488931581996,100,1910868019385147742,1910198833998631137,
The Fremont Bridge has reopened to traffic at  04:02 PM on 04/11/2025,1910830748170584533,1910830748170584533,100,1910868019385147742,1910198833998631137,
The Ballard Bridge has closed to traffic at  06:01 PM on 04/11/2025,1910860713222127762,1910860713222127762,100,1910868019385147742,1910198833998631137,
The Ballard Bridge has reopened to traffic at  06:05 PM on 04/11/2025,1910861720995971278,1910861720995971278,100,1910868019385147742,1910198833998631137,
The 1st Ave S Bridge has closed to traffic at  06:13 PM on 04/11/2025,1910863737168568511,1910863737168568511,100,1910868019385147742,1910198833998631137,
The Fremont Bridge has closed to traffic at  06:16 PM on 04/11/2025,1910864493003047262,1910864493003047262,100,1910868019385147742,1910198833998631137,
The 1st Ave S Bridge has reopened to traffic at  06:19 PM on 04/11/2025,1910865248711737443,1910865248711737443,100,1910868019385147742,1910198833998631137,
The Fremont Bridge has reopened to traffic at  06:22 PM on 04/11/2025,1910866004361842939,1910866004361842939,100,1910868019385147742,1910198833998631137,
The University Bridge has closed to traffic at  06:26 PM on 04/11/2025,1910867011842035816,1910867011842035816,100,1910868019385147742,1910198833998631137,
The University Bridge has reopened to traffic at  06:30 PM on 04/11/2025,1910868019385147742,1910868019385147742,100,1910868019385147742,1910198833998631137,
The University Bridge has closed to traffic at  07:10 PM on 04/11/2025,1910878116538703906,1910878116538703906,100,1911516744209793486,1910878116538703906,
The University Bridge has reopened to traffic at  07:16 PM on 04/11/2025,1910879564907327992,1910879564907327992,100,1911516744209793486,1910878116538703906,
The Fremont Bridge has closed to traffic at  07:26 PM on 04/11/2025,1910882084627124577,1910882084627124577,100,1911516744209793486,1910878116538703906,
The Fremont Bridge has reopened to traffic at  07:31 PM on 04/11/2025,1910883344029802573,1910883344029802573,100,1911516744209793486,1910878116538703906,
The Ballard Bridge has closed to traffic at  07:37 PM on 04/11/2025,1910884855187145134,1910884855187145134,100,1911516744209793486,1910878116538703906,
The Ballard Bridge has reopened to traffic at  07:41 PM on 04/11/2025,1910885862763897004,1910885862763897004,100,1911516744209793486,1910878116538703906,
The Montlake Bridge has closed to traffic at  07:42 PM on 04/11/2025,1910886114979954864,1910886114979954864,100,1911516744209793486,1910878116538703906,
The University Bridge has closed to traffic at  07:42 PM on 04/11/2025,1910886115365839097,1910886115365839097,100,1911516744209793486,1910878116538703906,
The University Bridge has reopened to traffic at  07:46 PM on 04/11/2025,1910887122959245819,1910887122959245819,100,1911516744209793486,1910878116538703906,
The Montlake Bridge has reopened to traffic at  07:48 PM on 04/11/2025,1910887626854608934,1910887626854608934,100,1911516744209793486,1910878116538703906,
The University Bridge has closed to traffic at  07:51 PM on 04/11/2025,1910888383850619166,1910888383850619166,100,1911516744209793486,1910878116538703906,
The University Bridge has reopened to traffic at  07:54 PM on 04/11/2025,1910889139836510418,1910889139836510418,100,1911516744209793486,1910878116538703906,
The Fremont Bridge has closed to traffic at  03:18 AM on 04/12/2025,1911000902993101172,1911000902993101172,100,1911516744209793486,1910878116538703906,
The Fremont Bridge has reopened to traffic at  03:22 AM on 04/12/2025,1911001910590710246,1911001910590710246,100,1911516744209793486,1910878116538703906,
The Ballard Bridge has closed to traffic at  03:36 AM on 04/12/2025,1911005437262250466,1911005437262250466,100,1911516744209793486,1910878116538703906,
The Ballard Bridge has reopened to traffic at  03:40 AM on 04/12/2025,1911006381869813976,1911006381869813976,100,1911516744209793486,1910878116538703906,
The Fremont Bridge has closed to traffic at  07:38 AM on 04/12/2025,1911066311104577639,1911066311104577639,100,1911516744209793486,1910878116538703906,
The Fremont Bridge has reopened to traffic at  07:43 AM on 04/12/2025,1911067570725376249,1911067570725376249,100,1911516744209793486,1910878116538703906,
The Ballard Bridge has closed to traffic at  07:55 AM on 04/12/2025,1911070594063606244,1911070594063606244,100,1911516744209793486,1910878116538703906,
The Ballard Bridge has reopened to traffic at  07:59 AM on 04/12/2025,1911071601627742656,1911071601627742656,100,1911516744209793486,1910878116538703906,
The Fremont Bridge has closed to traffic at  08:21 AM on 04/12/2025,1911077144400413148,1911077144400413148,100,1911516744209793486,1910878116538703906,
The Fremont Bridge has reopened to traffic at  08:25 AM on 04/12/2025,1911078152098746769,1911078152098746769,100,1911516744209793486,1910878116538703906,
The University Bridge has closed to traffic at  10:08 AM on 04/12/2025,1911104026718155224,1911104026718155224,100,1911516744209793486,1910878116538703906,
The University Bridge has reopened to traffic at  10:13 AM on 04/12/2025,1911105286116675736,1911105286116675736,100,1911516744209793486,1910878116538703906,
The Fremont Bridge has closed to traffic at  11:13 AM on 04/12/2025,1911120395597701456,1911120395597701456,100,1911516744209793486,1910878116538703906,
The Fremont Bridge has reopened to traffic at  11:17 AM on 04/12/2025,1911121402998210592,1911121402998210592,100,1911516744209793486,1910878116538703906,
The Ballard Bridge has closed to traffic at  11:27 AM on 04/12/2025,1911123922436890875,1911123922436890875,100,1911516744209793486,1910878116538703906,
The Ballard Bridge has reopened to traffic at  11:32 AM on 04/12/2025,1911125181764108499,1911125181764108499,100,1911516744209793486,1910878116538703906,
The Ballard Bridge has closed to traffic at  12:12 PM on 04/12/2025,1911135255207219509,1911135255207219509,100,1911516744209793486,1910878116538703906,
The Ballard Bridge has reopened to traffic at  12:16 PM on 04/12/2025,1911136262859403265,1911136262859403265,100,1911516744209793486,1910878116538703906,
The Fremont Bridge has closed to traffic at  12:28 PM on 04/12/2025,1911139286285795838,1911139286285795838,100,1911516744209793486,1910878116538703906,
The Fremont Bridge has reopened to traffic at  12:32 PM on 04/12/2025,1911140293799526838,1911140293799526838,100,1911516744209793486,1910878116538703906,
The Fremont Bridge has closed to traffic at  12:42 PM on 04/12/2025,1911142813275926875,1911142813275926875,100,1911516744209793486,1910878116538703906,
The University Bridge has closed to traffic at  12:45 PM on 04/12/2025,1911143569047601439,1911143569047601439,100,1911516744209793486,1910878116538703906,
The Fremont Bridge has reopened to traffic at  12:47 PM on 04/12/2025,1911144073072939302,1911144073072939302,100,1911516744209793486,1910878116538703906,
The University Bridge has reopened to traffic at  12:50 PM on 04/12/2025,1911144828802650386,1911144828802650386,100,1911516744209793486,1910878116538703906,
The Ballard Bridge has closed to traffic at  01:02 PM on 04/12/2025,1911147851532644496,1911147851532644496,100,1911516744209793486,1910878116538703906,
The Ballard Bridge has reopened to traffic at  01:06 PM on 04/12/2025,1911148859050561814,1911148859050561814,100,1911516744209793486,1910878116538703906,
The University Bridge has closed to traffic at  01:06 PM on 04/12/2025,1911148859428077948,1911148859428077948,100,1911516744209793486,1910878116538703906,
The University Bridge has reopened to traffic at  01:10 PM on 04/12/2025,1911149866916667894,1911149866916667894,100,1911516744209793486,1910878116538703906,
The Montlake Bridge has closed to traffic at  01:14 PM on 04/12/2025,1911150874489241926,1911150874489241926,100,1911516744209793486,1910878116538703906,
The Montlake Bridge has reopened to traffic at  01:20 PM on 04/12/2025,1911152385659183121,1911152385659183121,100,1911516744209793486,1910878116538703906,
The Fremont Bridge has closed to traffic at  02:40 PM on 04/12/2025,1911172531102654808,1911172531102654808,100,1911516744209793486,1910878116538703906,
The Fremont Bridge has reopened to traffic at  02:43 PM on 04/12/2025,1911173286945497381,1911173286945497381,100,1911516744209793486,1910878116538703906,
The Fremont Bridge has closed to traffic at  02:59 PM on 04/12/2025,1911177317025808852,1911177317025808852,100,1911516744209793486,1910878116538703906,
The Fremont Bridge has reopened to traffic at  03:02 PM on 04/12/2025,1911178072797462603,1911178072797462603,100,1911516744209793486,1910878116538703906,
The Fremont Bridge has closed to traffic at  03:41 PM on 04/12/2025,1911187833882292717,1911187833882292717,100,1911516744209793486,1910878116538703906,
The Montlake Bridge has closed to traffic at  03:41 PM on 04/12/2025,1911187834368934215,1911187834368934215,100,1911516744209793486,1910878116538703906,
The University Bridge has closed to traffic at  03:41 PM on 04/12/2025,1911187834779975821,1911187834779975821,100,1911516744209793486,1910878116538703906,
The Fremont Bridge has reopened to traffic at  03:45 PM on 04/12/2025,1911188842394395079,1911188842394395079,100,1911516744209793486,1910878116538703906,
The University Bridge has reopened to traffic at  03:45 PM on 04/12/2025,1911188844029804670,1911188844029804670,100,1911516744209793486,1910878116538703906,
The Montlake Bridge has reopened to traffic at  03:46 PM on 04/12/2025,1911189096485249165,1911189096485249165,100,1911516744209793486,1910878116538703906,
The University Bridge has closed to traffic at  03:50 PM on 04/12/2025,1911190103986418168,1911190103986418168,100,1911516744209793486,1910878116538703906,
The University Bridge has reopened to traffic at  03:54 PM on 04/12/2025,1911191111554732509,1911191111554732509,100,1911516744209793486,1910878116538703906,
The Ballard Bridge has closed to traffic at  04:14 PM on 04/12/2025,1911196149442388397,1911196149442388397,100,1911516744209793486,1910878116538703906,
The Ballard Bridge has reopened to traffic at  04:18 PM on 04/12/2025,1911197156989682151,1911197156989682151,100,1911516744209793486,1910878116538703906,
The Ballard Bridge has closed to traffic at  04:31 PM on 04/12/2025,1911200431906369669,1911200431906369669,100,1911516744209793486,1910878116538703906,
The Fremont Bridge has closed to traffic at  04:34 PM on 04/12/2025,1911201187539636246,1911201187539636246,100,1911516744209793486,1910878116538703906,
The Ballard Bridge has reopened to traffic at  04:35 PM on 04/12/2025,1911201439638278507,1911201439638278507,100,1911516744209793486,1910878116538703906,
The Fremont Bridge has reopened to traffic at  04:38 PM on 04/12/2025,1911202195326001276,1911202195326001276,100,1911516744209793486,1910878116538703906,
The University Bridge has closed to traffic at  04:49 PM on 04/12/2025,1911204966469144608,1911204966469144608,100,1911516744209793486,1910878116538703906,
The University Bridge has reopened to traffic at  04:52 PM on 04/12/2025,1911205722098110671,1911205722098110671,100,1911516744209793486,1910878116538703906,
The Fremont Bridge has closed to traffic at  04:59 PM on 04/12/2025,1911207486365044792,1911207486365044792,100,1911516744209793486,1910878116538703906,
The Fremont Bridge has reopened to traffic at  05:03 PM on 04/12/2025,1911208493903974881,1911208493903974881,100,1911516744209793486,1910878116538703906,
The Fremont Bridge has closed to traffic at  06:53 PM on 04/12/2025,1911236191896342571,1911236191896342571,100,1911516744209793486,1910878116538703906,
The Fremont Bridge has reopened to traffic at  06:56 PM on 04/12/2025,1911236947651223942,1911236947651223942,100,1911516744209793486,1910878116538703906,
The Ballard Bridge has closed to traffic at  07:01 PM on 04/12/2025,1911238206957535249,1911238206957535249,100,1911516744209793486,1910878116538703906,
The Ballard Bridge has reopened to traffic at  07:05 PM on 04/12/2025,1911239214328676580,1911239214328676580,100,1911516744209793486,1910878116538703906,
The Fremont Bridge has closed to traffic at  07:21 PM on 04/12/2025,1911243245650395523,1911243245650395523,100,1911516744209793486,1910878116538703906,
The Fremont Bridge has reopened to traffic at  07:25 PM on 04/12/2025,1911244253092855852,1911244253092855852,100,1911516744209793486,1910878116538703906,
The Fremont Bridge has closed to traffic at  07:48 PM on 04/12/2025,1911250047360287016,1911250047360287016,100,1911516744209793486,1910878116538703906,
The Fremont Bridge has reopened to traffic at  07:52 PM on 04/12/2025,1911251054962053469,1911251054962053469,100,1911516744209793486,1910878116538703906,
The Ballard Bridge has closed to traffic at  08:09 PM on 04/12/2025,1911255274968748419,1911255274968748419,100,1911516744209793486,1910878116538703906,
The Ballard Bridge has reopened to traffic at  08:13 PM on 04/12/2025,1911256282692305246,1911256282692305246,100,1911516744209793486,1910878116538703906,
The Fremont Bridge has closed to traffic at  07:21 AM on 04/13/2025,1911424423539757243,1911424423539757243,100,1911516744209793486,1910878116538703906,
The Fremont Bridge has reopened to traffic at  07:25 AM on 04/13/2025,1911425431556833365,1911425431556833365,100,1911516744209793486,1910878116538703906,
The Fremont Bridge has closed to traffic at  08:16 AM on 04/13/2025,1911438274834350128,1911438274834350128,100,1911516744209793486,1910878116538703906,
The Fremont Bridge has reopened to traffic at  08:21 AM on 04/13/2025,1911439534522270052,1911439534522270052,100,1911516744209793486,1910878116538703906,
The Ballard Bridge has closed to traffic at  08:31 AM on 04/13/2025,1911442054539812914,1911442054539812914,100,1911516744209793486,1910878116538703906,
The Ballard Bridge has reopened to traffic at  08:36 AM on 04/13/2025,1911443314475204961,1911443314475204961,100,1911516744209793486,1910878116538703906,
The Ballard Bridge has closed to traffic at  09:22 AM on 04/13/2025,1911454899469959395,1911454899469959395,100,1911516744209793486,1910878116538703906,
The Ballard Bridge has reopened to traffic at  09:26 AM on 04/13/2025,1911455844824232376,1911455844824232376,100,1911516744209793486,1910878116538703906,
The Fremont Bridge has closed to traffic at  09:44 AM on 04/13/2025,1911460380506829051,1911460380506829051,100,1911516744209793486,1910878116538703906,
The Fremont Bridge has reopened to traffic at  09:49 AM on 04/13/2025,1911461640240775258,1911461640240775258,100,1911516744209793486,1910878116538703906,
The University Bridge has closed to traffic at  10:20 AM on 04/13/2025,1911469447887401431,1911469447887401431,100,1911516744209793486,1910878116538703906,
The University Bridge has reopened to traffic at  10:28 AM on 04/13/2025,1911471464139595946,1911471464139595946,100,1911516744209793486,1910878116538703906,
The Montlake Bridge has closed to traffic at  10:32 AM on 04/13/2025,1911472472051904957,1911472472051904957,100,1911516744209793486,1910878116538703906,
The Montlake Bridge has reopened to traffic at  10:38 AM on 04/13/2025,1911473983293173906,1911473983293173906,100,1911516744209793486,1910878116538703906,
The Fremont Bridge has closed to traffic at  11:59 AM on 04/13/2025,1911494381141369258,1911494381141369258,100,1911516744209793486,1910878116538703906,
The Fremont Bridge has reopened to traffic at  12:02 PM on 04/13/2025,1911495137449885839,1911495137449885839,100,1911516744209793486,1910878116538703906,
The University Bridge has closed to traffic at  12:16 PM on 04/13/2025,1911498664436027520,1911498664436027520,100,1911516744209793486,1910878116538703906,
The University Bridge has reopened to traffic at  12:20 PM on 04/13/2025,1911499672314618288,1911499672314618288,100,1911516744209793486,1910878116538703906,
The Montlake Bridge has closed to traffic at  12:41 PM on 04/13/2025,1911504962036580470,1911504962036580470,100,1911516744209793486,1910878116538703906,
The Montlake Bridge has reopened to traffic at  12:46 PM on 04/13/2025,1911506221573497146,1911506221573497146,100,1911516744209793486,1910878116538703906,
The University Bridge has closed to traffic at  12:55 PM on 04/13/2025,1911508489920250357,1911508489920250357,100,1911516744209793486,1910878116538703906,
The University Bridge has reopened to traffic at  01:02 PM on 04/13/2025,1911510254338081063,1911510254338081063,100,1911516744209793486,1910878116538703906,
The University Bridge has closed to traffic at  01:11 PM on 04/13/2025,1911512522303168559,1911512522303168559,100,1911516744209793486,1910878116538703906,
The University Bridge has reopened to traffic at  01:16 PM on 04/13/2025,1911513782108430750,1911513782108430750,100,1911516744209793486,1910878116538703906,
The Montlake Bridge has closed to traffic at  01:23 PM on 04/13/2025,1911515547277082732,1911515547277082732,100,1911516744209793486,1910878116538703906,
The Montlake Bridge has reopened to traffic at  01:28 PM on 04/13/2025,1911516744209793486,1911516744209793486,100,1911516744209793486,1910878116538703906,
The Ballard Bridge has closed to traffic at  01:29 PM on 04/13/2025,1911516996790780294,1911516996790780294,100,1912174360946688346,1911516996790780294,
The Ballard Bridge has reopened to traffic at  01:33 PM on 04/13/2025,1911518004908618143,1911518004908618143,100,1912174360946688346,1911516996790780294,
The Fremont Bridge has closed to traffic at  01:33 PM on 04/13/2025,1911518005567139845,1911518005567139845,100,1912174360946688346,1911516996790780294,
The Fremont Bridge has reopened to traffic at  01:37 PM on 04/13/2025,1911519013693169807,1911519013693169807,100,1912174360946688346,1911516996790780294,
The Fremont Bridge has closed to traffic at  01:46 PM on 04/13/2025,1911521281582784983,1911521281582784983,100,1912174360946688346,1911516996790780294,
The Fremont Bridge has reopened to traffic at  01:51 PM on 04/13/2025,1911522541216149590,1911522541216149590,100,1912174360946688346,1911516996790780294,
The University Bridge has closed to traffic at  02:04 PM on 04/13/2025,1911525816627876143,1911525816627876143,100,1912174360946688346,1911516996790780294,
The University Bridge has reopened to traffic at  02:09 PM on 04/13/2025,1911527076319867312,1911527076319867312,100,1912174360946688346,1911516996790780294,
The University Bridge has closed to traffic at  02:29 PM on 04/13/2025,1911532114215870875,1911532114215870875,100,1912174360946688346,1911516996790780294,
The University Bridge has reopened to traffic at  02:33 PM on 04/13/2025,1911533121964569017,1911533121964569017,100,1912174360946688346,1911516996790780294,
The Ballard Bridge has closed to traffic at  02:43 PM on 04/13/2025,1911535641608794405,1911535641608794405,100,1912174360946688346,1911516996790780294,
The Ballard Bridge has reopened to traffic at  02:48 PM on 04/13/2025,1911536901116350609,1911536901116350609,100,1912174360946688346,1911516996790780294,
The 1st Ave S Bridge has closed to traffic at  02:58 PM on 04/13/2025,1911539421280665920,1911539421280665920,100,1912174360946688346,1911516996790780294,
The Fremont Bridge has closed to traffic at  03:03 PM on 04/13/2025,1911540680935043436,1911540680935043436,100,1912174360946688346,1911516996790780294,
The 1st Ave S Bridge has reopened to traffic at  03:06 PM on 04/13/2025,1911541437033832680,1911541437033832680,100,1912174360946688346,1911516996790780294,
The Fremont Bridge has reopened to traffic at  03:07 PM on 04/13/2025,1911541689497297009,1911541689497297009,100,1912174360946688346,1911516996790780294,
The Ballard Bridge has closed to traffic at  03:49 PM on 04/13/2025,1911552268119196110,1911552268119196110,100,1912174360946688346,1911516996790780294,
The Fremont Bridge has closed to traffic at  03:50 PM on 04/13/2025,1911552520654118934,1911552520654118934,100,1912174360946688346,1911516996790780294,
The Ballard Bridge has reopened to traffic at  03:52 PM on 04/13/2025,1911553024792674743,1911553024792674743,100,1912174360946688346,1911516996790780294,
The Fremont Bridge has reopened to traffic at  03:54 PM on 04/13/2025,1911553529036079520,1911553529036079520,100,1912174360946688346,1911516996790780294,
The Fremont Bridge has closed to traffic at  04:06 PM on 04/13/2025,1911556553447989647,1911556553447989647,100,1912174360946688346,1911516996790780294,
The Fremont Bridge has reopened to traffic at  04:11 PM on 04/13/2025,1911557813215617235,1911557813215617235,100,1912174360946688346,1911516996790780294,
The Ballard Bridge has closed to traffic at  04:29 PM on 04/13/2025,1911562347547672873,1911562347547672873,100,1912174360946688346,1911516996790780294,
The Ballard Bridge has reopened to traffic at  04:36 PM on 04/13/2025,1911564111743234539,1911564111743234539,100,1912174360946688346,1911516996790780294,
The Ballard Bridge has closed to traffic at  05:16 PM on 04/13/2025,1911574123702083904,1911574123702083904,100,1912174360946688346,1911516996790780294,
The Ballard Bridge has reopened to traffic at  05:19 PM on 04/13/2025,1911574879985361183,1911574879985361183,100,1912174360946688346,1911516996790780294,
The Ballard Bridge has closed to traffic at  05:27 PM on 04/13/2025,1911576896996778163,1911576896996778163,100,1912174360946688346,1911516996790780294,
The Fremont Bridge has closed to traffic at  05:27 PM on 04/13/2025,1911576897722392791,1911576897722392791,100,1912174360946688346,1911516996790780294,
The Fremont Bridge has reopened to traffic at  05:30 PM on 04/13/2025,1911577653850571043,1911577653850571043,100,1912174360946688346,1911516996790780294,
The Ballard Bridge has reopened to traffic at  05:31 PM on 04/13/2025,1911577906406400358,1911577906406400358,100,1912174360946688346,1911516996790780294,
The Fremont Bridge has closed to traffic at  05:41 PM on 04/13/2025,1911580426042253332,1911580426042253332,100,1912174360946688346,1911516996790780294,
The Fremont Bridge has reopened to traffic at  05:45 PM on 04/13/2025,1911581433853849631,1911581433853849631,100,1912174360946688346,1911516996790780294,
The Ballard Bridge has closed to traffic at  05:48 PM on 04/13/2025,1911582190099476686,1911582190099476686,100,1912174360946688346,1911516996790780294,
The Ballard Bridge has reopened to traffic at  05:51 PM on 04/13/2025,1911582946110087428,1911582946110087428,100,1912174360946688346,1911516996790780294,
The University Bridge has closed to traffic at  05:57 PM on 04/13/2025,1911584457519198505,1911584457519198505,100,1912174360946688346,1911516996790780294,
The Montlake Bridge has closed to traffic at  05:59 PM on 04/13/2025,1911584961766769036,1911584961766769036,100,1912174360946688346,1911516996790780294,
The University Bridge has reopened to traffic at  06:03 PM on 04/13/2025,1911585969637126314,1911585969637126314,100,1912174360946688346,1911516996790780294,
The Montlake Bridge has reopened to traffic at  06:04 PM on 04/13/2025,1911586222272622842,1911586222272622842,100,1912174360946688346,1911516996790780294,
The University Bridge has closed to traffic at  06:09 PM on 04/13/2025,1911587481897623859,1911587481897623859,100,1912174360946688346,1911516996790780294,
The University Bridge has reopened to traffic at  06:13 PM on 04/13/2025,1911588489709187459,1911588489709187459,100,1912174360946688346,1911516996790780294,
The Ballard Bridge has closed to traffic at  06:16 PM on 04/13/2025,1911589245598265816,1911589245598265816,100,1912174360946688346,1911516996790780294,
The Ballard Bridge has reopened to traffic at  06:19 PM on 04/13/2025,1911590001566957972,1911590001566957972,100,1912174360946688346,1911516996790780294,
The Fremont Bridge has closed to traffic at  06:32 PM on 04/13/2025,1911593276735434790,1911593276735434790,100,1912174360946688346,1911516996790780294,
The Fremont Bridge has reopened to traffic at  06:36 PM on 04/13/2025,1911594284618219586,1911594284618219586,100,1912174360946688346,1911516996790780294,
The University Bridge has closed to traffic at  06:52 PM on 04/13/2025,1911598315294110098,1911598315294110098,100,1912174360946688346,1911516996790780294,
The University Bridge has reopened to traffic at  06:57 PM on 04/13/2025,1911599574948475069,1911599574948475069,100,1912174360946688346,1911516996790780294,
The Fremont Bridge has closed to traffic at  07:08 PM on 04/13/2025,1911602346292813890,1911602346292813890,100,1912174360946688346,1911516996790780294,
The Fremont Bridge has reopened to traffic at  07:13 PM on 04/13/2025,1911603605892739201,1911603605892739201,100,1912174360946688346,1911516996790780294,
The Ballard Bridge has closed to traffic at  07:21 PM on 04/13/2025,1911605623013146807,1911605623013146807,100,1912174360946688346,1911516996790780294,
The Ballard Bridge has reopened to traffic at  07:25 PM on 04/13/2025,1911606631000928272,1911606631000928272,100,1912174360946688346,1911516996790780294,
The 1st Ave S Bridge has closed to traffic at  01:57 AM on 04/14/2025,1911705275330949475,1911705275330949475,100,1912174360946688346,1911516996790780294,
The 1st Ave S Bridge has reopened to traffic at  03:14 AM on 04/14/2025,1911724665027829923,1911724665027829923,100,1912174360946688346,1911516996790780294,
The 1st Ave S Bridge has closed to traffic at  09:19 AM on 04/14/2025,1911816519584972995,1911816519584972995,100,1912174360946688346,1911516996790780294,
The 1st Ave S Bridge has reopened to traffic at  09:27 AM on 04/14/2025,1911818535828934965,1911818535828934965,100,1912174360946688346,1911516996790780294,
The Ballard Bridge has closed to traffic at  09:35 AM on 04/14/2025,1911820556841759060,1911820556841759060,100,1912174360946688346,1911516996790780294,
The Ballard Bridge has reopened to traffic at  09:40 AM on 04/14/2025,1911821771159773307,1911821771159773307,100,1912174360946688346,1911516996790780294,
The Fremont Bridge has closed to traffic at  09:48 AM on 04/14/2025,1911823787495923781,1911823787495923781,100,1912174360946688346,1911516996790780294,
The Fremont Bridge has reopened to traffic at  09:52 AM on 04/14/2025,1911824795496235439,1911824795496235439,100,1912174360946688346,1911516996790780294,
The 1st Ave S Bridge has closed to traffic at  10:11 AM on 04/14/2025,1911829581205557660,1911829581205557660,100,1912174360946688346,1911516996790780294,
The 1st Ave S Bridge has reopened to traffic at  10:26 AM on 04/14/2025,1911833360508334092,1911833360508334092,100,1912174360946688346,1911516996790780294,
The Fremont Bridge has closed to traffic at  11:14 AM on 04/14/2025,1911845449113251986,1911845449113251986,100,1912174360946688346,1911516996790780294,
The Fremont Bridge has reopened to traffic at  11:18 AM on 04/14/2025,1911846456979234829,1911846456979234829,100,1912174360946688346,1911516996790780294,
The Fremont Bridge has closed to traffic at  11:29 AM on 04/14/2025,1911849229120577972,1911849229120577972,100,1912174360946688346,1911516996790780294,
The Ballard Bridge has closed to traffic at  11:32 AM on 04/14/2025,1911849985118777625,1911849985118777625,100,1912174360946688346,1911516996790780294,
The Fremont Bridge has reopened to traffic at  11:34 AM on 04/14/2025,1911850489345343714,1911850489345343714,100,1912174360946688346,1911516996790780294,
The Ballard Bridge has reopened to traffic at  11:36 AM on 04/14/2025,1911850993681056027,1911850993681056027,100,1912174360946688346,1911516996790780294,
The Ballard Bridge has closed to traffic at  11:45 AM on 04/14/2025,1911853261893620125,1911853261893620125,100,1912174360946688346,1911516996790780294,
The Ballard Bridge has reopened to traffic at  11:50 AM on 04/14/2025,1911854521451495834,1911854521451495834,100,1912174360946688346,1911516996790780294,
The University Bridge has closed to traffic at  01:29 PM on 04/14/2025,1911879388116791416,1911879388116791416,100,1912174360946688346,1911516996790780294,
The University Bridge has reopened to traffic at  01:33 PM on 04/14/2025,1911880395970277860,1911880395970277860,100,1912174360946688346,1911516996790780294,
The Montlake Bridge has closed to traffic at  02:01 PM on 04/14/2025,1911887448205939059,1911887448205939059,100,1912174360946688346,1911516996790780294,
The Montlake Bridge has reopened to traffic at  02:06 PM on 04/14/2025,1911888707805643251,1911888707805643251,100,1912174360946688346,1911516996790780294,
The Ballard Bridge has closed to traffic at  03:01 PM on 04/14/2025,1911902558634889668,1911902558634889668,100,1912174360946688346,1911516996790780294,
The Montlake Bridge has closed to traffic at  03:01 PM on 04/14/2025,1911902559519785298,1911902559519785298,100,1912174360946688346,1911516996790780294,
The Montlake Bridge has reopened to traffic at  03:06 PM on 04/14/2025,1911903819148968403,1911903819148968403,100,1912174360946688346,1911516996790780294,
The Ballard Bridge has reopened to traffic at  03:07 PM on 04/14/2025,1911904071667036631,1911904071667036631,100,1912174360946688346,1911516996790780294,
The University Bridge has closed to traffic at  03:13 PM on 04/14/2025,1911905583193616447,1911905583193616447,100,1912174360946688346,1911516996790780294,
The University Bridge has reopened to traffic at  03:16 PM on 04/14/2025,1911906339489522117,1911906339489522117,100,1912174360946688346,1911516996790780294,
The Fremont Bridge has closed to traffic at  03:20 PM on 04/14/2025,1911907347485643080,1911907347485643080,100,1912174360946688346,1911516996790780294,
The Fremont Bridge has reopened to traffic at  03:27 PM on 04/14/2025,1911909112176144810,1911909112176144810,100,1912174360946688346,1911516996790780294,
The University Bridge has closed to traffic at  03:43 PM on 04/14/2025,1911913147289547173,1911913147289547173,100,1912174360946688346,1911516996790780294,
The University Bridge has reopened to traffic at  03:50 PM on 04/14/2025,1911914911715721253,1911914911715721253,100,1912174360946688346,1911516996790780294,
The Fremont Bridge has closed to traffic at  06:37 PM on 04/14/2025,1911956902805729631,1911956902805729631,100,1912174360946688346,1911516996790780294,
The Fremont Bridge has reopened to traffic at  06:41 PM on 04/14/2025,1911957910587945230,1911957910587945230,100,1912174360946688346,1911516996790780294,
The Fremont Bridge has closed to traffic at  06:48 PM on 04/14/2025,1911959675769094636,1911959675769094636,100,1912174360946688346,1911516996790780294,
The Fremont Bridge has reopened to traffic at  06:52 PM on 04/14/2025,1911960683719049591,1911960683719049591,100,1912174360946688346,1911516996790780294,
The 1st Ave S Bridge has closed to traffic at  07:17 PM on 04/14/2025,1911966980011180455,1911966980011180455,100,1912174360946688346,1911516996790780294,
The 1st Ave S Bridge has reopened to traffic at  07:29 PM on 04/14/2025,1911970004255252862,1911970004255252862,100,1912174360946688346,1911516996790780294,
The University Bridge has closed to traffic at  07:35 PM on 04/14/2025,1911971516008259651,1911971516008259651,100,1912174360946688346,1911516996790780294,
The University Bridge has reopened to traffic at  07:40 PM on 04/14/2025,1911972775759118470,1911972775759118470,100,1912174360946688346,1911516996790780294,
The Fremont Bridge has closed to traffic at  07:48 PM on 04/14/2025,1911974791717806439,1911974791717806439,100,1912174360946688346,1911516996790780294,
The Fremont Bridge has reopened to traffic at  07:54 PM on 04/14/2025,1911976303282037245,1911976303282037245,100,1912174360946688346,1911516996790780294,
The Ballard Bridge has closed to traffic at  08:01 PM on 04/14/2025,1911978068366831827,1911978068366831827,100,1912174360946688346,1911516996790780294,
The Ballard Bridge has reopened to traffic at  08:06 PM on 04/14/2025,1911979328117625140,1911979328117625140,100,1912174360946688346,1911516996790780294,
The 1st Ave S Bridge has closed to traffic at  08:47 PM on 04/14/2025,1911989652807909425,1911989652807909425,100,1912174360946688346,1911516996790780294,
The 1st Ave S Bridge has reopened to traffic at  08:55 PM on 04/14/2025,1911991669085340156,1911991669085340156,100,1912174360946688346,1911516996790780294,
The Fremont Bridge has closed to traffic at  09:14 PM on 04/14/2025,1911996455558001131,1911996455558001131,100,1912174360946688346,1911516996790780294,
The Fremont Bridge has reopened to traffic at  09:18 PM on 04/14/2025,1911997463344357654,1911997463344357654,100,1912174360946688346,1911516996790780294,
The Lower Spokane St Bridge has reopened to traffic at  06:42 AM on 04/15/2025,1912139359286870346,1912139359286870346,100,1912174360946688346,1911516996790780294,
The Fremont Bridge has closed to traffic at  09:01 AM on 04/15/2025,1912174360946688346,1912174360946688346,100,1912174360946688346,1911516996790780294,
The Fremont Bridge has reopened to traffic at  09:10 AM on 04/15/2025,1912176629104640036,1912176629104640036,100,1912951452793741519,1912176629104640036,
The Fremont Bridge has closed to traffic at  10:04 AM on 04/15/2025,1912190228040736995,1912190228040736995,100,1912951452793741519,1912176629104640036,
The Fremont Bridge has reopened to traffic at  10:10 AM on 04/15/2025,1912191739713953819,1912191739713953819,100,1912951452793741519,1912176629104640036,
The Fremont Bridge has closed to traffic at  10:27 AM on 04/15/2025,1912196022391955577,1912196022391955577,100,1912951452793741519,1912176629104640036,
The Fremont Bridge has reopened to traffic at  10:32 AM on 04/15/2025,1912197281891176878,1912197281891176878,100,1912951452793741519,1912176629104640036,
The Montlake Bridge has closed to traffic at  10:49 AM on 04/15/2025,1912201564481089580,1912201564481089580,100,1912951452793741519,1912176629104640036,
The Montlake Bridge has reopened to traffic at  10:51 AM on 04/15/2025,1912202069328515467,1912202069328515467,100,1912951452793741519,1912176629104640036,
The Montlake Bridge has closed to traffic at  10:55 AM on 04/15/2025,1912203077337182700,1912203077337182700,100,1912951452793741519,1912176629104640036,
The Montlake Bridge has reopened to traffic at  11:01 AM on 04/15/2025,1912204526045614324,1912204526045614324,100,1912951452793741519,1912176629104640036,
The Fremont Bridge has closed to traffic at  11:39 AM on 04/15/2025,1912214097325699546,1912214097325699546,100,1912951452793741519,1912176629104640036,
The Fremont Bridge has reopened to traffic at  11:43 AM on 04/15/2025,1912215105418240433,1912215105418240433,100,1912951452793741519,1912176629104640036,
The Fremont Bridge has closed to traffic at  11:59 AM on 04/15/2025,1912219135473246383,1912219135473246383,100,1912951452793741519,1912176629104640036,
The Fremont Bridge has reopened to traffic at  12:04 PM on 04/15/2025,1912220395421249850,1912220395421249850,100,1912951452793741519,1912176629104640036,
The University Bridge has closed to traffic at  12:37 PM on 04/15/2025,1912228706812068185,1912228706812068185,100,1912951452793741519,1912176629104640036,
The University Bridge has reopened to traffic at  12:41 PM on 04/15/2025,1912229714678198450,1912229714678198450,100,1912951452793741519,1912176629104640036,
The Ballard Bridge has closed to traffic at  12:46 PM on 04/15/2025,1912230974336745815,1912230974336745815,100,1912951452793741519,1912176629104640036,
The Fremont Bridge has closed to traffic at  12:47 PM on 04/15/2025,1912231226842194045,1912231226842194045,100,1912951452793741519,1912176629104640036,
The Ballard Bridge has reopened to traffic at  12:52 PM on 04/15/2025,1912232486609826173,1912232486609826173,100,1912951452793741519,1912176629104640036,
The Fremont Bridge has reopened to traffic at  12:54 PM on 04/15/2025,1912232990899417517,1912232990899417517,100,1912951452793741519,1912176629104640036,
The Montlake Bridge has closed to traffic at  01:01 PM on 04/15/2025,1912234756479062258,1912234756479062258,100,1912951452793741519,1912176629104640036,
The Montlake Bridge has reopened to traffic at  01:08 PM on 04/15/2025,1912236521060475150,1912236521060475150,100,1912951452793741519,1912176629104640036,
The University Bridge has closed to traffic at  01:12 PM on 04/15/2025,1912237528964370750,1912237528964370750,100,1912951452793741519,1912176629104640036,
The University Bridge has reopened to traffic at  01:17 PM on 04/15/2025,1912238788757070125,1912238788757070125,100,1912951452793741519,1912176629104640036,
The Fremont Bridge has closed to traffic at  01:23 PM on 04/15/2025,1912240300279374275,1912240300279374275,100,1912951452793741519,1912176629104640036,
The Fremont Bridge has reopened to traffic at  01:27 PM on 04/15/2025,1912241308082598079,1912241308082598079,100,1912951452793741519,1912176629104640036,
The Fremont Bridge has closed to traffic at  01:34 PM on 04/15/2025,1912243072261365951,1912243072261365951,100,1912951452793741519,1912176629104640036,
The Fremont Bridge has reopened to traffic at  01:40 PM on 04/15/2025,1912244583695548847,1912244583695548847,100,1912951452793741519,1912176629104640036,
The Ballard Bridge has closed to traffic at  01:53 PM on 04/15/2025,1912247859610595674,1912247859610595674,100,1912951452793741519,1912176629104640036,
The Ballard Bridge has reopened to traffic at  01:57 PM on 04/15/2025,1912248869326291043,1912248869326291043,100,1912951452793741519,1912176629104640036,
The 1st Ave S Bridge has closed to traffic at  02:08 PM on 04/15/2025,1912251640624660516,1912251640624660516,100,1912951452793741519,1912176629104640036,
The 1st Ave S Bridge has reopened to traffic at  02:13 PM on 04/15/2025,1912252900216090783,1912252900216090783,100,1912951452793741519,1912176629104640036,
The Ballard Bridge has closed to traffic at  02:40 PM on 04/15/2025,1912259700361429269,1912259700361429269,100,1912951452793741519,1912176629104640036,
The Ballard Bridge has reopened to traffic at  02:44 PM on 04/15/2025,1912260707971702875,1912260707971702875,100,1912951452793741519,1912176629104640036,
The Ballard Bridge has closed to traffic at  03:06 PM on 04/15/2025,1912266186533839290,1912266186533839290,100,1912951452793741519,1912176629104640036,
The Ballard Bridge has reopened to traffic at  03:12 PM on 04/15/2025,1912267698156826740,1912267698156826740,100,1912951452793741519,1912176629104640036,
The Fremont Bridge has closed to traffic at  03:24 PM on 04/15/2025,1912270721469817164,1912270721469817164,100,1912951452793741519,1912176629104640036,
The Fremont Bridge has reopened to traffic at  03:30 PM on 04/15/2025,1912272233520652310,1912272233520652310,100,1912951452793741519,1912176629104640036,
The University Bridge has closed to traffic at  03:42 PM on 04/15/2025,1912275257165037731,1912275257165037731,100,1912951452793741519,1912176629104640036,
The University Bridge has reopened to traffic at  03:49 PM on 04/15/2025,1912277021742219417,1912277021742219417,100,1912951452793741519,1912176629104640036,
The Fremont Bridge has closed to traffic at  06:30 PM on 04/15/2025,1912317564471963722,1912317564471963722,100,1912951452793741519,1912176629104640036,
The Fremont Bridge has reopened to traffic at  06:33 PM on 04/15/2025,1912318320491053512,1912318320491053512,100,1912951452793741519,1912176629104640036,
The University Bridge has closed to traffic at  07:24 PM on 04/15/2025,1912331163638657071,1912331163638657071,100,1912951452793741519,1912176629104640036,
The University Bridge has reopened to traffic at  07:29 PM on 04/15/2025,1912332423578218949,1912332423578218949,100,1912951452793741519,1912176629104640036,
The Fremont Bridge has closed to traffic at  07:41 PM on 04/15/2025,1912335447436546331,1912335447436546331,100,1912951452793741519,1912176629104640036,
The Fremont Bridge has reopened to traffic at  07:46 PM on 04/15/2025,1912336707103371276,1912336707103371276,100,1912951452793741519,1912176629104640036,
The Ballard Bridge has closed to traffic at  07:55 PM on 04/15/2025,1912338912367763904,1912338912367763904,100,1912951452793741519,1912176629104640036,
The Ballard Bridge has reopened to traffic at  07:59 PM on 04/15/2025,1912339920183587179,1912339920183587179,100,1912951452793741519,1912176629104640036,
The 1st Ave S Bridge has closed to traffic at  09:58 AM on 04/16/2025,1912551064735305994,1912551064735305994,100,1912951452793741519,1912176629104640036,
The 1st Ave S Bridge has reopened to traffic at  10:01 AM on 04/16/2025,1912551821316411604,1912551821316411604,100,1912951452793741519,1912176629104640036,
The Ballard Bridge has closed to traffic at  10:10 AM on 04/16/2025,1912554089524633943,1912554089524633943,100,1912951452793741519,1912176629104640036,
The Ballard Bridge has reopened to traffic at  10:15 AM on 04/16/2025,1912555349338468391,1912555349338468391,100,1912951452793741519,1912176629104640036,
The Fremont Bridge has closed to traffic at  10:29 AM on 04/16/2025,1912558876144054425,1912558876144054425,100,1912951452793741519,1912176629104640036,
The Fremont Bridge has reopened to traffic at  10:32 AM on 04/16/2025,1912559632171565411,1912559632171565411,100,1912951452793741519,1912176629104640036,
The Ballard Bridge has closed to traffic at  10:56 AM on 04/16/2025,1912565676968980592,1912565676968980592,100,1912951452793741519,1912176629104640036,
The Ballard Bridge has reopened to traffic at  10:59 AM on 04/16/2025,1912566433206210621,1912566433206210621,100,1912951452793741519,1912176629104640036,
The Fremont Bridge has closed to traffic at  11:11 AM on 04/16/2025,1912569456515035639,1912569456515035639,100,1912951452793741519,1912176629104640036,
The Fremont Bridge has reopened to traffic at  11:15 AM on 04/16/2025,1912570464527925644,1912570464527925644,100,1912951452793741519,1912176629104640036,
The University Bridge has closed to traffic at  11:30 AM on 04/16/2025,1912574243142836356,1912574243142836356,100,1912951452793741519,1912176629104640036,
The University Bridge has reopened to traffic at  11:34 AM on 04/16/2025,1912575251113816156,1912575251113816156,100,1912951452793741519,1912176629104640036,
The Fremont Bridge has closed to traffic at  12:19 PM on 04/16/2025,1912586583657640089,1912586583657640089,100,1912951452793741519,1912176629104640036,
The Fremont Bridge has reopened to traffic at  12:24 PM on 04/16/2025,1912587843500749229,1912587843500749229,100,1912951452793741519,1912176629104640036,
The Ballard Bridge has closed to traffic at  12:35 PM on 04/16/2025,1912590615495299383,1912590615495299383,100,1912951452793741519,1912176629104640036,
The Ballard Bridge has reopened to traffic at  12:40 PM on 04/16/2025,1912591875111858222,1912591875111858222,100,1912951452793741519,1912176629104640036,
The Ballard Bridge has closed to traffic at  01:46 PM on 04/16/2025,1912608495695794402,1912608495695794402,100,1912951452793741519,1912176629104640036,
The Ballard Bridge has reopened to traffic at  01:49 PM on 04/16/2025,1912609251731583059,1912609251731583059,100,1912951452793741519,1912176629104640036,
The Fremont Bridge has closed to traffic at  01:59 PM on 04/16/2025,1912611772328022117,1912611772328022117,100,1912951452793741519,1912176629104640036,
The Fremont Bridge has reopened to traffic at  02:03 PM on 04/16/2025,1912612717728244123,1912612717728244123,100,1912951452793741519,1912176629104640036,
The Fremont Bridge has closed to traffic at  02:49 PM on 04/16/2025,1912624303356391590,1912624303356391590,100,1912951452793741519,1912176629104640036,
The Fremont Bridge has reopened to traffic at  02:53 PM on 04/16/2025,1912625311172243725,1912625311172243725,100,1912951452793741519,1912176629104640036,
The Fremont Bridge has closed to traffic at  03:10 PM on 04/16/2025,1912629593355202936,1912629593355202936,100,1912951452793741519,1912176629104640036,
The Fremont Bridge has reopened to traffic at  03:14 PM on 04/16/2025,1912630602404164044,1912630602404164044,100,1912951452793741519,1912176629104640036,
The 1st Ave S Bridge has closed to traffic at  06:03 PM on 04/16/2025,1912673158303264786,1912673158303264786,100,1912951452793741519,1912176629104640036,
The 1st Ave S Bridge has reopened to traffic at  06:10 PM on 04/16/2025,1912674922716922233,1912674922716922233,100,1912951452793741519,1912176629104640036,
The University Bridge has closed to traffic at  06:44 PM on 04/16/2025,1912683485866733694,1912683485866733694,100,1912951452793741519,1912176629104640036,
The University Bridge has reopened to traffic at  06:48 PM on 04/16/2025,1912684493665612019,1912684493665612019,100,1912951452793741519,1912176629104640036,
The Montlake Bridge has closed to traffic at  07:01 PM on 04/16/2025,1912687768813076645,1912687768813076645,100,1912951452793741519,1912176629104640036,
The Montlake Bridge has reopened to traffic at  07:06 PM on 04/16/2025,1912689028232511556,1912689028232511556,100,1912951452793741519,1912176629104640036,
The Montlake Bridge has closed to traffic at  07:40 PM on 04/16/2025,1912697531126915432,1912697531126915432,100,1912951452793741519,1912176629104640036,
The Montlake Bridge has reopened to traffic at  07:44 PM on 04/16/2025,1912698539022360924,1912698539022360924,100,1912951452793741519,1912176629104640036,
The University Bridge has closed to traffic at  07:47 PM on 04/16/2025,1912699295058317424,1912699295058317424,100,1912951452793741519,1912176629104640036,
The University Bridge has reopened to traffic at  07:52 PM on 04/16/2025,1912700554792296604,1912700554792296604,100,1912951452793741519,1912176629104640036,
The Ballard Bridge has closed to traffic at  09:05 AM on 04/17/2025,1912900119281750452,1912900119281750452,100,1912951452793741519,1912176629104640036,
The Ballard Bridge has reopened to traffic at  09:10 AM on 04/17/2025,1912901378944479474,1912901378944479474,100,1912951452793741519,1912176629104640036,
The Fremont Bridge has closed to traffic at  09:20 AM on 04/17/2025,1912903898718777362,1912903898718777362,100,1912951452793741519,1912176629104640036,
The Fremont Bridge has reopened to traffic at  09:26 AM on 04/17/2025,1912905410392007071,1912905410392007071,100,1912951452793741519,1912176629104640036,
The University Bridge has closed to traffic at  09:35 AM on 04/17/2025,1912907678617161769,1912907678617161769,100,1912951452793741519,1912176629104640036,
The Ballard Bridge has closed to traffic at  09:37 AM on 04/17/2025,1912908182969532585,1912908182969532585,100,1912951452793741519,1912176629104640036,
The Ballard Bridge has reopened to traffic at  09:41 AM on 04/17/2025,1912909191007568211,1912909191007568211,100,1912951452793741519,1912176629104640036,
The University Bridge has reopened to traffic at  09:42 AM on 04/17/2025,1912909443802558798,1912909443802558798,100,1912951452793741519,1912176629104640036,
The Ballard Bridge has closed to traffic at  10:30 AM on 04/17/2025,1912921532134793580,1912921532134793580,100,1912951452793741519,1912176629104640036,
The Ballard Bridge has reopened to traffic at  10:34 AM on 04/17/2025,1912922539963097325,1912922539963097325,100,1912951452793741519,1912176629104640036,
The Fremont Bridge has closed to traffic at  10:36 AM on 04/17/2025,1912923044374290600,1912923044374290600,100,1912951452793741519,1912176629104640036,
The Fremont Bridge has reopened to traffic at  10:41 AM on 04/17/2025,1912924304028684687,1912924304028684687,100,1912951452793741519,1912176629104640036,
The Fremont Bridge has closed to traffic at  10:49 AM on 04/17/2025,1912926320318644630,1912926320318644630,100,1912951452793741519,1912176629104640036,
The Fremont Bridge has reopened to traffic at  10:53 AM on 04/17/2025,1912927328360923506,1912927328360923506,100,1912951452793741519,1912176629104640036,
The Ballard Bridge has closed to traffic at  12:09 PM on 04/17/2025,1912946474746266069,1912946474746266069,100,1912951452793741519,1912176629104640036,
The Ballard Bridge has reopened to traffic at  12:14 PM on 04/17/2025,1912947734690013417,1912947734690013417,100,1912951452793741519,1912176629104640036,
The 1st Ave S Bridge has closed to traffic at  12:25 PM on 04/17/2025,1912950443883241522,1912950443883241522,100,1912951452793741519,1912176629104640036,
The Fremont Bridge has closed to traffic at  12:25 PM on 04/17/2025,1912950444600570350,1912950444600570350,100,1912951452793741519,1912176629104640036,
The Fremont Bridge has reopened to traffic at  12:29 PM on 04/17/2025,1912951452793741519,1912951452793741519,100,1912951452793741519,1912176629104640036,
The University Bridge has closed to traffic at  12:34 PM on 04/17/2025,1912952712712343683,1912952712712343683,100,1913450782063468942,1912952712712343683,
The 1st Ave S Bridge has reopened to traffic at  12:38 PM on 04/17/2025,1912953720771338299,1912953720771338299,100,1913450782063468942,1912952712712343683,
The University Bridge has reopened to traffic at  12:38 PM on 04/17/2025,1912953721476067447,1912953721476067447,100,1913450782063468942,1912952712712343683,
The Montlake Bridge has closed to traffic at  01:01 PM on 04/17/2025,1912959515114258476,1912959515114258476,100,1913450782063468942,1912952712712343683,
The Montlake Bridge has reopened to traffic at  01:07 PM on 04/17/2025,1912961026603045275,1912961026603045275,100,1913450782063468942,1912952712712343683,
The University Bridge has closed to traffic at  01:10 PM on 04/17/2025,1912961782554960306,1912961782554960306,100,1913450782063468942,1912952712712343683,
The University Bridge has reopened to traffic at  01:15 PM on 04/17/2025,1912963042217775413,1912963042217775413,100,1913450782063468942,1912952712712343683,
The Fremont Bridge has closed to traffic at  01:28 PM on 04/17/2025,1912966317432246445,1912966317432246445,100,1913450782063468942,1912952712712343683,
The Fremont Bridge has reopened to traffic at  01:32 PM on 04/17/2025,1912967325260587148,1912967325260587148,100,1913450782063468942,1912952712712343683,
The University Bridge has closed to traffic at  01:35 PM on 04/17/2025,1912968081254601076,1912968081254601076,100,1913450782063468942,1912952712712343683,
The University Bridge has reopened to traffic at  01:38 PM on 04/17/2025,1912968837445660748,1912968837445660748,100,1913450782063468942,1912952712712343683,
The Ballard Bridge has closed to traffic at  01:45 PM on 04/17/2025,1912970601876054400,1912970601876054400,100,1913450782063468942,1912952712712343683,
The Ballard Bridge has reopened to traffic at  01:49 PM on 04/17/2025,1912971609855369568,1912971609855369568,100,1913450782063468942,1912952712712343683,
The University Bridge has closed to traffic at  01:51 PM on 04/17/2025,1912972114350461188,1912972114350461188,100,1913450782063468942,1912952712712343683,
The University Bridge has reopened to traffic at  01:55 PM on 04/17/2025,1912973122103312886,1912973122103312886,100,1913450782063468942,1912952712712343683,
The Fremont Bridge has closed to traffic at  01:56 PM on 04/17/2025,1912973374629740864,1912973374629740864,100,1913450782063468942,1912952712712343683,
The Fremont Bridge has reopened to traffic at  02:00 PM on 04/17/2025,1912974382474965420,1912974382474965420,100,1913450782063468942,1912952712712343683,
The Fremont Bridge has closed to traffic at  02:09 PM on 04/17/2025,1912976650498695545,1912976650498695545,100,1913450782063468942,1912952712712343683,
The University Bridge has closed to traffic at  02:11 PM on 04/17/2025,1912977154893107654,1912977154893107654,100,1913450782063468942,1912952712712343683,
The Fremont Bridge has reopened to traffic at  02:13 PM on 04/17/2025,1912977659182596389,1912977659182596389,100,1913450782063468942,1912952712712343683,
The University Bridge has reopened to traffic at  02:15 PM on 04/17/2025,1912978163526758514,1912978163526758514,100,1913450782063468942,1912952712712343683,
The Ballard Bridge has closed to traffic at  02:24 PM on 04/17/2025,1912980431680504273,1912980431680504273,100,1913450782063468942,1912952712712343683,
The Ballard Bridge has reopened to traffic at  02:28 PM on 04/17/2025,1912981439592661169,1912981439592661169,100,1913450782063468942,1912952712712343683,
The Montlake Bridge has closed to traffic at  02:31 PM on 04/17/2025,1912982196048064801,1912982196048064801,100,1913450782063468942,1912952712712343683,
The Montlake Bridge has reopened to traffic at  02:37 PM on 04/17/2025,1912983707616489736,1912983707616489736,100,1913450782063468942,1912952712712343683,
The Ballard Bridge has closed to traffic at  03:21 PM on 04/17/2025,1912994788476862640,1912994788476862640,100,1913450782063468942,1912952712712343683,
The Ballard Bridge has reopened to traffic at  03:25 PM on 04/17/2025,1912995796208746890,1912995796208746890,100,1913450782063468942,1912952712712343683,
The Ballard Bridge has closed to traffic at  06:03 PM on 04/17/2025,1913035522810819070,1913035522810819070,100,1913450782063468942,1912952712712343683,
The Ballard Bridge has reopened to traffic at  06:07 PM on 04/17/2025,1913036530668445706,1913036530668445706,100,1913450782063468942,1912952712712343683,
The University Bridge has closed to traffic at  07:38 PM on 04/17/2025,1913059447724728452,1913059447724728452,100,1913450782063468942,1912952712712343683,
The University Bridge has reopened to traffic at  07:44 PM on 04/17/2025,1913060959297425745,1913060959297425745,100,1913450782063468942,1912952712712343683,
The Fremont Bridge has closed to traffic at  07:52 PM on 04/17/2025,1913062975444828552,1913062975444828552,100,1913450782063468942,1912952712712343683,
The Fremont Bridge has reopened to traffic at  07:59 PM on 04/17/2025,1913064741007774064,1913064741007774064,100,1913450782063468942,1912952712712343683,
The Ballard Bridge has closed to traffic at  08:06 PM on 04/17/2025,1913066506360959263,1913066506360959263,100,1913450782063468942,1912952712712343683,
The Ballard Bridge has reopened to traffic at  08:10 PM on 04/17/2025,1913067514201776192,1913067514201776192,100,1913450782063468942,1912952712712343683,
The Ballard Bridge has closed to traffic at  08:36 PM on 04/17/2025,1913074063423000978,1913074063423000978,100,1913450782063468942,1912952712712343683,
The Ballard Bridge has reopened to traffic at  08:40 PM on 04/17/2025,1913075071280685123,1913075071280685123,100,1913450782063468942,1912952712712343683,
The Ballard Bridge has closed to traffic at  09:23 PM on 04/17/2025,1913085837912248409,1913085837912248409,100,1913450782063468942,1912952712712343683,
The Ballard Bridge has reopened to traffic at  09:27 PM on 04/17/2025,1913086845887381884,1913086845887381884,100,1913450782063468942,1912952712712343683,
The Lower Spokane St Bridge has reopened to traffic at  04:42 AM on 04/18/2025,1913196334024130921,1913196334024130921,100,1913450782063468942,1912952712712343683,
The 1st Ave S Bridge has closed to traffic at  05:44 AM on 04/18/2025,1913211946322514128,1913211946322514128,100,1913450782063468942,1912952712712343683,
The 1st Ave S Bridge has reopened to traffic at  05:55 AM on 04/18/2025,1913214718195503226,1913214718195503226,100,1913450782063468942,1912952712712343683,
The Fremont Bridge has closed to traffic at  06:14 AM on 04/18/2025,1913219504575783375,1913219504575783375,100,1913450782063468942,1912952712712343683,
The Fremont Bridge has reopened to traffic at  06:20 AM on 04/18/2025,1913221016022622301,1913221016022622301,100,1913450782063468942,1912952712712343683,
The University Bridge has closed to traffic at  06:48 AM on 04/18/2025,1913228068023304592,1913228068023304592,100,1913450782063468942,1912952712712343683,
The University Bridge has reopened to traffic at  06:54 AM on 04/18/2025,1913229579600228820,1913229579600228820,100,1913450782063468942,1912952712712343683,
The Montlake Bridge has closed to traffic at  06:55 AM on 04/18/2025,1913229832076304857,1913229832076304857,100,1913450782063468942,1912952712712343683,
The Montlake Bridge has reopened to traffic at  07:01 AM on 04/18/2025,1913231343497986106,1913231343497986106,100,1913450782063468942,1912952712712343683,
The Fremont Bridge has closed to traffic at  09:13 AM on 04/18/2025,1913264520807542831,1913264520807542831,100,1913450782063468942,1912952712712343683,
The Fremont Bridge has reopened to traffic at  09:17 AM on 04/18/2025,1913265528677822893,1913265528677822893,100,1913450782063468942,1912952712712343683,
The Fremont Bridge has closed to traffic at  09:40 AM on 04/18/2025,1913271321275858996,1913271321275858996,100,1913450782063468942,1912952712712343683,
The Fremont Bridge has reopened to traffic at  09:44 AM on 04/18/2025,1913272329116790815,1913272329116790815,100,1913450782063468942,1912952712712343683,
The 1st Ave S Bridge has closed to traffic at  09:45 AM on 04/18/2025,1913272581517386122,1913272581517386122,100,1913450782063468942,1912952712712343683,
The 1st Ave S Bridge has reopened to traffic at  09:54 AM on 04/18/2025,1913274850057085219,1913274850057085219,100,1913450782063468942,1912952712712343683,
The Ballard Bridge has closed to traffic at  09:55 AM on 04/18/2025,1913275102524760195,1913275102524760195,100,1913450782063468942,1912952712712343683,
The Fremont Bridge has closed to traffic at  09:55 AM on 04/18/2025,1913275103535571366,1913275103535571366,100,1913450782063468942,1912952712712343683,
The Ballard Bridge has reopened to traffic at  09:59 AM on 04/18/2025,1913276111242338405,1913276111242338405,100,1913450782063468942,1912952712712343683,
The Fremont Bridge has reopened to traffic at  10:01 AM on 04/18/2025,1913276615502475356,1913276615502475356,100,1913450782063468942,1912952712712343683,
The Ballard Bridge has closed to traffic at  10:17 AM on 04/18/2025,1913280645981233589,1913280645981233589,100,1913450782063468942,1912952712712343683,
The University Bridge has closed to traffic at  10:18 AM on 04/18/2025,1913280898457362533,1913280898457362533,100,1913450782063468942,1912952712712343683,
The Ballard Bridge has reopened to traffic at  10:21 AM on 04/18/2025,1913281654547677624,1913281654547677624,100,1913450782063468942,1912952712712343683,
The University Bridge has reopened to traffic at  10:22 AM on 04/18/2025,1913281907065844153,1913281907065844153,100,1913450782063468942,1912952712712343683,
The Fremont Bridge has closed to traffic at  10:23 AM on 04/18/2025,1913282159432826936,1913282159432826936,100,1913450782063468942,1912952712712343683,
The Fremont Bridge has reopened to traffic at  10:28 AM on 04/18/2025,1913283419284373895,1913283419284373895,100,1913450782063468942,1912952712712343683,
The 1st Ave S Bridge has closed to traffic at  11:04 AM on 04/18/2025,1913292485293453503,1913292485293453503,100,1913450782063468942,1912952712712343683,
The 1st Ave S Bridge has reopened to traffic at  11:06 AM on 04/18/2025,1913292989469782024,1913292989469782024,100,1913450782063468942,1912952712712343683,
The Ballard Bridge has closed to traffic at  11:10 AM on 04/18/2025,1913293997256134952,1913293997256134952,100,1913450782063468942,1912952712712343683,
The 1st Ave S Bridge has closed to traffic at  11:12 AM on 04/18/2025,1913294501537370450,1913294501537370450,100,1913450782063468942,1912952712712343683,
The Ballard Bridge has reopened to traffic at  11:14 AM on 04/18/2025,1913295005898228154,1913295005898228154,100,1913450782063468942,1912952712712343683,
The 1st Ave S Bridge has reopened to traffic at  11:16 AM on 04/18/2025,1913295510175174934,1913295510175174934,100,1913450782063468942,1912952712712343683,
The Ballard Bridge has closed to traffic at  11:21 AM on 04/18/2025,1913296769842131192,1913296769842131192,100,1913450782063468942,1912952712712343683,
The Ballard Bridge has reopened to traffic at  11:25 AM on 04/18/2025,1913297777846612433,1913297777846612433,100,1913450782063468942,1912952712712343683,
The Fremont Bridge has closed to traffic at  11:25 AM on 04/18/2025,1913297778526068746,1913297778526068746,100,1913450782063468942,1912952712712343683,
The Fremont Bridge has reopened to traffic at  11:29 AM on 04/18/2025,1913298786350236156,1913298786350236156,100,1913450782063468942,1912952712712343683,
The Fremont Bridge has closed to traffic at  12:13 PM on 04/18/2025,1913309868284314101,1913309868284314101,100,1913450782063468942,1912952712712343683,
The Fremont Bridge has reopened to traffic at  12:18 PM on 04/18/2025,1913311128085578207,1913311128085578207,100,1913450782063468942,1912952712712343683,
The Fremont Bridge has closed to traffic at  01:33 PM on 04/18/2025,1913329952793018551,1913329952793018551,100,1913450782063468942,1912952712712343683,
The Fremont Bridge has reopened to traffic at  01:38 PM on 04/18/2025,1913331212543815891,1913331212543815891,100,1913450782063468942,1912952712712343683,
The Fremont Bridge has closed to traffic at  02:45 PM on 04/18/2025,1913348086534983854,1913348086534983854,100,1913450782063468942,1912952712712343683,
The University Bridge has closed to traffic at  02:45 PM on 04/18/2025,1913348087348601327,1913348087348601327,100,1913450782063468942,1912952712712343683,
The University Bridge has reopened to traffic at  02:49 PM on 04/18/2025,1913349095248232897,1913349095248232897,100,1913450782063468942,1912952712712343683,
The Fremont Bridge has reopened to traffic at  02:50 PM on 04/18/2025,1913349347745419324,1913349347745419324,100,1913450782063468942,1912952712712343683,
The Ballard Bridge has closed to traffic at  03:05 PM on 04/18/2025,1913353127685726598,1913353127685726598,100,1913450782063468942,1912952712712343683,
The Fremont Bridge has closed to traffic at  03:09 PM on 04/18/2025,1913354135597940918,1913354135597940918,100,1913450782063468942,1912952712712343683,
The Ballard Bridge has reopened to traffic at  03:10 PM on 04/18/2025,1913354388082409839,1913354388082409839,100,1913450782063468942,1912952712712343683,
The Fremont Bridge has reopened to traffic at  03:13 PM on 04/18/2025,1913355144202252646,1913355144202252646,100,1913450782063468942,1912952712712343683,
The Fremont Bridge has closed to traffic at  03:22 PM on 04/18/2025,1913357411932414284,1913357411932414284,100,1913450782063468942,1912952712712343683,
The Ballard Bridge has closed to traffic at  03:23 PM on 04/18/2025,1913357664412749953,1913357664412749953,100,1913450782063468942,1912952712712343683,
The Ballard Bridge has reopened to traffic at  03:26 PM on 04/18/2025,1913358420654117032,1913358420654117032,100,1913450782063468942,1912952712712343683,
The Fremont Bridge has reopened to traffic at  03:26 PM on 04/18/2025,1913358421337817131,1913358421337817131,100,1913450782063468942,1912952712712343683,
The Ballard Bridge has closed to traffic at  06:00 PM on 04/18/2025,1913397140673511474,1913397140673511474,100,1913450782063468942,1912952712712343683,
The Ballard Bridge has reopened to traffic at  06:05 PM on 04/18/2025,1913398400298463384,1913398400298463384,100,1913450782063468942,1912952712712343683,
The Fremont Bridge has closed to traffic at  06:09 PM on 04/18/2025,1913399408101577096,1913399408101577096,100,1913450782063468942,1912952712712343683,
The Fremont Bridge has reopened to traffic at  06:13 PM on 04/18/2025,1913400415980343641,1913400415980343641,100,1913450782063468942,1912952712712343683,
The Fremont Bridge has closed to traffic at  06:18 PM on 04/18/2025,1913401675676516547,1913401675676516547,100,1913450782063468942,1912952712712343683,
The Fremont Bridge has reopened to traffic at  06:24 PM on 04/18/2025,1913403187437981773,1913403187437981773,100,1913450782063468942,1912952712712343683,
The University Bridge has closed to traffic at  06:39 PM on 04/18/2025,1913406966363303944,1913406966363303944,100,1913450782063468942,1912952712712343683,
The University Bridge has reopened to traffic at  06:44 PM on 04/18/2025,1913408226122510505,1913408226122510505,100,1913450782063468942,1912952712712343683,
The Fremont Bridge has closed to traffic at  09:29 PM on 04/18/2025,1913449774142914992,1913449774142914992,100,1913450782063468942,1912952712712343683,
The Fremont Bridge has reopened to traffic at  09:33 PM on 04/18/2025,1913450782063468942,1913450782063468942,100,1913450782063468942,1912952712712343683,
The Ballard Bridge has closed to traffic at  06:32 AM on 04/19/2025,1913586416048648419,1913586416048648419,100,1913706930616390082,1912976650498695545,
The Ballard Bridge has reopened to traffic at  06:39 AM on 04/19/2025,1913588180424511937,1913588180424511937,100,1913706930616390082,1912976650498695545,
The Ballard Bridge has closed to traffic at  07:49 AM on 04/19/2025,1913605808836817218,1913605808836817218,100,1913706930616390082,1912976650498695545,
The Ballard Bridge has reopened to traffic at  07:54 AM on 04/19/2025,1913607068709192180,1913607068709192180,100,1913706930616390082,1912976650498695545,
The 1st Ave S Bridge has closed to traffic at  10:42 AM on 04/19/2025,1913649311381872814,1913649311381872814,100,1913706930616390082,1912976650498695545,
The 1st Ave S Bridge has reopened to traffic at  10:50 AM on 04/19/2025,1913651327567020239,1913651327567020239,100,1913706930616390082,1912976650498695545,
The 1st Ave S Bridge has closed to traffic at  11:31 AM on 04/19/2025,1913661653494771768,1913661653494771768,100,1913706930616390082,1912976650498695545,
The Fremont Bridge has closed to traffic at  11:31 AM on 04/19/2025,1913661654224547987,1913661654224547987,100,1913706930616390082,1912976650498695545,
The Fremont Bridge has reopened to traffic at  11:35 AM on 04/19/2025,1913662662098944436,1913662662098944436,100,1913706930616390082,1912976650498695545,
The 1st Ave S Bridge has reopened to traffic at  11:41 AM on 04/19/2025,1913664173621342445,1913664173621342445,100,1913706930616390082,1912976650498695545,
The University Bridge has closed to traffic at  12:58 PM on 04/19/2025,1913683567281918177,1913683567281918177,100,1913706930616390082,1912976650498695545,
The Fremont Bridge has closed to traffic at  01:00 PM on 04/19/2025,1913684071663743175,1913684071663743175,100,1913706930616390082,1912976650498695545,
The University Bridge has reopened to traffic at  01:03 PM on 04/19/2025,1913684827728990400,1913684827728990400,100,1913706930616390082,1912976650498695545,
The Fremont Bridge has reopened to traffic at  01:05 PM on 04/19/2025,1913685332001804464,1913685332001804464,100,1913706930616390082,1912976650498695545,
The Ballard Bridge has closed to traffic at  02:16 PM on 04/19/2025,1913703150566908155,1913703150566908155,100,1913706930616390082,1912976650498695545,
The Ballard Bridge has reopened to traffic at  02:21 PM on 04/19/2025,1913704410452046024,1913704410452046024,100,1913706930616390082,1912976650498695545,
The Fremont Bridge has closed to traffic at  02:31 PM on 04/19/2025,1913706930616390082,1913706930616390082,100,1913706930616390082,1912976650498695545,
The Fremont Bridge has reopened to traffic at  02:35 PM on 04/19/2025,1913707938675335211,1913707938675335211,100,1914493110094098830,1913707938675335211,
The Ballard Bridge has closed to traffic at  03:46 PM on 04/19/2025,1913725820444590525,1913725820444590525,100,1914493110094098830,1913707938675335211,
The Ballard Bridge has reopened to traffic at  03:50 PM on 04/19/2025,1913726828310626369,1913726828310626369,100,1914493110094098830,1913707938675335211,
The Fremont Bridge has closed to traffic at  04:03 PM on 04/19/2025,1913730103198048385,1913730103198048385,100,1914493110094098830,1913707938675335211,
The Fremont Bridge has reopened to traffic at  04:06 PM on 04/19/2025,1913730859208675827,1913730859208675827,100,1914493110094098830,1913707938675335211,
The University Bridge has closed to traffic at  04:21 PM on 04/19/2025,1913734637882404935,1913734637882404935,100,1914493110094098830,1913707938675335211,
The University Bridge has reopened to traffic at  04:25 PM on 04/19/2025,1913735645828092008,1913735645828092008,100,1914493110094098830,1913707938675335211,
The Ballard Bridge has closed to traffic at  04:26 PM on 04/19/2025,1913735898207863036,1913735898207863036,100,1914493110094098830,1913707938675335211,
The Ballard Bridge has reopened to traffic at  04:29 PM on 04/19/2025,1913736654268879273,1913736654268879273,100,1914493110094098830,1913707938675335211,
The Montlake Bridge has closed to traffic at  04:29 PM on 04/19/2025,1913736654944108890,1913736654944108890,100,1914493110094098830,1913707938675335211,
The Montlake Bridge has reopened to traffic at  04:34 PM on 04/19/2025,1913737914585960536,1913737914585960536,100,1914493110094098830,1913707938675335211,
The Fremont Bridge has closed to traffic at  04:45 PM on 04/19/2025,1913740686194540993,1913740686194540993,100,1914493110094098830,1913707938675335211,
The Fremont Bridge has reopened to traffic at  04:49 PM on 04/19/2025,1913741693989355805,1913741693989355805,100,1914493110094098830,1913707938675335211,
The University Bridge has closed to traffic at  05:02 PM on 04/19/2025,1913744969023488316,1913744969023488316,100,1914493110094098830,1913707938675335211,
The University Bridge has reopened to traffic at  05:06 PM on 04/19/2025,1913745976847630420,1913745976847630420,100,1914493110094098830,1913707938675335211,
The Fremont Bridge has closed to traffic at  05:09 PM on 04/19/2025,1913746732896108721,1913746732896108721,100,1914493110094098830,1913707938675335211,
The Montlake Bridge has closed to traffic at  05:10 PM on 04/19/2025,1913746985355534717,1913746985355534717,100,1914493110094098830,1913707938675335211,
The Fremont Bridge has reopened to traffic at  05:13 PM on 04/19/2025,1913747741441733114,1913747741441733114,100,1914493110094098830,1913707938675335211,
The Montlake Bridge has reopened to traffic at  05:15 PM on 04/19/2025,1913748245676798151,1913748245676798151,100,1914493110094098830,1913707938675335211,
The Ballard Bridge has closed to traffic at  05:22 PM on 04/19/2025,1913750010249773463,1913750010249773463,100,1914493110094098830,1913707938675335211,
The Ballard Bridge has reopened to traffic at  05:26 PM on 04/19/2025,1913751018128502935,1913751018128502935,100,1914493110094098830,1913707938675335211,
The Fremont Bridge has closed to traffic at  06:17 PM on 04/19/2025,1913763861544435998,1913763861544435998,100,1914493110094098830,1913707938675335211,
The Fremont Bridge has reopened to traffic at  06:21 PM on 04/19/2025,1913764869444161817,1913764869444161817,100,1914493110094098830,1913707938675335211,
The Montlake Bridge has closed to traffic at  06:34 PM on 04/19/2025,1913768081991553419,1913768081991553419,100,1914493110094098830,1913707938675335211,
The Montlake Bridge has reopened to traffic at  06:40 PM on 04/19/2025,1913769593639784733,1913769593639784733,100,1914493110094098830,1913707938675335211,
The Fremont Bridge has closed to traffic at  06:44 PM on 04/19/2025,1913770601459654879,1913770601459654879,100,1914493110094098830,1913707938675335211,
The University Bridge has closed to traffic at  06:45 PM on 04/19/2025,1913770854049046746,1913770854049046746,100,1914493110094098830,1913707938675335211,
The Fremont Bridge has reopened to traffic at  06:48 PM on 04/19/2025,1913771610240151609,1913771610240151609,100,1914493110094098830,1913707938675335211,
The University Bridge has reopened to traffic at  06:49 PM on 04/19/2025,1913771862783398043,1913771862783398043,100,1914493110094098830,1913707938675335211,
The Fremont Bridge has closed to traffic at  07:05 PM on 04/19/2025,1913775893555691611,1913775893555691611,100,1914493110094098830,1913707938675335211,
The Fremont Bridge has reopened to traffic at  07:09 PM on 04/19/2025,1913776901606301975,1913776901606301975,100,1914493110094098830,1913707938675335211,
The Ballard Bridge has closed to traffic at  07:21 PM on 04/19/2025,1913779925443629253,1913779925443629253,100,1914493110094098830,1913707938675335211,
The Ballard Bridge has reopened to traffic at  07:24 PM on 04/19/2025,1913780681378869698,1913780681378869698,100,1914493110094098830,1913707938675335211,
The University Bridge has closed to traffic at  09:04 AM on 04/20/2025,1913987041856995335,1913987041856995335,100,1914493110094098830,1913707938675335211,
The Fremont Bridge has closed to traffic at  09:06 AM on 04/20/2025,1913987546125660567,1913987546125660567,100,1914493110094098830,1913707938675335211,
The University Bridge has reopened to traffic at  09:08 AM on 04/20/2025,1913988050515853533,1913988050515853533,100,1914493110094098830,1913707938675335211,
The Fremont Bridge has reopened to traffic at  09:10 AM on 04/20/2025,1913988554683781559,1913988554683781559,100,1914493110094098830,1913707938675335211,
The Ballard Bridge has closed to traffic at  09:11 AM on 04/20/2025,1913988807361200476,1913988807361200476,100,1914493110094098830,1913707938675335211,
The Montlake Bridge has closed to traffic at  09:11 AM on 04/20/2025,1913988808036561272,1913988808036561272,100,1914493110094098830,1913707938675335211,
The Ballard Bridge has reopened to traffic at  09:15 AM on 04/20/2025,1913989816099684850,1913989816099684850,100,1914493110094098830,1913707938675335211,
The Montlake Bridge has reopened to traffic at  09:17 AM on 04/20/2025,1913990320301166721,1913990320301166721,100,1914493110094098830,1913707938675335211,
The Montlake Bridge has closed to traffic at  11:26 AM on 04/20/2025,1914022808817959158,1914022808817959158,100,1914493110094098830,1913707938675335211,
The Montlake Bridge has reopened to traffic at  11:31 AM on 04/20/2025,1914024068572918009,1914024068572918009,100,1914493110094098830,1913707938675335211,
The Fremont Bridge has closed to traffic at  01:35 PM on 04/20/2025,1914055234709553298,1914055234709553298,100,1914493110094098830,1913707938675335211,
The Fremont Bridge has reopened to traffic at  01:39 PM on 04/20/2025,1914056242781171738,1914056242781171738,100,1914493110094098830,1913707938675335211,
The Montlake Bridge has closed to traffic at  02:10 PM on 04/20/2025,1914064051933499750,1914064051933499750,100,1914493110094098830,1913707938675335211,
The Fremont Bridge has closed to traffic at  02:14 PM on 04/20/2025,1914065059900162135,1914065059900162135,100,1914493110094098830,1913707938675335211,
The Montlake Bridge has reopened to traffic at  02:16 PM on 04/20/2025,1914065564160471352,1914065564160471352,100,1914493110094098830,1913707938675335211,
The University Bridge has closed to traffic at  02:18 PM on 04/20/2025,1914066068596793503,1914066068596793503,100,1914493110094098830,1913707938675335211,
The Fremont Bridge has reopened to traffic at  02:20 PM on 04/20/2025,1914066572890558660,1914066572890558660,100,1914493110094098830,1913707938675335211,
The University Bridge has reopened to traffic at  02:23 PM on 04/20/2025,1914067328968319213,1914067328968319213,100,1914493110094098830,1913707938675335211,
The Ballard Bridge has closed to traffic at  02:32 PM on 04/20/2025,1914069597076029590,1914069597076029590,100,1914493110094098830,1913707938675335211,
The Ballard Bridge has reopened to traffic at  02:37 PM on 04/20/2025,1914070856784916595,1914070856784916595,100,1914493110094098830,1913707938675335211,
The Fremont Bridge has closed to traffic at  02:47 PM on 04/20/2025,1914073376273916139,1914073376273916139,100,1914493110094098830,1913707938675335211,
The Fremont Bridge has reopened to traffic at  02:50 PM on 04/20/2025,1914074132389446004,1914074132389446004,100,1914493110094098830,1913707938675335211,
The University Bridge has closed to traffic at  03:04 PM on 04/20/2025,1914077659434295547,1914077659434295547,100,1914493110094098830,1913707938675335211,
The Ballard Bridge has closed to traffic at  03:05 PM on 04/20/2025,1914077911889432615,1914077911889432615,100,1914493110094098830,1913707938675335211,
The University Bridge has reopened to traffic at  03:07 PM on 04/20/2025,1914078416170525010,1914078416170525010,100,1914493110094098830,1913707938675335211,
The Ballard Bridge has reopened to traffic at  03:09 PM on 04/20/2025,1914078920409821511,1914078920409821511,100,1914493110094098830,1913707938675335211,
The Fremont Bridge has closed to traffic at  03:26 PM on 04/20/2025,1914083204199305528,1914083204199305528,100,1914493110094098830,1913707938675335211,
The Fremont Bridge has reopened to traffic at  03:30 PM on 04/20/2025,1914084212186972505,1914084212186972505,100,1914493110094098830,1913707938675335211,
The Ballard Bridge has closed to traffic at  05:36 PM on 04/20/2025,1914115880960540817,1914115880960540817,100,1914493110094098830,1913707938675335211,
The Ballard Bridge has reopened to traffic at  05:40 PM on 04/20/2025,1914116888839196841,1914116888839196841,100,1914493110094098830,1913707938675335211,
The Fremont Bridge has closed to traffic at  05:53 PM on 04/20/2025,1914120164074782818,1914120164074782818,100,1914493110094098830,1913707938675335211,
The Fremont Bridge has reopened to traffic at  05:57 PM on 04/20/2025,1914121172016353469,1914121172016353469,100,1914493110094098830,1913707938675335211,
The Montlake Bridge has closed to traffic at  09:36 PM on 04/20/2025,1914176320600256542,1914176320600256542,100,1914493110094098830,1913707938675335211,
The Montlake Bridge has reopened to traffic at  09:42 PM on 04/20/2025,1914177832420331931,1914177832420331931,100,1914493110094098830,1913707938675335211,
The Lower Spokane St Bridge has reopened to traffic at  10:42 PM on 04/20/2025,1914192881440510151,1914192881440510151,100,1914493110094098830,1913707938675335211,
The Ballard Bridge has closed to traffic at  09:02 AM on 04/21/2025,1914348951806882149,1914348951806882149,100,1914493110094098830,1913707938675335211,
The Fremont Bridge has closed to traffic at  09:02 AM on 04/21/2025,1914348952658362819,1914348952658362819,100,1914493110094098830,1913707938675335211,
The Ballard Bridge has reopened to traffic at  09:07 AM on 04/21/2025,1914350212211949680,1914350212211949680,100,1914493110094098830,1913707938675335211,
The Fremont Bridge has reopened to traffic at  09:08 AM on 04/21/2025,1914350464675488158,1914350464675488158,100,1914493110094098830,1913707938675335211,
The Ballard Bridge has closed to traffic at  09:16 AM on 04/21/2025,1914352481313665230,1914352481313665230,100,1914493110094098830,1913707938675335211,
The Ballard Bridge has reopened to traffic at  09:20 AM on 04/21/2025,1914353489792180420,1914353489792180420,100,1914493110094098830,1913707938675335211,
The Ballard Bridge has closed to traffic at  09:59 AM on 04/21/2025,1914363252911251544,1914363252911251544,100,1914493110094098830,1913707938675335211,
The Ballard Bridge has reopened to traffic at  10:02 AM on 04/21/2025,1914364009123283126,1914364009123283126,100,1914493110094098830,1913707938675335211,
The 1st Ave S Bridge has closed to traffic at  10:11 AM on 04/21/2025,1914366278002762206,1914366278002762206,100,1914493110094098830,1913707938675335211,
The Ballard Bridge has closed to traffic at  10:13 AM on 04/21/2025,1914366782388715694,1914366782388715694,100,1914493110094098830,1913707938675335211,
The Ballard Bridge has reopened to traffic at  10:16 AM on 04/21/2025,1914367539045339237,1914367539045339237,100,1914493110094098830,1913707938675335211,
The 1st Ave S Bridge has reopened to traffic at  10:20 AM on 04/21/2025,1914368547326750725,1914368547326750725,100,1914493110094098830,1913707938675335211,
The Fremont Bridge has closed to traffic at  10:31 AM on 04/21/2025,1914371320105549977,1914371320105549977,100,1914493110094098830,1913707938675335211,
The Fremont Bridge has reopened to traffic at  10:36 AM on 04/21/2025,1914372580296847792,1914372580296847792,100,1914493110094098830,1913707938675335211,
The 1st Ave S Bridge has closed to traffic at  11:02 AM on 04/21/2025,1914379134660149720,1914379134660149720,100,1914493110094098830,1913707938675335211,
The 1st Ave S Bridge has reopened to traffic at  11:07 AM on 04/21/2025,1914380394566213645,1914380394566213645,100,1914493110094098830,1913707938675335211,
The 1st Ave S Bridge has closed to traffic at  11:45 AM on 04/21/2025,1914389966089588829,1914389966089588829,100,1914493110094098830,1913707938675335211,
The 1st Ave S Bridge has reopened to traffic at  11:55 AM on 04/21/2025,1914392487193354417,1914392487193354417,100,1914493110094098830,1913707938675335211,
The Fremont Bridge has closed to traffic at  11:59 AM on 04/21/2025,1914393495155966001,1914393495155966001,100,1914493110094098830,1913707938675335211,
The Fremont Bridge has reopened to traffic at  12:04 PM on 04/21/2025,1914394754961322224,1914394754961322224,100,1914493110094098830,1913707938675335211,
The Ballard Bridge has closed to traffic at  12:27 PM on 04/21/2025,1914400548129853680,1914400548129853680,100,1914493110094098830,1913707938675335211,
The Ballard Bridge has reopened to traffic at  12:31 PM on 04/21/2025,1914401556054618195,1914401556054618195,100,1914493110094098830,1913707938675335211,
The Fremont Bridge has closed to traffic at  12:38 PM on 04/21/2025,1914403321114157487,1914403321114157487,100,1914493110094098830,1913707938675335211,
The Ballard Bridge has closed to traffic at  12:43 PM on 04/21/2025,1914404581217358224,1914404581217358224,100,1914493110094098830,1913707938675335211,
The Fremont Bridge has reopened to traffic at  12:44 PM on 04/21/2025,1914404833882231211,1914404833882231211,100,1914493110094098830,1913707938675335211,
The Ballard Bridge has reopened to traffic at  12:48 PM on 04/21/2025,1914405779685224614,1914405779685224614,100,1914493110094098830,1913707938675335211,
The Ballard Bridge has closed to traffic at  01:42 PM on 04/21/2025,1914419383130038408,1914419383130038408,100,1914493110094098830,1913707938675335211,
The Ballard Bridge has reopened to traffic at  01:46 PM on 04/21/2025,1914420391021265187,1914420391021265187,100,1914493110094098830,1913707938675335211,
The Fremont Bridge has closed to traffic at  02:08 PM on 04/21/2025,1914425932800036888,1914425932800036888,100,1914493110094098830,1913707938675335211,
The Fremont Bridge has reopened to traffic at  02:11 PM on 04/21/2025,1914426688970117444,1914426688970117444,100,1914493110094098830,1913707938675335211,
The Fremont Bridge has closed to traffic at  06:32 PM on 04/21/2025,1914492353571622997,1914492353571622997,100,1914493110094098830,1913707938675335211,
The Fremont Bridge has reopened to traffic at  06:35 PM on 04/21/2025,1914493110094098830,1914493110094098830,100,1914493110094098830,1913707938675335211,
The Ballard Bridge has closed to traffic at  09:01 AM on 04/22/2025,1914711073267101892,1914711073267101892,100,1914712334649471423,1913730859208675827,
The University Bridge has closed to traffic at  09:01 AM on 04/22/2025,1914711074026168780,1914711074026168780,100,1914712334649471423,1913730859208675827,
The Ballard Bridge has reopened to traffic at  09:06 AM on 04/22/2025,1914712333923795365,1914712333923795365,100,1914712334649471423,1913730859208675827,
The University Bridge has reopened to traffic at  09:06 AM on 04/22/2025,1914712334649471423,1914712334649471423,100,1914712334649471423,1913730859208675827,
The Fremont Bridge has closed to traffic at  09:14 AM on 04/22/2025,1914714376675746131,1914714376675746131,100,1915256937458942133,1914714376675746131,
The University Bridge has closed to traffic at  09:19 AM on 04/22/2025,1914715574795403748,1914715574795403748,100,1915256937458942133,1914714376675746131,
The Fremont Bridge has reopened to traffic at  09:20 AM on 04/22/2025,1914715827321950470,1914715827321950470,100,1915256937458942133,1914714376675746131,
The University Bridge has reopened to traffic at  09:23 AM on 04/22/2025,1914716583714226497,1914716583714226497,100,1915256937458942133,1914714376675746131,
The Ballard Bridge has closed to traffic at  10:03 AM on 04/22/2025,1914726659997028616,1914726659997028616,100,1915256937458942133,1914714376675746131,
The Fremont Bridge has closed to traffic at  10:07 AM on 04/22/2025,1914727701018968166,1914727701018968166,100,1915256937458942133,1914714376675746131,
The Ballard Bridge has reopened to traffic at  10:10 AM on 04/22/2025,1914728457109467379,1914728457109467379,100,1915256937458942133,1914714376675746131,
The Fremont Bridge has reopened to traffic at  10:11 AM on 04/22/2025,1914728709698814366,1914728709698814366,100,1915256937458942133,1914714376675746131,
The 1st Ave S Bridge has closed to traffic at  10:17 AM on 04/22/2025,1914730223028801747,1914730223028801747,100,1915256937458942133,1914714376675746131,
The 1st Ave S Bridge has reopened to traffic at  10:19 AM on 04/22/2025,1914730728698372506,1914730728698372506,100,1915256937458942133,1914714376675746131,
The 1st Ave S Bridge has closed to traffic at  11:24 AM on 04/22/2025,1914747045140635909,1914747045140635909,100,1915256937458942133,1914714376675746131,
The 1st Ave S Bridge has reopened to traffic at  11:27 AM on 04/22/2025,1914747801214374278,1914747801214374278,100,1915256937458942133,1914714376675746131,
The Fremont Bridge has closed to traffic at  11:31 AM on 04/22/2025,1914748809034293469,1914748809034293469,100,1915256937458942133,1914714376675746131,
The Fremont Bridge has reopened to traffic at  11:35 AM on 04/22/2025,1914749817055543794,1914749817055543794,100,1915256937458942133,1914714376675746131,
The University Bridge has closed to traffic at  11:55 AM on 04/22/2025,1914754854934675829,1914754854934675829,100,1915256937458942133,1914714376675746131,
The University Bridge has reopened to traffic at  11:59 AM on 04/22/2025,1914755862796660784,1914755862796660784,100,1915256937458942133,1914714376675746131,
The 1st Ave S Bridge has closed to traffic at  01:19 PM on 04/22/2025,1914776008701456440,1914776008701456440,100,1915256937458942133,1914714376675746131,
The 1st Ave S Bridge has reopened to traffic at  01:29 PM on 04/22/2025,1914778528429514859,1914778528429514859,100,1915256937458942133,1914714376675746131,
The Ballard Bridge has closed to traffic at  02:42 PM on 04/22/2025,1914796912093409749,1914796912093409749,100,1915256937458942133,1914714376675746131,
The Ballard Bridge has reopened to traffic at  02:45 PM on 04/22/2025,1914797668397621451,1914797668397621451,100,1915256937458942133,1914714376675746131,
The Fremont Bridge has closed to traffic at  03:37 PM on 04/22/2025,1914810700284723401,1914810700284723401,100,1915256937458942133,1914714376675746131,
The Fremont Bridge has reopened to traffic at  03:41 PM on 04/22/2025,1914811708368904207,1914811708368904207,100,1915256937458942133,1914714376675746131,
The Ballard Bridge has closed to traffic at  06:00 PM on 04/22/2025,1914846710125281582,1914846710125281582,100,1915256937458942133,1914714376675746131,
The Ballard Bridge has reopened to traffic at  06:06 PM on 04/22/2025,1914848221735653403,1914848221735653403,100,1915256937458942133,1914714376675746131,
The Fremont Bridge has closed to traffic at  06:13 PM on 04/22/2025,1914849986161918065,1914849986161918065,100,1915256937458942133,1914714376675746131,
The Fremont Bridge has reopened to traffic at  06:19 PM on 04/22/2025,1914851497780629703,1914851497780629703,100,1915256937458942133,1914714376675746131,
The University Bridge has closed to traffic at  06:30 PM on 04/22/2025,1914854269578019256,1914854269578019256,100,1915256937458942133,1914714376675746131,
The University Bridge has reopened to traffic at  06:35 PM on 04/22/2025,1914855529257504858,1914855529257504858,100,1915256937458942133,1914714376675746131,
The University Bridge has closed to traffic at  10:02 PM on 04/22/2025,1914907593803284927,1914907593803284927,100,1915256937458942133,1914714376675746131,
The University Bridge has reopened to traffic at  10:08 PM on 04/22/2025,1914909105602392065,1914909105602392065,100,1915256937458942133,1914714376675746131,
The Ballard Bridge has closed to traffic at  10:15 PM on 04/22/2025,1914910870171165075,1914910870171165075,100,1915256937458942133,1914714376675746131,
The Fremont Bridge has closed to traffic at  10:16 PM on 04/22/2025,1914911122693500932,1914911122693500932,100,1915256937458942133,1914714376675746131,
The Ballard Bridge has reopened to traffic at  10:20 PM on 04/22/2025,1914912130471481656,1914912130471481656,100,1915256937458942133,1914714376675746131,
The Fremont Bridge has reopened to traffic at  10:22 PM on 04/22/2025,1914912634782077158,1914912634782077158,100,1915256937458942133,1914714376675746131,
The Ballard Bridge has closed to traffic at  10:31 PM on 04/22/2025,1914914902663221630,1914914902663221630,100,1915256937458942133,1914714376675746131,
The Ballard Bridge has reopened to traffic at  10:35 PM on 04/22/2025,1914915910420201573,1914915910420201573,100,1915256937458942133,1914714376675746131,
The Fremont Bridge has closed to traffic at  06:29 AM on 04/23/2025,1915035203883422099,1915035203883422099,100,1915256937458942133,1914714376675746131,
The Fremont Bridge has reopened to traffic at  06:34 AM on 04/23/2025,1915036463873347674,1915036463873347674,100,1915256937458942133,1914714376675746131,
The 1st Ave S Bridge has closed to traffic at  09:07 AM on 04/23/2025,1915074992653406209,1915074992653406209,100,1915256937458942133,1914714376675746131,
The 1st Ave S Bridge has reopened to traffic at  09:15 AM on 04/23/2025,1915077008997904892,1915077008997904892,100,1915256937458942133,1914714376675746131,
The Fremont Bridge has closed to traffic at  09:20 AM on 04/23/2025,1915078268698468457,1915078268698468457,100,1915256937458942133,1914714376675746131,
The Fremont Bridge has reopened to traffic at  09:25 AM on 04/23/2025,1915079528537379264,1915079528537379264,100,1915256937458942133,1914714376675746131,
The University Bridge has closed to traffic at  09:29 AM on 04/23/2025,1915080536420123074,1915080536420123074,100,1915256937458942133,1914714376675746131,
The University Bridge has reopened to traffic at  09:33 AM on 04/23/2025,1915081544206602540,1915081544206602540,100,1915256937458942133,1914714376675746131,
The Fremont Bridge has closed to traffic at  09:42 AM on 04/23/2025,1915083749575872616,1915083749575872616,100,1915256937458942133,1914714376675746131,
The Fremont Bridge has reopened to traffic at  09:46 AM on 04/23/2025,1915084757521584296,1915084757521584296,100,1915256937458942133,1914714376675746131,
The University Bridge has closed to traffic at  10:12 AM on 04/23/2025,1915091306532995419,1915091306532995419,100,1915256937458942133,1914714376675746131,
The University Bridge has reopened to traffic at  10:16 AM on 04/23/2025,1915092314290036791,1915092314290036791,100,1915256937458942133,1914714376675746131,
The Fremont Bridge has closed to traffic at  10:27 AM on 04/23/2025,1915095086095835140,1915095086095835140,100,1915256937458942133,1914714376675746131,
The Fremont Bridge has reopened to traffic at  10:33 AM on 04/23/2025,1915096597395816560,1915096597395816560,100,1915256937458942133,1914714376675746131,
The 1st Ave S Bridge has closed to traffic at  10:37 AM on 04/23/2025,1915097605232603243,1915097605232603243,100,1915256937458942133,1914714376675746131,
The Ballard Bridge has closed to traffic at  10:45 AM on 04/23/2025,1915099621682036920,1915099621682036920,100,1915256937458942133,1914714376675746131,
The 1st Ave S Bridge has reopened to traffic at  10:47 AM on 04/23/2025,1915100126093115434,1915100126093115434,100,1915256937458942133,1914714376675746131,
The Ballard Bridge has reopened to traffic at  10:49 AM on 04/23/2025,1915100630424670448,1915100630424670448,100,1915256937458942133,1914714376675746131,
The University Bridge has closed to traffic at  10:53 AM on 04/23/2025,1915101638332711347,1915101638332711347,100,1915256937458942133,1914714376675746131,
The University Bridge has reopened to traffic at  10:57 AM on 04/23/2025,1915102646400143415,1915102646400143415,100,1915256937458942133,1914714376675746131,
The Fremont Bridge has closed to traffic at  11:22 AM on 04/23/2025,1915108943208009998,1915108943208009998,100,1915256937458942133,1914714376675746131,
The Fremont Bridge has reopened to traffic at  11:25 AM on 04/23/2025,1915109699235569687,1915109699235569687,100,1915256937458942133,1914714376675746131,
The 1st Ave S Bridge has closed to traffic at  11:31 AM on 04/23/2025,1915111210996978051,1915111210996978051,100,1915256937458942133,1914714376675746131,
The Ballard Bridge has closed to traffic at  11:34 AM on 04/23/2025,1915111967380980121,1915111967380980121,100,1915256937458942133,1914714376675746131,
The Ballard Bridge has reopened to traffic at  11:38 AM on 04/23/2025,1915112975272194403,1915112975272194403,100,1915256937458942133,1914714376675746131,
The 1st Ave S Bridge has reopened to traffic at  11:40 AM on 04/23/2025,1915113479524020626,1915113479524020626,100,1915256937458942133,1914714376675746131,
The 1st Ave S Bridge has closed to traffic at  12:20 PM on 04/23/2025,1915123553860538536,1915123553860538536,100,1915256937458942133,1914714376675746131,
The 1st Ave S Bridge has reopened to traffic at  12:24 PM on 04/23/2025,1915124561927880856,1915124561927880856,100,1915256937458942133,1914714376675746131,
The Ballard Bridge has closed to traffic at  01:39 PM on 04/23/2025,1915143448157458737,1915143448157458737,100,1915256937458942133,1914714376675746131,
The Ballard Bridge has reopened to traffic at  01:43 PM on 04/23/2025,1915144456069579165,1915144456069579165,100,1915256937458942133,1914714376675746131,
The Fremont Bridge has closed to traffic at  01:59 PM on 04/23/2025,1915148487236125069,1915148487236125069,100,1915256937458942133,1914714376675746131,
The Montlake Bridge has closed to traffic at  02:01 PM on 04/23/2025,1915148928749601032,1915148928749601032,100,1915256937458942133,1914714376675746131,
The Fremont Bridge has reopened to traffic at  02:02 PM on 04/23/2025,1915149181208928696,1915149181208928696,100,1915256937458942133,1914714376675746131,
The Montlake Bridge has reopened to traffic at  02:06 PM on 04/23/2025,1915150189410603460,1915150189410603460,100,1915256937458942133,1914714376675746131,
The University Bridge has closed to traffic at  02:10 PM on 04/23/2025,1915151197339631650,1915151197339631650,100,1915256937458942133,1914714376675746131,
The University Bridge has reopened to traffic at  02:16 PM on 04/23/2025,1915152708908060677,1915152708908060677,100,1915256937458942133,1914714376675746131,
The Fremont Bridge has closed to traffic at  02:32 PM on 04/23/2025,1915156739680247871,1915156739680247871,100,1915256937458942133,1914714376675746131,
The Fremont Bridge has reopened to traffic at  02:36 PM on 04/23/2025,1915157747701624993,1915157747701624993,100,1915256937458942133,1914714376675746131,
The Ballard Bridge has closed to traffic at  02:51 PM on 04/23/2025,1915161526677229732,1915161526677229732,100,1915256937458942133,1914714376675746131,
The Ballard Bridge has reopened to traffic at  02:58 PM on 04/23/2025,1915163291204124692,1915163291204124692,100,1915256937458942133,1914714376675746131,
The Ballard Bridge has closed to traffic at  03:04 PM on 04/23/2025,1915164802734755963,1915164802734755963,100,1915256937458942133,1914714376675746131,
The Ballard Bridge has reopened to traffic at  03:08 PM on 04/23/2025,1915165810714161391,1915165810714161391,100,1915256937458942133,1914714376675746131,
The Fremont Bridge has closed to traffic at  03:10 PM on 04/23/2025,1915166315293151555,1915166315293151555,100,1915256937458942133,1914714376675746131,
The Fremont Bridge has reopened to traffic at  03:17 PM on 04/23/2025,1915168079639650397,1915168079639650397,100,1915256937458942133,1914714376675746131,
The University Bridge has closed to traffic at  03:34 PM on 04/23/2025,1915172363475308865,1915172363475308865,100,1915256937458942133,1914714376675746131,
The University Bridge has reopened to traffic at  03:41 PM on 04/23/2025,1915174128128020670,1915174128128020670,100,1915256937458942133,1914714376675746131,
The Fremont Bridge has closed to traffic at  03:53 PM on 04/23/2025,1915177151877304751,1915177151877304751,100,1915256937458942133,1914714376675746131,
The Fremont Bridge has reopened to traffic at  03:57 PM on 04/23/2025,1915178159974105527,1915178159974105527,100,1915256937458942133,1914714376675746131,
The University Bridge has closed to traffic at  06:14 PM on 04/23/2025,1915212599982965079,1915212599982965079,100,1915256937458942133,1914714376675746131,
The University Bridge has reopened to traffic at  06:19 PM on 04/23/2025,1915213859687707116,1915213859687707116,100,1915256937458942133,1914714376675746131,
The Fremont Bridge has closed to traffic at  06:30 PM on 04/23/2025,1915216631153729723,1915216631153729723,100,1915256937458942133,1914714376675746131,
The Fremont Bridge has reopened to traffic at  06:35 PM on 04/23/2025,1915217890703220989,1915217890703220989,100,1915256937458942133,1914714376675746131,
The Ballard Bridge has closed to traffic at  06:44 PM on 04/23/2025,1915220158781575443,1915220158781575443,100,1915256937458942133,1914714376675746131,
The Ballard Bridge has reopened to traffic at  06:48 PM on 04/23/2025,1915221166555345199,1915221166555345199,100,1915256937458942133,1914714376675746131,
The Ballard Bridge has closed to traffic at  07:22 PM on 04/23/2025,1915229729742901563,1915229729742901563,100,1915256937458942133,1914714376675746131,
The Ballard Bridge has reopened to traffic at  07:27 PM on 04/23/2025,1915230989263004018,1915230989263004018,100,1915256937458942133,1914714376675746131,
The University Bridge has closed to traffic at  07:28 PM on 04/23/2025,1915231241802072089,1915231241802072089,100,1915256937458942133,1914714376675746131,
The University Bridge has reopened to traffic at  07:34 PM on 04/23/2025,1915232755333411128,1915232755333411128,100,1915256937458942133,1914714376675746131,
The Fremont Bridge has closed to traffic at  07:42 PM on 04/23/2025,1915234773653483898,1915234773653483898,100,1915256937458942133,1914714376675746131,
The Fremont Bridge has reopened to traffic at  07:48 PM on 04/23/2025,1915236284966097042,1915236284966097042,100,1915256937458942133,1914714376675746131,
The Fremont Bridge has closed to traffic at  08:31 PM on 04/23/2025,1915247113945973118,1915247113945973118,100,1915256937458942133,1914714376675746131,
The Fremont Bridge has reopened to traffic at  08:35 PM on 04/23/2025,1915248121887535503,1915248121887535503,100,1915256937458942133,1914714376675746131,
The Fremont Bridge has closed to traffic at  09:07 PM on 04/23/2025,1915256181448229108,1915256181448229108,100,1915256937458942133,1914714376675746131,
The Fremont Bridge has reopened to traffic at  09:10 PM on 04/23/2025,1915256937458942133,1915256937458942133,100,1915256937458942133,1914714376675746131,
The 1st Ave S Bridge has closed to traffic at  09:04 AM on 04/24/2025,1915436610230878525,1915436610230878525,74,1915608487456809429,1915436610230878525,
The Fremont Bridge has closed to traffic at  09:04 AM on 04/24/2025,1915436611061403987,1915436611061403987,74,1915608487456809429,1915436610230878525,
The Fremont Bridge has reopened to traffic at  09:10 AM on 04/24/2025,1915438122629804531,1915438122629804531,74,1915608487456809429,1915436610230878525,
The 1st Ave S Bridge has reopened to traffic at  09:11 AM on 04/24/2025,1915438375265341953,1915438375265341953,74,1915608487456809429,1915436610230878525,
The Ballard Bridge has closed to traffic at  09:21 AM on 04/24/2025,1915440894930546981,1915440894930546981,74,1915608487456809429,1915436610230878525,
The Ballard Bridge has reopened to traffic at  09:25 AM on 04/24/2025,1915441902888882648,1915441902888882648,74,1915608487456809429,1915436610230878525,
The Fremont Bridge has closed to traffic at  09:28 AM on 04/24/2025,1915442658941546632,1915442658941546632,74,1915608487456809429,1915436610230878525,
The Fremont Bridge has reopened to traffic at  09:33 AM on 04/24/2025,1915443918558134750,1915443918558134750,74,1915608487456809429,1915436610230878525,
The Fremont Bridge has closed to traffic at  09:57 AM on 04/24/2025,1915449964181794942,1915449964181794942,74,1915608487456809429,1915436610230878525,
The Fremont Bridge has reopened to traffic at  10:02 AM on 04/24/2025,1915451224133972097,1915451224133972097,74,1915608487456809429,1915436610230878525,
The Fremont Bridge has closed to traffic at  10:29 AM on 04/24/2025,1915458024329617771,1915458024329617771,74,1915608487456809429,1915436610230878525,
The Fremont Bridge has reopened to traffic at  10:33 AM on 04/24/2025,1915458969536979442,1915458969536979442,74,1915608487456809429,1915436610230878525,
The Fremont Bridge has closed to traffic at  10:52 AM on 04/24/2025,1915463755510542791,1915463755510542791,74,1915608487456809429,1915436610230878525,
The Fremont Bridge has reopened to traffic at  10:56 AM on 04/24/2025,1915464763565388214,1915464763565388214,74,1915608487456809429,1915436610230878525,
The Ballard Bridge has closed to traffic at  11:11 AM on 04/24/2025,1915468542301929949,1915468542301929949,74,1915608487456809429,1915436610230878525,
The Ballard Bridge has reopened to traffic at  11:15 AM on 04/24/2025,1915469550310588635,1915469550310588635,74,1915608487456809429,1915436610230878525,
The Montlake Bridge has closed to traffic at  11:17 AM on 04/24/2025,1915470056764399965,1915470056764399965,74,1915608487456809429,1915436610230878525,
The Ballard Bridge has closed to traffic at  11:21 AM on 04/24/2025,1915471064471060554,1915471064471060554,74,1915608487456809429,1915436610230878525,
The Montlake Bridge has reopened to traffic at  11:22 AM on 04/24/2025,1915471316943032340,1915471316943032340,74,1915608487456809429,1915436610230878525,
The Fremont Bridge has closed to traffic at  11:24 AM on 04/24/2025,1915471821215777107,1915471821215777107,74,1915608487456809429,1915436610230878525,
The Ballard Bridge has reopened to traffic at  11:25 AM on 04/24/2025,1915472073721290957,1915472073721290957,74,1915608487456809429,1915436610230878525,
The University Bridge has closed to traffic at  11:26 AM on 04/24/2025,1915472326390321453,1915472326390321453,74,1915608487456809429,1915436610230878525,
The Fremont Bridge has reopened to traffic at  11:28 AM on 04/24/2025,1915472830692548779,1915472830692548779,74,1915608487456809429,1915436610230878525,
The University Bridge has reopened to traffic at  11:30 AM on 04/24/2025,1915473335237939638,1915473335237939638,74,1915608487456809429,1915436610230878525,
The Fremont Bridge has closed to traffic at  11:37 AM on 04/24/2025,1915475099664240789,1915475099664240789,74,1915608487456809429,1915436610230878525,
The University Bridge has closed to traffic at  11:40 AM on 04/24/2025,1915475855758807441,1915475855758807441,74,1915608487456809429,1915436610230878525,
The Fremont Bridge has reopened to traffic at  11:42 AM on 04/24/2025,1915476360052589023,1915476360052589023,74,1915608487456809429,1915436610230878525,
The University Bridge has reopened to traffic at  11:45 AM on 04/24/2025,1915477116281377094,1915477116281377094,74,1915608487456809429,1915436610230878525,
The Fremont Bridge has closed to traffic at  11:52 AM on 04/24/2025,1915478881437417576,1915478881437417576,74,1915608487456809429,1915436610230878525,
The Fremont Bridge has reopened to traffic at  11:57 AM on 04/24/2025,1915480141116944674,1915480141116944674,74,1915608487456809429,1915436610230878525,
The Ballard Bridge has closed to traffic at  12:07 PM on 04/24/2025,1915482660899635658,1915482660899635658,74,1915608487456809429,1915436610230878525,
The University Bridge has closed to traffic at  12:07 PM on 04/24/2025,1915482661591691441,1915482661591691441,74,1915608487456809429,1915436610230878525,
The Ballard Bridge has reopened to traffic at  12:11 PM on 04/24/2025,1915483669436772355,1915483669436772355,74,1915608487456809429,1915436610230878525,
The Fremont Bridge has closed to traffic at  12:11 PM on 04/24/2025,1915483670242066680,1915483670242066680,74,1915608487456809429,1915436610230878525,
The University Bridge has reopened to traffic at  12:12 PM on 04/24/2025,1915483922651140190,1915483922651140190,74,1915608487456809429,1915436610230878525,
The Fremont Bridge has reopened to traffic at  12:15 PM on 04/24/2025,1915484678800146882,1915484678800146882,74,1915608487456809429,1915436610230878525,
The Fremont Bridge has closed to traffic at  12:28 PM on 04/24/2025,1915487954039923109,1915487954039923109,74,1915608487456809429,1915436610230878525,
The Fremont Bridge has reopened to traffic at  12:32 PM on 04/24/2025,1915488961960587304,1915488961960587304,74,1915608487456809429,1915436610230878525,
The Fremont Bridge has closed to traffic at  12:56 PM on 04/24/2025,1915495006950887748,1915495006950887748,74,1915608487456809429,1915436610230878525,
The Fremont Bridge has reopened to traffic at  01:00 PM on 04/24/2025,1915496014842155343,1915496014842155343,74,1915608487456809429,1915436610230878525,
The Fremont Bridge has closed to traffic at  01:29 PM on 04/24/2025,1915503318836629924,1915503318836629924,74,1915608487456809429,1915436610230878525,
The Fremont Bridge has reopened to traffic at  01:35 PM on 04/24/2025,1915504830270857596,1915504830270857596,74,1915608487456809429,1915436610230878525,
The Fremont Bridge has closed to traffic at  01:53 PM on 04/24/2025,1915509364250595693,1915509364250595693,74,1915608487456809429,1915436610230878525,
The Fremont Bridge has reopened to traffic at  01:58 PM on 04/24/2025,1915510561195835681,1915510561195835681,74,1915608487456809429,1915436610230878525,
The Fremont Bridge has closed to traffic at  02:26 PM on 04/24/2025,1915517614744289302,1915517614744289302,74,1915608487456809429,1915436610230878525,
The Fremont Bridge has reopened to traffic at  02:30 PM on 04/24/2025,1915518622618755566,1915518622618755566,74,1915608487456809429,1915436610230878525,
The Ballard Bridge has closed to traffic at  02:32 PM on 04/24/2025,1915519127076180091,1915519127076180091,74,1915608487456809429,1915436610230878525,
The Ballard Bridge has reopened to traffic at  02:35 PM on 04/24/2025,1915519883267248597,1915519883267248597,74,1915608487456809429,1915436610230878525,
The Fremont Bridge has closed to traffic at  02:44 PM on 04/24/2025,1915522151492313129,1915522151492313129,74,1915608487456809429,1915436610230878525,
The Fremont Bridge has reopened to traffic at  02:50 PM on 04/24/2025,1915523663098531863,1915523663098531863,74,1915608487456809429,1915436610230878525,
The Fremont Bridge has closed to traffic at  03:10 PM on 04/24/2025,1915528700809859447,1915528700809859447,74,1915608487456809429,1915436610230878525,
The Fremont Bridge has reopened to traffic at  03:13 PM on 04/24/2025,1915529456950640727,1915529456950640727,74,1915608487456809429,1915436610230878525,
The 1st Ave S Bridge has closed to traffic at  06:01 PM on 04/24/2025,1915571762932179254,1915571762932179254,74,1915608487456809429,1915436610230878525,
The Fremont Bridge has closed to traffic at  06:02 PM on 04/24/2025,1915572015395651853,1915572015395651853,74,1915608487456809429,1915436610230878525,
The Fremont Bridge has reopened to traffic at  06:06 PM on 04/24/2025,1915573023345606743,1915573023345606743,74,1915608487456809429,1915436610230878525,
The 1st Ave S Bridge has reopened to traffic at  06:08 PM on 04/24/2025,1915573527605846261,1915573527605846261,74,1915608487456809429,1915436610230878525,
The Fremont Bridge has closed to traffic at  06:13 PM on 04/24/2025,1915574787293798425,1915574787293798425,74,1915608487456809429,1915436610230878525,
The Fremont Bridge has reopened to traffic at  06:18 PM on 04/24/2025,1915576047032058151,1915576047032058151,74,1915608487456809429,1915436610230878525,
The Ballard Bridge has closed to traffic at  06:27 PM on 04/24/2025,1915578315089289279,1915578315089289279,74,1915608487456809429,1915436610230878525,
The Ballard Bridge has reopened to traffic at  06:33 PM on 04/24/2025,1915579826510975461,1915579826510975461,74,1915608487456809429,1915436610230878525,
The Fremont Bridge has closed to traffic at  06:42 PM on 04/24/2025,1915582094148874433,1915582094148874433,74,1915608487456809429,1915436610230878525,
The Fremont Bridge has reopened to traffic at  06:46 PM on 04/24/2025,1915583039154917575,1915583039154917575,74,1915608487456809429,1915436610230878525,
The Ballard Bridge has closed to traffic at  07:40 PM on 04/24/2025,1915596640733352328,1915596640733352328,74,1915608487456809429,1915436610230878525,
The Ballard Bridge has reopened to traffic at  07:45 PM on 04/24/2025,1915597900739989724,1915597900739989724,74,1915608487456809429,1915436610230878525,
The Fremont Bridge has closed to traffic at  07:55 PM on 04/24/2025,1915600420535255523,1915600420535255523,74,1915608487456809429,1915436610230878525,
The Fremont Bridge has reopened to traffic at  08:01 PM on 04/24/2025,1915601932074299545,1915601932074299545,74,1915608487456809429,1915436610230878525,
The Fremont Bridge has closed to traffic at  08:07 PM on 04/24/2025,1915603444326375645,1915603444326375645,74,1915608487456809429,1915436610230878525,
The Fremont Bridge has reopened to traffic at  08:11 PM on 04/24/2025,1915604452096037173,1915604452096037173,74,1915608487456809429,1915436610230878525,
The University Bridge has closed to traffic at  08:12 PM on 04/24/2025,1915604705394282694,1915604705394282694,74,1915608487456809429,1915436610230878525,
The University Bridge has reopened to traffic at  08:18 PM on 04/24/2025,1915606218116071803,1915606218116071803,74,1915608487456809429,1915436610230878525,
The Montlake Bridge has closed to traffic at  08:21 PM on 04/24/2025,1915606974575620260,1915606974575620260,74,1915608487456809429,1915436610230878525,
The Ballard Bridge has closed to traffic at  08:24 PM on 04/24/2025,1915607730670149728,1915607730670149728,74,1915608487456809429,1915436610230878525,
The Ballard Bridge has reopened to traffic at  08:27 PM on 04/24/2025,1915608486764781883,1915608486764781883,74,1915608487456809429,1915436610230878525,
The Montlake Bridge has reopened to traffic at  08:27 PM on 04/24/2025,1915608487456809429,1915608487456809429,74,1915608487456809429,1915436610230878525,
The University Bridge has closed to traffic at  06:15 AM on 04/25/2025,1915756489311920260,1915756489311920260,100,1915832937603359187,1915256181448229108,
The University Bridge has reopened to traffic at  06:21 AM on 04/25/2025,1915758000930755028,1915758000930755028,100,1915832937603359187,1915256181448229108,
The Montlake Bridge has closed to traffic at  06:26 AM on 04/25/2025,1915759260950049205,1915759260950049205,100,1915832937603359187,1915256181448229108,
The Montlake Bridge has reopened to traffic at  06:34 AM on 04/25/2025,1915761214560375125,1915761214560375125,100,1915832937603359187,1915256181448229108,
The Fremont Bridge has closed to traffic at  09:03 AM on 04/25/2025,1915798736816554390,1915798736816554390,100,1915832937603359187,1915256181448229108,
The 1st Ave S Bridge has closed to traffic at  09:08 AM on 04/25/2025,1915799996634431924,1915799996634431924,100,1915832937603359187,1915256181448229108,
The Fremont Bridge has reopened to traffic at  09:08 AM on 04/25/2025,1915799997339062599,1915799997339062599,100,1915832937603359187,1915256181448229108,
The 1st Ave S Bridge has reopened to traffic at  09:18 AM on 04/25/2025,1915802517302063476,1915802517302063476,100,1915832937603359187,1915256181448229108,
The Ballard Bridge has closed to traffic at  09:18 AM on 04/25/2025,1915802518124171383,1915802518124171383,100,1915832937603359187,1915256181448229108,
The Ballard Bridge has reopened to traffic at  09:22 AM on 04/25/2025,1915803526090879003,1915803526090879003,100,1915832937603359187,1915256181448229108,
The Ballard Bridge has closed to traffic at  09:31 AM on 04/25/2025,1915805794139881875,1915805794139881875,100,1915832937603359187,1915256181448229108,
The Ballard Bridge has reopened to traffic at  09:37 AM on 04/25/2025,1915807305435594889,1915807305435594889,100,1915832937603359187,1915256181448229108,
The Fremont Bridge has closed to traffic at  09:41 AM on 04/25/2025,1915808313385636204,1915808313385636204,100,1915832937603359187,1915256181448229108,
The Fremont Bridge has reopened to traffic at  09:45 AM on 04/25/2025,1915809321255940122,1915809321255940122,100,1915832937603359187,1915256181448229108,
The Fremont Bridge has closed to traffic at  10:26 AM on 04/25/2025,1915819646516691295,1915819646516691295,100,1915832937603359187,1915256181448229108,
The Fremont Bridge has reopened to traffic at  10:30 AM on 04/25/2025,1915820654529564901,1915820654529564901,100,1915832937603359187,1915256181448229108,
The Fremont Bridge has closed to traffic at  10:42 AM on 04/25/2025,1915823677867745344,1915823677867745344,100,1915832937603359187,1915256181448229108,
The Fremont Bridge has reopened to traffic at  10:48 AM on 04/25/2025,1915825189415162056,1915825189415162056,100,1915832937603359187,1915256181448229108,
The Ballard Bridge has closed to traffic at  10:59 AM on 04/25/2025,1915827960826728661,1915827960826728661,100,1915832937603359187,1915256181448229108,
The Ballard Bridge has reopened to traffic at  11:04 AM on 04/25/2025,1915829220451778722,1915829220451778722,100,1915832937603359187,1915256181448229108,
The Fremont Bridge has closed to traffic at  11:09 AM on 04/25/2025,1915830480080916836,1915830480080916836,100,1915832937603359187,1915256181448229108,
The 1st Ave S Bridge has closed to traffic at  11:11 AM on 04/25/2025,1915830984441815374,1915830984441815374,100,1915832937603359187,1915256181448229108,
The Fremont Bridge has reopened to traffic at  11:14 AM on 04/25/2025,1915831677760295322,1915831677760295322,100,1915832937603359187,1915256181448229108,
The 1st Ave S Bridge has reopened to traffic at  11:19 AM on 04/25/2025,1915832937603359187,1915832937603359187,100,1915832937603359187,1915256181448229108,
The Montlake Bridge has closed to traffic at  11:27 AM on 04/25/2025,1915834953998209033,1915834953998209033,100,1916142729400103297,1915834953998209033,
The Montlake Bridge has reopened to traffic at  11:37 AM on 04/25/2025,1915837473852096784,1915837473852096784,100,1916142729400103297,1915834953998209033,
The Fremont Bridge has closed to traffic at  11:41 AM on 04/25/2025,1915838486290010400,1915838486290010400,100,1916142729400103297,1915834953998209033,
The Fremont Bridge has reopened to traffic at  11:46 AM on 04/25/2025,1915839748238684176,1915839748238684176,100,1916142729400103297,1915834953998209033,
The Montlake Bridge has closed to traffic at  11:56 AM on 04/25/2025,1915842268864356637,1915842268864356637,100,1916142729400103297,1915834953998209033,
The Fremont Bridge has closed to traffic at  12:00 PM on 04/25/2025,1915843276852146644,1915843276852146644,100,1916142729400103297,1915834953998209033,
The Montlake Bridge has reopened to traffic at  12:02 PM on 04/25/2025,1915843781074522139,1915843781074522139,100,1916142729400103297,1915834953998209033,
The Fremont Bridge has reopened to traffic at  12:05 PM on 04/25/2025,1915844537148178756,1915844537148178756,100,1916142729400103297,1915834953998209033,
The University Bridge has closed to traffic at  12:06 PM on 04/25/2025,1915844789620113574,1915844789620113574,100,1916142729400103297,1915834953998209033,
The University Bridge has reopened to traffic at  12:12 PM on 04/25/2025,1915846301180198973,1915846301180198973,100,1916142729400103297,1915834953998209033,
The Montlake Bridge has closed to traffic at  12:33 PM on 04/25/2025,1915851590767878614,1915851590767878614,100,1916142729400103297,1915834953998209033,
The Fremont Bridge has closed to traffic at  12:38 PM on 04/25/2025,1915852850481004744,1915852850481004744,100,1916142729400103297,1915834953998209033,
The Montlake Bridge has reopened to traffic at  12:38 PM on 04/25/2025,1915852851236008398,1915852851236008398,100,1916142729400103297,1915834953998209033,
The Fremont Bridge has reopened to traffic at  12:43 PM on 04/25/2025,1915854110856810727,1915854110856810727,100,1916142729400103297,1915834953998209033,
The University Bridge has closed to traffic at  12:44 PM on 04/25/2025,1915854363374850522,1915854363374850522,100,1916142729400103297,1915834953998209033,
The University Bridge has reopened to traffic at  12:50 PM on 04/25/2025,1915855874754556113,1915855874754556113,100,1916142729400103297,1915834953998209033,
The Fremont Bridge has closed to traffic at  01:02 PM on 04/25/2025,1915858898440917441,1915858898440917441,100,1916142729400103297,1915834953998209033,
The Fremont Bridge has reopened to traffic at  01:07 PM on 04/25/2025,1915860158191652981,1915860158191652981,100,1916142729400103297,1915834953998209033,
The Montlake Bridge has closed to traffic at  01:15 PM on 04/25/2025,1915862174620168324,1915862174620168324,100,1916142729400103297,1915834953998209033,
The Ballard Bridge has closed to traffic at  01:17 PM on 04/25/2025,1915862678943170797,1915862678943170797,100,1916142729400103297,1915834953998209033,
The Ballard Bridge has reopened to traffic at  01:21 PM on 04/25/2025,1915863686842925359,1915863686842925359,100,1916142729400103297,1915834953998209033,
The Montlake Bridge has reopened to traffic at  01:21 PM on 04/25/2025,1915863687539179732,1915863687539179732,100,1916142729400103297,1915834953998209033,
The University Bridge has closed to traffic at  01:28 PM on 04/25/2025,1915865451936043515,1915865451936043515,100,1916142729400103297,1915834953998209033,
The University Bridge has reopened to traffic at  01:32 PM on 04/25/2025,1915866459806245358,1915866459806245358,100,1916142729400103297,1915834953998209033,
The Fremont Bridge has closed to traffic at  01:35 PM on 04/25/2025,1915867215896658374,1915867215896658374,100,1916142729400103297,1915834953998209033,
The Fremont Bridge has reopened to traffic at  01:40 PM on 04/25/2025,1915868475538522364,1915868475538522364,100,1916142729400103297,1915834953998209033,
The Montlake Bridge has closed to traffic at  01:41 PM on 04/25/2025,1915868727993643421,1915868727993643421,100,1916142729400103297,1915834953998209033,
The Montlake Bridge has reopened to traffic at  01:47 PM on 04/25/2025,1915870239234961831,1915870239234961831,100,1916142729400103297,1915834953998209033,
The Fremont Bridge has closed to traffic at  01:50 PM on 04/25/2025,1915870995384017314,1915870995384017314,100,1916142729400103297,1915834953998209033,
The Fremont Bridge has reopened to traffic at  01:54 PM on 04/25/2025,1915872003342393766,1915872003342393766,100,1916142729400103297,1915834953998209033,
The University Bridge has closed to traffic at  02:05 PM on 04/25/2025,1915874711948362234,1915874711948362234,100,1916142729400103297,1915834953998209033,
The Ballard Bridge has closed to traffic at  02:06 PM on 04/25/2025,1915874964500029892,1915874964500029892,100,1916142729400103297,1915834953998209033,
The Ballard Bridge has reopened to traffic at  02:09 PM on 04/25/2025,1915875721420906714,1915875721420906714,100,1916142729400103297,1915834953998209033,
The University Bridge has reopened to traffic at  02:10 PM on 04/25/2025,1915875974006133213,1915875974006133213,100,1916142729400103297,1915834953998209033,
The Fremont Bridge has closed to traffic at  02:24 PM on 04/25/2025,1915879501608690053,1915879501608690053,100,1916142729400103297,1915834953998209033,
The Fremont Bridge has reopened to traffic at  02:29 PM on 04/25/2025,1915880761208590495,1915880761208590495,100,1916142729400103297,1915834953998209033,
The Montlake Bridge has closed to traffic at  02:33 PM on 04/25/2025,1915881769338855796,1915881769338855796,100,1916142729400103297,1915834953998209033,
The Montlake Bridge has reopened to traffic at  02:39 PM on 04/25/2025,1915883280810860832,1915883280810860832,100,1916142729400103297,1915834953998209033,
The Ballard Bridge has closed to traffic at  02:40 PM on 04/25/2025,1915883533400232324,1915883533400232324,100,1916142729400103297,1915834953998209033,
The Ballard Bridge has reopened to traffic at  02:44 PM on 04/25/2025,1915884541157273636,1915884541157273636,100,1916142729400103297,1915834953998209033,
The University Bridge has closed to traffic at  02:48 PM on 04/25/2025,1915885549165936643,1915885549165936643,100,1916142729400103297,1915834953998209033,
The Ballard Bridge has closed to traffic at  02:49 PM on 04/25/2025,1915885801616876022,1915885801616876022,100,1916142729400103297,1915834953998209033,
The University Bridge has reopened to traffic at  02:53 PM on 04/25/2025,1915886809499775144,1915886809499775144,100,1916142729400103297,1915834953998209033,
The Ballard Bridge has reopened to traffic at  02:54 PM on 04/25/2025,1915887062059823452,1915887062059823452,100,1916142729400103297,1915834953998209033,
The Fremont Bridge has closed to traffic at  02:57 PM on 04/25/2025,1915887818078933047,1915887818078933047,100,1916142729400103297,1915834953998209033,
The Fremont Bridge has reopened to traffic at  03:01 PM on 04/25/2025,1915888826075041995,1915888826075041995,100,1916142729400103297,1915834953998209033,
The Ballard Bridge has closed to traffic at  03:12 PM on 04/25/2025,1915891597528502577,1915891597528502577,100,1916142729400103297,1915834953998209033,
The Ballard Bridge has reopened to traffic at  03:15 PM on 04/25/2025,1915892353744728470,1915892353744728470,100,1916142729400103297,1915834953998209033,
The Fremont Bridge has closed to traffic at  03:25 PM on 04/25/2025,1915894873728708936,1915894873728708936,100,1916142729400103297,1915834953998209033,
The Fremont Bridge has reopened to traffic at  03:29 PM on 04/25/2025,1915895881569636786,1915895881569636786,100,1916142729400103297,1915834953998209033,
The Ballard Bridge has closed to traffic at  03:42 PM on 04/25/2025,1915899158327656592,1915899158327656592,100,1916142729400103297,1915834953998209033,
The Ballard Bridge has reopened to traffic at  03:45 PM on 04/25/2025,1915899914476806323,1915899914476806323,100,1916142729400103297,1915834953998209033,
The Fremont Bridge has closed to traffic at  03:55 PM on 04/25/2025,1915902433961574483,1915902433961574483,100,1916142729400103297,1915834953998209033,
The Fremont Bridge has reopened to traffic at  03:58 PM on 04/25/2025,1915903189963985130,1915903189963985130,100,1916142729400103297,1915834953998209033,
The Ballard Bridge has closed to traffic at  06:01 PM on 04/25/2025,1915934163401687414,1915934163401687414,100,1916142729400103297,1915834953998209033,
The Fremont Bridge has closed to traffic at  06:01 PM on 04/25/2025,1915934164232139032,1915934164232139032,100,1916142729400103297,1915834953998209033,
The Ballard Bridge has reopened to traffic at  06:05 PM on 04/25/2025,1915935109221429481,1915935109221429481,100,1916142729400103297,1915834953998209033,
The Fremont Bridge has reopened to traffic at  06:06 PM on 04/25/2025,1915935361680687443,1915935361680687443,100,1916142729400103297,1915834953998209033,
The Fremont Bridge has closed to traffic at  06:14 PM on 04/25/2025,1915937378264293407,1915937378264293407,100,1916142729400103297,1915834953998209033,
The Fremont Bridge has reopened to traffic at  06:21 PM on 04/25/2025,1915939142946456004,1915939142946456004,100,1916142729400103297,1915834953998209033,
The University Bridge has closed to traffic at  06:30 PM on 04/25/2025,1915941411884556503,1915941411884556503,100,1916142729400103297,1915834953998209033,
The University Bridge has reopened to traffic at  06:36 PM on 04/25/2025,1915942923289464878,1915942923289464878,100,1916142729400103297,1915834953998209033,
The University Bridge has closed to traffic at  07:03 PM on 04/25/2025,1915949723392889240,1915949723392889240,100,1916142729400103297,1915834953998209033,
The Fremont Bridge has closed to traffic at  07:06 PM on 04/25/2025,1915950479432892490,1915950479432892490,100,1916142729400103297,1915834953998209033,
The University Bridge has reopened to traffic at  07:07 PM on 04/25/2025,1915950732005527844,1915950732005527844,100,1916142729400103297,1915834953998209033,
The Fremont Bridge has reopened to traffic at  07:11 PM on 04/25/2025,1915951739846398124,1915951739846398124,100,1916142729400103297,1915834953998209033,
The Montlake Bridge has closed to traffic at  07:19 PM on 04/25/2025,1915953756161683519,1915953756161683519,100,1916142729400103297,1915834953998209033,
The Ballard Bridge has closed to traffic at  07:20 PM on 04/25/2025,1915954008658731367,1915954008658731367,100,1916142729400103297,1915834953998209033,
The Fremont Bridge has closed to traffic at  07:20 PM on 04/25/2025,1915954009333973172,1915954009333973172,100,1916142729400103297,1915834953998209033,
The University Bridge has closed to traffic at  07:23 PM on 04/25/2025,1915954765424476564,1915954765424476564,100,1916142729400103297,1915834953998209033,
The Ballard Bridge has reopened to traffic at  07:24 PM on 04/25/2025,1915955017854455852,1915955017854455852,100,1916142729400103297,1915834953998209033,
The Montlake Bridge has reopened to traffic at  07:24 PM on 04/25/2025,1915955018600964338,1915955018600964338,100,1916142729400103297,1915834953998209033,
The Fremont Bridge has reopened to traffic at  07:25 PM on 04/25/2025,1915955271072915826,1915955271072915826,100,1916142729400103297,1915834953998209033,
The University Bridge has reopened to traffic at  07:26 PM on 04/25/2025,1915955523536441836,1915955523536441836,100,1916142729400103297,1915834953998209033,
The University Bridge has closed to traffic at  07:27 PM on 04/25/2025,1915955775920378138,1915955775920378138,100,1916142729400103297,1915834953998209033,
The University Bridge has reopened to traffic at  07:33 PM on 04/25/2025,1915957287824351275,1915957287824351275,100,1916142729400103297,1915834953998209033,
The Ballard Bridge has closed to traffic at  07:35 PM on 04/25/2025,1915957792038326754,1915957792038326754,100,1916142729400103297,1915834953998209033,
The Ballard Bridge has reopened to traffic at  07:38 PM on 04/25/2025,1915958548011302956,1915958548011302956,100,1916142729400103297,1915834953998209033,
The Fremont Bridge has closed to traffic at  07:40 PM on 04/25/2025,1915959052196102209,1915959052196102209,100,1916142729400103297,1915834953998209033,
The Fremont Bridge has reopened to traffic at  07:45 PM on 04/25/2025,1915960311972086111,1915960311972086111,100,1916142729400103297,1915834953998209033,
The Fremont Bridge has closed to traffic at  07:52 PM on 04/25/2025,1915962076402483472,1915962076402483472,100,1916142729400103297,1915834953998209033,
The Ballard Bridge has closed to traffic at  07:54 PM on 04/25/2025,1915962580729827617,1915962580729827617,100,1916142729400103297,1915834953998209033,
The Fremont Bridge has reopened to traffic at  07:57 PM on 04/25/2025,1915963336937681059,1915963336937681059,100,1916142729400103297,1915834953998209033,
The Fremont Bridge has closed to traffic at  08:16 PM on 04/25/2025,1915968122906906658,1915968122906906658,100,1916142729400103297,1915834953998209033,
The Fremont Bridge has reopened to traffic at  08:20 PM on 04/25/2025,1915969130924052792,1915969130924052792,100,1916142729400103297,1915834953998209033,
The Ballard Bridge has reopened to traffic at  08:54 PM on 04/25/2025,1915977693742371038,1915977693742371038,100,1916142729400103297,1915834953998209033,
The Fremont Bridge has closed to traffic at  09:27 PM on 04/25/2025,1915986004986470776,1915986004986470776,100,1916142729400103297,1915834953998209033,
The Fremont Bridge has reopened to traffic at  09:30 PM on 04/25/2025,1915986698162364876,1915986698162364876,100,1916142729400103297,1915834953998209033,
The Fremont Bridge has closed to traffic at  09:51 PM on 04/25/2025,1915991988597387642,1915991988597387642,100,1916142729400103297,1915834953998209033,
The Fremont Bridge has reopened to traffic at  09:55 PM on 04/25/2025,1915992996773843323,1915992996773843323,100,1916142729400103297,1915834953998209033,
The Ballard Bridge has closed to traffic at  10:47 PM on 04/25/2025,1916006092494041185,1916006092494041185,100,1916142729400103297,1915834953998209033,
The Ballard Bridge has reopened to traffic at  10:50 PM on 04/25/2025,1916006848563458497,1916006848563458497,100,1916142729400103297,1915834953998209033,
The Ballard Bridge has closed to traffic at  11:11 PM on 04/25/2025,1916012137723396493,1916012137723396493,100,1916142729400103297,1915834953998209033,
The Ballard Bridge has reopened to traffic at  11:21 PM on 04/25/2025,1916014657396949223,1916014657396949223,100,1916142729400103297,1915834953998209033,
The Ballard Bridge has closed to traffic at  11:25 PM on 04/25/2025,1916015665229529094,1916015665229529094,100,1916142729400103297,1915834953998209033,
The Ballard Bridge has reopened to traffic at  11:30 PM on 04/25/2025,1916016924946792669,1916016924946792669,100,1916142729400103297,1915834953998209033,
The Fremont Bridge has closed to traffic at  07:32 AM on 04/26/2025,1916138256023908443,1916138256023908443,100,1916142729400103297,1915834953998209033,
The Fremont Bridge has reopened to traffic at  07:37 AM on 04/26/2025,1916139515829276760,1916139515829276760,100,1916142729400103297,1915834953998209033,
The University Bridge has closed to traffic at  07:44 AM on 04/26/2025,1916141280469360644,1916141280469360644,100,1916142729400103297,1915834953998209033,
The University Bridge has reopened to traffic at  07:50 AM on 04/26/2025,1916142729400103297,1916142729400103297,100,1916142729400103297,1915834953998209033,