bridge,start_time,end_time,duration_minutes,day_of_week,hour_of_day
1st Ave S,2025-01-01 15:39:00,2025-01-01 15:49:00,10.0,Wednesday,15
1st Ave S,2025-01-02 11:38:00,2025-01-02 11:39:00,1.0,Thursday,11
1st Ave S,2025-01-02 13:05:00,2025-01-02 13:06:00,1.0,Thursday,13
1st Ave S,2025-01-02 13:31:00,2025-01-02 13:40:00,9.0,Thursday,13
1st Ave S,2025-01-02 13:54:00,2025-01-02 14:05:00,11.0,Thursday,13
1st Ave S,2025-01-03 10:12:00,2025-01-03 10:20:00,8.0,Friday,10
1st Ave S,2025-01-03 11:01:00,2025-01-03 11:02:00,1.0,Friday,11
1st Ave S,2025-01-03 11:26:00,2025-01-03 11:39:00,13.0,Friday,11
1st Ave S,2025-01-03 12:22:00,2025-01-03 12:33:00,11.0,Friday,12
1st Ave S,2025-01-03 14:15:00,2025-01-03 14:24:00,9.0,Friday,14
1st Ave S,2025-01-04 07:28:00,2025-01-04 07:36:00,8.0,Saturday,7
1st Ave S,2025-01-04 08:06:00,2025-01-04 08:13:00,7.0,Saturday,8
1st Ave S,2025-01-04 10:11:00,2025-01-04 10:21:00,10.0,Saturday,10
1st Ave S,2025-01-05 11:24:00,2025-01-05 11:33:00,9.0,Sunday,11
1st Ave S,2025-01-06 09:51:00,2025-01-06 09:58:00,7.0,Monday,9
1st Ave S,2025-01-07 09:48:00,2025-01-07 10:07:00,19.0,Tuesday,9
1st Ave S,2025-01-07 10:08:00,2025-01-07 10:09:00,1.0,Tuesday,10
1st Ave S,2025-01-07 10:24:00,2025-01-07 10:27:00,3.0,Tuesday,10
1st Ave S,2025-01-07 14:21:00,2025-01-07 14:37:00,16.0,Tuesday,14
1st Ave S,2025-01-08 10:52:00,2025-01-08 10:55:00,3.0,Wednesday,10
1st Ave S,2025-01-09 03:44:00,2025-01-09 03:47:00,3.0,Thursday,3
1st Ave S,2025-01-09 04:06:00,2025-01-09 04:08:00,2.0,Thursday,4
1st Ave S,2025-01-09 04:53:00,2025-01-09 04:57:00,4.0,Thursday,4
1st Ave S,2025-01-09 05:37:00,2025-01-09 05:38:00,1.0,Thursday,5
1st Ave S,2025-01-09 05:42:00,2025-01-09 05:49:00,7.0,Thursday,5
1st Ave S,2025-01-10 09:18:00,2025-01-10 09:24:00,6.0,Friday,9
1st Ave S,2025-01-10 10:35:00,2025-01-10 10:43:00,8.0,Friday,10
1st Ave S,2025-01-12 15:29:00,2025-01-12 15:40:00,11.0,Sunday,15
1st Ave S,2025-01-13 09:43:00,2025-01-13 09:57:00,14.0,Monday,9
1st Ave S,2025-01-13 10:16:00,2025-01-13 10:23:00,7.0,Monday,10
1st Ave S,2025-01-13 11:48:00,2025-01-13 11:59:00,11.0,Monday,11
1st Ave S,2025-01-14 09:30:00,2025-01-14 09:40:00,10.0,Tuesday,9
1st Ave S,2025-01-14 10:07:00,2025-01-14 10:14:00,7.0,Tuesday,10
1st Ave S,2025-01-14 10:48:00,2025-01-14 10:55:00,7.0,Tuesday,10
1st Ave S,2025-01-14 11:45:00,2025-01-14 11:55:00,10.0,Tuesday,11
1st Ave S,2025-01-15 09:11:00,2025-01-15 09:25:00,14.0,Wednesday,9
1st Ave S,2025-01-15 10:01:00,2025-01-15 10:11:00,10.0,Wednesday,10
1st Ave S,2025-01-15 12:40:00,2025-01-15 12:50:00,10.0,Wednesday,12
1st Ave S,2025-01-17 14:47:00,2025-01-17 14:56:00,9.0,Friday,14
1st Ave S,2025-01-18 08:59:00,2025-01-18 09:07:00,8.0,Saturday,8
1st Ave S,2025-01-18 15:32:00,2025-01-18 15:43:00,11.0,Saturday,15
1st Ave S,2025-01-20 09:55:00,2025-01-20 10:08:00,13.0,Monday,9
1st Ave S,2025-01-21 03:39:00,2025-01-21 03:52:00,13.0,Tuesday,3
1st Ave S,2025-01-21 09:54:00,2025-01-21 10:04:00,10.0,Tuesday,9
1st Ave S,2025-01-21 10:30:00,2025-01-21 10:36:00,6.0,Tuesday,10
1st Ave S,2025-01-21 12:01:00,2025-01-21 12:10:00,9.0,Tuesday,12
1st Ave S,2025-01-21 14:09:00,2025-01-21 14:15:00,6.0,Tuesday,14
1st Ave S,2025-01-22 02:59:00,2025-01-22 03:11:00,12.0,Wednesday,2
1st Ave S,2025-01-22 18:01:00,2025-01-22 18:14:00,13.0,Wednesday,18
1st Ave S,2025-01-23 03:57:00,2025-01-23 04:08:00,11.0,Thursday,3
1st Ave S,2025-01-23 09:05:00,2025-01-23 09:08:00,3.0,Thursday,9
1st Ave S,2025-01-23 10:46:00,2025-01-23 10:49:00,3.0,Thursday,10
1st Ave S,2025-01-23 10:54:00,2025-01-23 11:03:00,9.0,Thursday,10
1st Ave S,2025-01-24 11:59:00,2025-01-24 12:09:00,10.0,Friday,11
1st Ave S,2025-01-24 12:23:00,2025-01-24 12:31:00,8.0,Friday,12
1st Ave S,2025-01-24 19:12:00,2025-01-24 19:26:00,14.0,Friday,19
1st Ave S,2025-01-25 02:41:00,2025-01-25 02:50:00,9.0,Saturday,2
1st Ave S,2025-01-25 12:15:00,2025-01-25 12:24:00,9.0,Saturday,12
1st Ave S,2025-01-25 15:37:00,2025-01-25 15:51:00,14.0,Saturday,15
1st Ave S,2025-01-26 08:58:00,2025-01-26 09:10:00,12.0,Sunday,8
1st Ave S,2025-01-26 09:23:00,2025-01-26 09:31:00,8.0,Sunday,9
1st Ave S,2025-01-26 10:43:00,2025-01-26 10:53:00,10.0,Sunday,10
1st Ave S,2025-01-27 05:45:00,2025-01-27 05:54:00,9.0,Monday,5
1st Ave S,2025-01-27 18:08:00,2025-01-27 18:16:00,8.0,Monday,18
1st Ave S,2025-01-28 09:33:00,2025-01-28 09:37:00,4.0,Tuesday,9
1st Ave S,2025-01-28 12:55:00,2025-01-28 12:57:00,2.0,Tuesday,12
1st Ave S,2025-01-28 13:01:00,2025-01-28 13:08:00,7.0,Tuesday,13
1st Ave S,2025-01-28 18:00:00,2025-01-28 18:10:00,10.0,Tuesday,18
1st Ave S,2025-01-29 09:45:00,2025-01-29 09:50:00,5.0,Wednesday,9
1st Ave S,2025-01-30 15:34:00,2025-01-30 15:42:00,8.0,Thursday,15
1st Ave S,2025-02-01 07:00:00,2025-02-01 07:06:00,6.0,Saturday,7
1st Ave S,2025-02-01 11:13:00,2025-02-01 11:22:00,9.0,Saturday,11
1st Ave S,2025-02-02 05:45:00,2025-02-02 05:56:00,11.0,Sunday,5
1st Ave S,2025-02-02 08:05:00,2025-02-02 08:12:00,7.0,Sunday,8
1st Ave S,2025-02-02 10:35:00,2025-02-02 10:45:00,10.0,Sunday,10
1st Ave S,2025-02-03 03:16:00,2025-02-03 03:36:00,20.0,Monday,3
1st Ave S,2025-02-03 05:35:00,2025-02-03 05:45:00,10.0,Monday,5
1st Ave S,2025-02-03 09:02:00,2025-02-03 09:08:00,6.0,Monday,9
1st Ave S,2025-02-03 09:27:00,2025-02-03 09:37:00,10.0,Monday,9
1st Ave S,2025-02-03 19:26:00,2025-02-03 19:35:00,9.0,Monday,19
1st Ave S,2025-02-04 09:01:00,2025-02-04 09:14:00,13.0,Tuesday,9
1st Ave S,2025-02-04 09:19:00,2025-02-04 09:32:00,13.0,Tuesday,9
1st Ave S,2025-02-04 11:55:00,2025-02-04 12:07:00,12.0,Tuesday,11
1st Ave S,2025-02-04 12:54:00,2025-02-04 13:06:00,12.0,Tuesday,12
1st Ave S,2025-02-04 13:54:00,2025-02-04 14:05:00,11.0,Tuesday,13
1st Ave S,2025-02-04 14:28:00,2025-02-04 14:37:00,9.0,Tuesday,14
1st Ave S,2025-02-04 18:11:00,2025-02-04 18:21:00,10.0,Tuesday,18
1st Ave S,2025-02-05 11:07:00,2025-02-05 11:21:00,14.0,Wednesday,11
1st Ave S,2025-02-05 12:29:00,2025-02-05 12:38:00,9.0,Wednesday,12
1st Ave S,2025-02-05 12:55:00,2025-02-05 13:05:00,10.0,Wednesday,12
1st Ave S,2025-02-05 13:24:00,2025-02-05 13:33:00,9.0,Wednesday,13
1st Ave S,2025-02-05 18:04:00,2025-02-05 18:19:00,15.0,Wednesday,18
1st Ave S,2025-02-06 01:51:00,2025-02-06 02:00:00,9.0,Thursday,1
1st Ave S,2025-02-06 09:09:00,2025-02-06 09:19:00,10.0,Thursday,9
1st Ave S,2025-02-06 11:03:00,2025-02-06 11:10:00,7.0,Thursday,11
1st Ave S,2025-02-06 13:35:00,2025-02-06 13:48:00,13.0,Thursday,13
1st Ave S,2025-02-06 14:24:00,2025-02-06 14:32:00,8.0,Thursday,14
1st Ave S,2025-02-06 18:43:00,2025-02-06 18:53:00,10.0,Thursday,18
1st Ave S,2025-02-07 05:57:00,2025-02-07 06:06:00,9.0,Friday,5
1st Ave S,2025-02-07 11:40:00,2025-02-07 11:51:00,11.0,Friday,11
1st Ave S,2025-02-07 18:21:00,2025-02-07 18:32:00,11.0,Friday,18
1st Ave S,2025-02-07 22:42:00,2025-02-07 22:50:00,8.0,Friday,22
1st Ave S,2025-02-08 07:30:00,2025-02-08 07:37:00,7.0,Saturday,7
1st Ave S,2025-02-08 10:46:00,2025-02-08 10:47:00,1.0,Saturday,10
1st Ave S,2025-02-08 11:06:00,2025-02-08 11:07:00,1.0,Saturday,11
1st Ave S,2025-02-08 11:08:00,2025-02-08 11:09:00,1.0,Saturday,11
1st Ave S,2025-02-08 13:32:00,2025-02-08 13:33:00,1.0,Saturday,13
1st Ave S,2025-02-08 13:58:00,2025-02-08 14:07:00,9.0,Saturday,13
1st Ave S,2025-02-10 09:10:00,2025-02-10 09:17:00,7.0,Monday,9
1st Ave S,2025-02-10 09:50:00,2025-02-10 09:58:00,8.0,Monday,9
1st Ave S,2025-02-10 10:19:00,2025-02-10 10:31:00,12.0,Monday,10
1st Ave S,2025-02-10 18:02:00,2025-02-10 18:13:00,11.0,Monday,18
1st Ave S,2025-02-11 09:35:00,2025-02-11 09:41:00,6.0,Tuesday,9
1st Ave S,2025-02-12 09:33:00,2025-02-12 09:43:00,10.0,Wednesday,9
1st Ave S,2025-02-12 09:58:00,2025-02-12 10:08:00,10.0,Wednesday,9
1st Ave S,2025-02-12 11:14:00,2025-02-12 11:21:00,7.0,Wednesday,11
1st Ave S,2025-02-12 12:31:00,2025-02-12 12:40:00,9.0,Wednesday,12
1st Ave S,2025-02-12 21:06:00,2025-02-12 21:20:00,14.0,Wednesday,21
1st Ave S,2025-02-13 02:44:00,2025-02-13 02:51:00,7.0,Thursday,2
1st Ave S,2025-02-13 03:46:00,2025-02-13 03:53:00,7.0,Thursday,3
1st Ave S,2025-02-13 09:31:00,2025-02-13 09:41:00,10.0,Thursday,9
1st Ave S,2025-02-13 10:19:00,2025-02-13 10:27:00,8.0,Thursday,10
1st Ave S,2025-02-13 12:12:00,2025-02-13 12:20:00,8.0,Thursday,12
1st Ave S,2025-02-13 13:09:00,2025-02-13 13:20:00,11.0,Thursday,13
1st Ave S,2025-02-13 20:36:00,2025-02-13 20:45:00,9.0,Thursday,20
1st Ave S,2025-02-14 02:39:00,2025-02-14 02:47:00,8.0,Friday,2
1st Ave S,2025-02-14 09:40:00,2025-02-14 09:50:00,10.0,Friday,9
1st Ave S,2025-02-14 10:06:00,2025-02-14 10:12:00,6.0,Friday,10
1st Ave S,2025-02-14 12:44:00,2025-02-14 12:55:00,11.0,Friday,12
1st Ave S,2025-02-14 13:31:00,2025-02-14 13:39:00,8.0,Friday,13
1st Ave S,2025-02-14 14:24:00,2025-02-14 14:27:00,3.0,Friday,14
1st Ave S,2025-02-14 14:32:00,2025-02-14 14:36:00,4.0,Friday,14
1st Ave S,2025-02-14 18:03:00,2025-02-14 18:16:00,13.0,Friday,18
1st Ave S,2025-02-14 23:48:00,2025-02-14 23:57:00,9.0,Friday,23
1st Ave S,2025-02-15 12:19:00,2025-02-15 12:31:00,12.0,Saturday,12
1st Ave S,2025-02-15 13:32:00,2025-02-15 13:40:00,8.0,Saturday,13
1st Ave S,2025-02-15 15:47:00,2025-02-15 15:56:00,9.0,Saturday,15
1st Ave S,2025-02-17 09:04:00,2025-02-17 09:10:00,6.0,Monday,9
1st Ave S,2025-02-17 11:23:00,2025-02-17 11:34:00,11.0,Monday,11
1st Ave S,2025-02-17 15:15:00,2025-02-17 15:25:00,10.0,Monday,15
1st Ave S,2025-02-18 09:04:00,2025-02-18 09:13:00,9.0,Tuesday,9
1st Ave S,2025-02-18 12:29:00,2025-02-18 12:39:00,10.0,Tuesday,12
1st Ave S,2025-02-18 12:49:00,2025-02-18 12:52:00,3.0,Tuesday,12
1st Ave S,2025-02-18 13:10:00,2025-02-18 13:17:00,7.0,Tuesday,13
1st Ave S,2025-02-18 13:27:00,2025-02-18 13:34:00,7.0,Tuesday,13
1st Ave S,2025-02-18 14:40:00,2025-02-18 14:51:00,11.0,Tuesday,14
1st Ave S,2025-02-22 09:00:00,2025-02-22 09:04:00,4.0,Saturday,9
1st Ave S,2025-02-22 09:14:00,2025-02-22 09:18:00,4.0,Saturday,9
1st Ave S,2025-02-22 09:58:00,2025-02-22 10:07:00,9.0,Saturday,9
1st Ave S,2025-02-22 10:12:00,2025-02-22 10:13:00,1.0,Saturday,10
1st Ave S,2025-02-22 11:30:00,2025-02-22 11:31:00,1.0,Saturday,11
1st Ave S,2025-02-22 11:40:00,2025-02-22 11:41:00,1.0,Saturday,11
1st Ave S,2025-02-22 21:17:00,2025-02-22 21:30:00,13.0,Saturday,21
1st Ave S,2025-02-23 08:11:00,2025-02-23 08:19:00,8.0,Sunday,8
1st Ave S,2025-02-23 20:27:00,2025-02-23 20:39:00,12.0,Sunday,20
1st Ave S,2025-02-24 00:27:00,2025-02-24 00:41:00,14.0,Monday,0
1st Ave S,2025-02-24 05:33:00,2025-02-24 05:41:00,8.0,Monday,5
1st Ave S,2025-02-24 09:04:00,2025-02-24 09:14:00,10.0,Monday,9
1st Ave S,2025-02-24 11:28:00,2025-02-24 11:39:00,11.0,Monday,11
1st Ave S,2025-02-25 21:25:00,2025-02-25 21:40:00,15.0,Tuesday,21
1st Ave S,2025-02-26 05:13:00,2025-02-26 05:21:00,8.0,Wednesday,5
1st Ave S,2025-02-26 09:38:00,2025-02-26 09:47:00,9.0,Wednesday,9
1st Ave S,2025-02-26 10:11:00,2025-02-26 10:22:00,11.0,Wednesday,10
1st Ave S,2025-02-26 10:59:00,2025-02-26 11:08:00,9.0,Wednesday,10
1st Ave S,2025-02-26 18:49:00,2025-02-26 18:57:00,8.0,Wednesday,18
1st Ave S,2025-02-28 09:05:00,2025-02-28 09:17:00,12.0,Friday,9
1st Ave S,2025-02-28 10:39:00,2025-02-28 10:50:00,11.0,Friday,10
1st Ave S,2025-02-28 14:04:00,2025-02-28 14:15:00,11.0,Friday,14
1st Ave S,2025-03-01 06:53:00,2025-03-01 07:00:00,7.0,Saturday,6
1st Ave S,2025-03-01 09:36:00,2025-03-01 09:55:00,19.0,Saturday,9
1st Ave S,2025-03-01 10:32:00,2025-03-01 10:43:00,11.0,Saturday,10
1st Ave S,2025-03-02 11:42:00,2025-03-02 11:51:00,9.0,Sunday,11
1st Ave S,2025-03-03 09:03:00,2025-03-03 09:14:00,11.0,Monday,9
1st Ave S,2025-03-03 18:30:00,2025-03-03 18:41:00,11.0,Monday,18
1st Ave S,2025-03-06 09:01:00,2025-03-06 09:12:00,11.0,Thursday,9
1st Ave S,2025-03-06 09:50:00,2025-03-06 10:07:00,17.0,Thursday,9
1st Ave S,2025-03-07 09:30:00,2025-03-07 09:44:00,14.0,Friday,9
1st Ave S,2025-03-07 23:35:00,2025-03-08 00:36:00,61.0,Friday,23
1st Ave S,2025-03-08 00:38:00,2025-03-08 01:12:00,34.0,Saturday,0
1st Ave S,2025-03-08 06:12:00,2025-03-08 06:20:00,8.0,Saturday,6
1st Ave S,2025-03-08 11:14:00,2025-03-08 11:24:00,10.0,Saturday,11
1st Ave S,2025-03-08 12:11:00,2025-03-08 12:22:00,11.0,Saturday,12
1st Ave S,2025-03-10 09:11:00,2025-03-10 09:17:00,6.0,Monday,9
1st Ave S,2025-03-10 09:28:00,2025-03-10 09:38:00,10.0,Monday,9
1st Ave S,2025-03-10 11:20:00,2025-03-10 11:27:00,7.0,Monday,11
1st Ave S,2025-03-10 14:07:00,2025-03-10 14:13:00,6.0,Monday,14
1st Ave S,2025-03-11 09:26:00,2025-03-11 09:29:00,3.0,Tuesday,9
1st Ave S,2025-03-11 10:46:00,2025-03-11 10:52:00,6.0,Tuesday,10
1st Ave S,2025-03-11 13:21:00,2025-03-11 13:29:00,8.0,Tuesday,13
1st Ave S,2025-03-11 13:42:00,2025-03-11 13:44:00,2.0,Tuesday,13
1st Ave S,2025-03-12 10:01:00,2025-03-12 10:13:00,12.0,Wednesday,10
1st Ave S,2025-03-12 10:40:00,2025-03-12 10:43:00,3.0,Wednesday,10
1st Ave S,2025-03-12 11:27:00,2025-03-12 11:36:00,9.0,Wednesday,11
1st Ave S,2025-03-12 13:20:00,2025-03-12 13:27:00,7.0,Wednesday,13
1st Ave S,2025-03-12 14:47:00,2025-03-12 14:54:00,7.0,Wednesday,14
1st Ave S,2025-03-12 21:36:00,2025-03-12 21:37:00,1.0,Wednesday,21
1st Ave S,2025-03-13 03:44:00,2025-03-13 03:45:00,1.0,Thursday,3
1st Ave S,2025-03-13 04:16:00,2025-03-13 04:22:00,6.0,Thursday,4
1st Ave S,2025-03-13 05:06:00,2025-03-13 05:10:00,4.0,Thursday,5
1st Ave S,2025-03-13 05:29:00,2025-03-13 05:35:00,6.0,Thursday,5
1st Ave S,2025-03-13 09:51:00,2025-03-13 09:56:00,5.0,Thursday,9
1st Ave S,2025-03-13 09:57:00,2025-03-13 10:07:00,10.0,Thursday,9
1st Ave S,2025-03-13 10:35:00,2025-03-13 10:38:00,3.0,Thursday,10
1st Ave S,2025-03-13 10:54:00,2025-03-13 11:04:00,10.0,Thursday,10
1st Ave S,2025-03-14 08:59:00,2025-03-14 09:09:00,10.0,Friday,8
1st Ave S,2025-03-14 09:49:00,2025-03-14 09:59:00,10.0,Friday,9
1st Ave S,2025-03-14 10:26:00,2025-03-14 10:38:00,12.0,Friday,10
1st Ave S,2025-03-15 08:20:00,2025-03-15 08:23:00,3.0,Saturday,8
1st Ave S,2025-03-15 08:44:00,2025-03-15 08:53:00,9.0,Saturday,8
1st Ave S,2025-03-15 09:00:00,2025-03-15 09:09:00,9.0,Saturday,9
1st Ave S,2025-03-15 09:30:00,2025-03-15 09:32:00,2.0,Saturday,9
1st Ave S,2025-03-15 09:57:00,2025-03-15 10:15:00,18.0,Saturday,9
1st Ave S,2025-03-15 10:31:00,2025-03-15 10:37:00,6.0,Saturday,10
1st Ave S,2025-03-15 11:01:00,2025-03-15 11:06:00,5.0,Saturday,11
1st Ave S,2025-03-15 11:52:00,2025-03-15 12:05:00,13.0,Saturday,11
1st Ave S,2025-03-15 12:09:00,2025-03-15 12:10:00,1.0,Saturday,12
1st Ave S,2025-03-16 10:49:00,2025-03-16 10:57:00,8.0,Sunday,10
1st Ave S,2025-03-16 17:43:00,2025-03-16 17:52:00,9.0,Sunday,17
1st Ave S,2025-03-17 10:08:00,2025-03-17 10:23:00,15.0,Monday,10
1st Ave S,2025-03-17 14:01:00,2025-03-17 14:03:00,2.0,Monday,14
1st Ave S,2025-03-17 19:10:00,2025-03-17 19:39:00,29.0,Monday,19
1st Ave S,2025-03-17 20:25:00,2025-03-17 20:30:00,5.0,Monday,20
1st Ave S,2025-03-18 11:05:00,2025-03-18 11:06:00,1.0,Tuesday,11
1st Ave S,2025-03-18 12:42:00,2025-03-18 12:47:00,5.0,Tuesday,12
1st Ave S,2025-03-18 12:55:00,2025-03-18 12:57:00,2.0,Tuesday,12
1st Ave S,2025-03-18 12:58:00,2025-03-18 12:59:00,1.0,Tuesday,12
1st Ave S,2025-03-18 13:02:00,2025-03-18 13:03:00,1.0,Tuesday,13
1st Ave S,2025-03-18 13:15:00,2025-03-18 13:20:00,5.0,Tuesday,13
1st Ave S,2025-03-19 10:57:00,2025-03-19 11:05:00,8.0,Wednesday,10
1st Ave S,2025-03-20 14:12:00,2025-03-20 14:16:00,4.0,Thursday,14
1st Ave S,2025-03-20 14:54:00,2025-03-20 14:55:00,1.0,Thursday,14
1st Ave S,2025-03-21 09:28:00,2025-03-21 09:44:00,16.0,Friday,9
1st Ave S,2025-03-21 09:45:00,2025-03-21 09:52:00,7.0,Friday,9
1st Ave S,2025-03-21 10:43:00,2025-03-21 10:46:00,3.0,Friday,10
1st Ave S,2025-03-21 11:11:00,2025-03-21 11:20:00,9.0,Friday,11
1st Ave S,2025-03-21 11:22:00,2025-03-21 11:30:00,8.0,Friday,11
1st Ave S,2025-03-21 11:53:00,2025-03-21 12:07:00,14.0,Friday,11
1st Ave S,2025-03-21 13:50:00,2025-03-21 13:52:00,2.0,Friday,13
1st Ave S,2025-03-21 14:05:00,2025-03-21 14:06:00,1.0,Friday,14
1st Ave S,2025-03-21 19:35:00,2025-03-21 19:42:00,7.0,Friday,19
1st Ave S,2025-03-22 09:40:00,2025-03-22 10:05:00,25.0,Saturday,9
1st Ave S,2025-03-22 10:58:00,2025-03-22 11:00:00,2.0,Saturday,10
1st Ave S,2025-03-22 12:01:00,2025-03-22 12:07:00,6.0,Saturday,12
1st Ave S,2025-03-23 08:07:00,2025-03-23 08:25:00,18.0,Sunday,8
1st Ave S,2025-03-23 09:12:00,2025-03-23 09:19:00,7.0,Sunday,9
1st Ave S,2025-03-24 05:45:00,2025-03-24 05:52:00,7.0,Monday,5
1st Ave S,2025-03-24 10:18:00,2025-03-24 10:25:00,7.0,Monday,10
1st Ave S,2025-03-24 11:00:00,2025-03-24 11:10:00,10.0,Monday,11
1st Ave S,2025-03-24 13:58:00,2025-03-24 14:08:00,10.0,Monday,13
1st Ave S,2025-03-24 14:26:00,2025-03-24 14:32:00,6.0,Monday,14
1st Ave S,2025-03-25 09:04:00,2025-03-25 09:12:00,8.0,Tuesday,9
1st Ave S,2025-03-25 09:27:00,2025-03-25 09:34:00,7.0,Tuesday,9
1st Ave S,2025-03-25 10:00:00,2025-03-25 10:10:00,10.0,Tuesday,10
1st Ave S,2025-03-25 10:56:00,2025-03-25 11:05:00,9.0,Tuesday,10
1st Ave S,2025-03-25 13:47:00,2025-03-25 13:53:00,6.0,Tuesday,13
1st Ave S,2025-03-25 14:38:00,2025-03-25 14:46:00,8.0,Tuesday,14
1st Ave S,2025-03-25 18:34:00,2025-03-25 18:42:00,8.0,Tuesday,18
1st Ave S,2025-03-26 10:57:00,2025-03-26 11:08:00,11.0,Wednesday,10
1st Ave S,2025-03-26 13:33:00,2025-03-26 13:34:00,1.0,Wednesday,13
1st Ave S,2025-03-27 11:53:00,2025-03-27 12:03:00,10.0,Thursday,11
1st Ave S,2025-03-28 09:47:00,2025-03-28 09:56:00,9.0,Friday,9
1st Ave S,2025-03-29 14:35:00,2025-03-29 14:44:00,9.0,Saturday,14
1st Ave S,2025-03-30 20:51:00,2025-03-30 20:59:00,8.0,Sunday,20
1st Ave S,2025-03-31 11:21:00,2025-03-31 11:27:00,6.0,Monday,11
1st Ave S,2025-03-31 14:23:00,2025-03-31 14:32:00,9.0,Monday,14
1st Ave S,2025-04-01 13:50:00,2025-04-01 13:51:00,1.0,Tuesday,13
1st Ave S,2025-04-02 09:09:00,2025-04-02 09:22:00,13.0,Wednesday,9
1st Ave S,2025-04-02 10:35:00,2025-04-02 10:52:00,17.0,Wednesday,10
1st Ave S,2025-04-03 04:16:00,2025-04-03 04:22:00,6.0,Thursday,4
1st Ave S,2025-04-03 04:50:00,2025-04-03 04:51:00,1.0,Thursday,4
1st Ave S,2025-04-03 05:03:00,2025-04-03 05:09:00,6.0,Thursday,5
1st Ave S,2025-04-03 09:31:00,2025-04-03 09:38:00,7.0,Thursday,9
1st Ave S,2025-04-03 09:55:00,2025-04-03 10:09:00,14.0,Thursday,9
1st Ave S,2025-04-03 11:15:00,2025-04-03 11:22:00,7.0,Thursday,11
1st Ave S,2025-04-03 13:37:00,2025-04-03 13:49:00,12.0,Thursday,13
1st Ave S,2025-04-04 10:13:00,2025-04-04 10:17:00,4.0,Friday,10
1st Ave S,2025-04-06 05:26:00,2025-04-06 05:35:00,9.0,Sunday,5
1st Ave S,2025-04-07 04:05:00,2025-04-07 04:12:00,7.0,Monday,4
1st Ave S,2025-04-07 19:37:00,2025-04-07 19:49:00,12.0,Monday,19
1st Ave S,2025-04-08 09:58:00,2025-04-08 10:06:00,8.0,Tuesday,9
1st Ave S,2025-04-08 14:19:00,2025-04-08 14:30:00,11.0,Tuesday,14
1st Ave S,2025-04-09 13:13:00,2025-04-09 13:17:00,4.0,Wednesday,13
1st Ave S,2025-04-09 13:22:00,2025-04-09 13:24:00,2.0,Wednesday,13
1st Ave S,2025-04-09 13:28:00,2025-04-09 13:32:00,4.0,Wednesday,13
1st Ave S,2025-04-09 14:27:00,2025-04-09 14:28:00,1.0,Wednesday,14
1st Ave S,2025-04-09 14:51:00,2025-04-09 14:52:00,1.0,Wednesday,14
1st Ave S,2025-04-09 15:13:00,2025-04-09 15:15:00,2.0,Wednesday,15
1st Ave S,2025-04-09 15:18:00,2025-04-09 15:28:00,10.0,Wednesday,15
1st Ave S,2025-04-11 12:07:00,2025-04-11 12:12:00,5.0,Friday,12
1st Ave S,2025-04-11 18:13:00,2025-04-11 18:19:00,6.0,Friday,18
1st Ave S,2025-04-13 14:58:00,2025-04-13 15:06:00,8.0,Sunday,14
1st Ave S,2025-04-14 01:57:00,2025-04-14 03:14:00,77.0,Monday,1
1st Ave S,2025-04-14 09:19:00,2025-04-14 09:27:00,8.0,Monday,9
1st Ave S,2025-04-14 10:11:00,2025-04-14 10:26:00,15.0,Monday,10
1st Ave S,2025-04-14 19:17:00,2025-04-14 19:29:00,12.0,Monday,19
1st Ave S,2025-04-14 20:47:00,2025-04-14 20:55:00,8.0,Monday,20
1st Ave S,2025-04-15 14:08:00,2025-04-15 14:13:00,5.0,Tuesday,14
1st Ave S,2025-04-16 09:58:00,2025-04-16 10:01:00,3.0,Wednesday,9
1st Ave S,2025-04-16 18:03:00,2025-04-16 18:10:00,7.0,Wednesday,18
1st Ave S,2025-04-17 12:25:00,2025-04-17 12:38:00,13.0,Thursday,12
1st Ave S,2025-04-18 05:44:00,2025-04-18 05:55:00,11.0,Friday,5
1st Ave S,2025-04-18 09:45:00,2025-04-18 09:54:00,9.0,Friday,9
1st Ave S,2025-04-18 11:04:00,2025-04-18 11:06:00,2.0,Friday,11
1st Ave S,2025-04-18 11:12:00,2025-04-18 11:16:00,4.0,Friday,11
1st Ave S,2025-04-19 10:42:00,2025-04-19 10:50:00,8.0,Saturday,10
1st Ave S,2025-04-19 11:31:00,2025-04-19 11:41:00,10.0,Saturday,11
1st Ave S,2025-04-21 10:11:00,2025-04-21 10:20:00,9.0,Monday,10
1st Ave S,2025-04-21 11:02:00,2025-04-21 11:07:00,5.0,Monday,11
1st Ave S,2025-04-21 11:45:00,2025-04-21 11:55:00,10.0,Monday,11
1st Ave S,2025-04-22 10:17:00,2025-04-22 10:19:00,2.0,Tuesday,10
1st Ave S,2025-04-22 11:24:00,2025-04-22 11:27:00,3.0,Tuesday,11
1st Ave S,2025-04-22 13:19:00,2025-04-22 13:29:00,10.0,Tuesday,13
1st Ave S,2025-04-23 09:07:00,2025-04-23 09:15:00,8.0,Wednesday,9
1st Ave S,2025-04-23 10:37:00,2025-04-23 10:47:00,10.0,Wednesday,10
1st Ave S,2025-04-23 11:31:00,2025-04-23 11:40:00,9.0,Wednesday,11
1st Ave S,2025-04-23 12:20:00,2025-04-23 12:24:00,4.0,Wednesday,12
1st Ave S,2025-04-24 09:04:00,2025-04-24 09:11:00,7.0,Thursday,9
1st Ave S,2025-04-24 18:01:00,2025-04-24 18:08:00,7.0,Thursday,18
1st Ave S,2025-04-25 09:08:00,2025-04-25 09:18:00,10.0,Friday,9
1st Ave S,2025-04-25 11:11:00,2025-04-25 11:19:00,8.0,Friday,11
1st Ave S,2026-01-24 10:20:00,2026-01-24 10:29:00,9.0,Saturday,10
1st Ave S,2026-01-24 11:35:00,2026-01-24 11:47:00,12.0,Saturday,11
1st Ave S,2026-01-24 12:08:00,2026-01-24 12:20:00,12.0,Saturday,12
1st Ave S,2026-01-24 12:55:00,2026-01-24 13:07:00,12.0,Saturday,12
1st Ave S,2026-01-24 14:49:00,2026-01-24 14:59:00,10.0,Saturday,14
1st Ave S,2026-01-25 09:19:00,2026-01-25 09:26:00,7.0,Sunday,9
1st Ave S,2026-01-26 04:21:00,2026-01-26 04:34:00,13.0,Monday,4
1st Ave S,2026-01-26 09:47:00,2026-01-26 09:57:00,10.0,Monday,9
1st Ave S,2026-01-26 10:23:00,2026-01-26 10:33:00,10.0,Monday,10
1st Ave S,2026-01-26 15:02:00,2026-01-26 15:09:00,7.0,Monday,15
1st Ave S,2026-01-27 09:13:00,2026-01-27 09:23:00,10.0,Tuesday,9
1st Ave S,2026-01-27 13:14:00,2026-01-27 13:16:00,2.0,Tuesday,13
1st Ave S,2026-01-27 13:36:00,2026-01-27 13:47:00,11.0,Tuesday,13
1st Ave S,2026-01-28 11:34:00,2026-01-28 11:38:00,4.0,Wednesday,11
1st Ave S,2026-01-28 11:40:00,2026-01-28 11:53:00,13.0,Wednesday,11
1st Ave S,2026-01-29 10:42:00,2026-01-29 10:57:00,15.0,Thursday,10
1st Ave S,2026-01-29 11:50:00,2026-01-29 11:58:00,8.0,Thursday,11
1st Ave S,2026-01-29 12:23:00,2026-01-29 12:26:00,3.0,Thursday,12
1st Ave S,2026-01-30 09:02:00,2026-01-30 09:13:00,11.0,Friday,9
1st Ave S,2026-01-30 13:15:00,2026-01-30 13:25:00,10.0,Friday,13
1st Ave S,2026-01-31 04:21:00,2026-01-31 04:29:00,8.0,Saturday,4
1st Ave S,2026-02-01 06:04:00,2026-02-01 06:22:00,18.0,Sunday,6
1st Ave S,2026-02-01 09:40:00,2026-02-01 09:51:00,11.0,Sunday,9
1st Ave S,2026-02-01 11:32:00,2026-02-01 11:45:00,13.0,Sunday,11
1st Ave S,2026-02-02 05:06:00,2026-02-02 05:14:00,8.0,Monday,5
1st Ave S,2026-02-02 13:19:00,2026-02-02 13:29:00,10.0,Monday,13
1st Ave S,2026-02-03 05:08:00,2026-02-03 05:15:00,7.0,Tuesday,5
1st Ave S,2026-02-03 10:27:00,2026-02-03 10:35:00,8.0,Tuesday,10
1st Ave S,2026-02-03 11:28:00,2026-02-03 11:36:00,8.0,Tuesday,11
1st Ave S,2026-02-03 12:07:00,2026-02-03 12:22:00,15.0,Tuesday,12
1st Ave S,2026-02-03 13:50:00,2026-02-03 14:01:00,11.0,Tuesday,13
1st Ave S,2026-02-04 09:14:00,2026-02-04 09:26:00,12.0,Wednesday,9
1st Ave S,2026-02-04 09:49:00,2026-02-04 09:51:00,2.0,Wednesday,9
1st Ave S,2026-02-04 11:00:00,2026-02-04 11:13:00,13.0,Wednesday,11
1st Ave S,2026-02-04 11:40:00,2026-02-04 11:47:00,7.0,Wednesday,11
1st Ave S,2026-02-04 12:48:00,2026-02-04 12:56:00,8.0,Wednesday,12
1st Ave S,2026-02-04 13:10:00,2026-02-04 13:17:00,7.0,Wednesday,13
1st Ave S,2026-02-04 14:43:00,2026-02-04 14:46:00,3.0,Wednesday,14
1st Ave S,2026-02-05 03:54:00,2026-02-05 04:00:00,6.0,Thursday,3
1st Ave S,2026-02-05 09:32:00,2026-02-05 09:39:00,7.0,Thursday,9
1st Ave S,2026-02-05 10:24:00,2026-02-05 10:31:00,7.0,Thursday,10
1st Ave S,2026-02-06 10:31:00,2026-02-06 10:41:00,10.0,Friday,10
1st Ave S,2026-02-06 13:17:00,2026-02-06 13:28:00,11.0,Friday,13
1st Ave S,2026-02-06 14:49:00,2026-02-06 14:55:00,6.0,Friday,14
1st Ave S,2026-02-08 08:24:00,2026-02-08 08:33:00,9.0,Sunday,8
1st Ave S,2026-02-09 18:05:00,2026-02-09 18:22:00,17.0,Monday,18
1st Ave S,2026-02-10 04:53:00,2026-02-10 05:00:00,7.0,Tuesday,4
1st Ave S,2026-02-10 10:11:00,2026-02-10 10:20:00,9.0,Tuesday,10
1st Ave S,2026-02-11 05:47:00,2026-02-11 05:55:00,8.0,Wednesday,5
1st Ave S,2026-02-11 09:06:00,2026-02-11 09:07:00,1.0,Wednesday,9
1st Ave S,2026-02-11 11:00:00,2026-02-11 11:09:00,9.0,Wednesday,11
1st Ave S,2026-02-11 11:58:00,2026-02-11 12:07:00,9.0,Wednesday,11
1st Ave S,2026-02-12 09:55:00,2026-02-12 09:57:00,2.0,Thursday,9
1st Ave S,2026-02-12 10:22:00,2026-02-12 10:29:00,7.0,Thursday,10
1st Ave S,2026-02-12 13:59:00,2026-02-12 14:07:00,8.0,Thursday,13
1st Ave S,2026-02-14 05:34:00,2026-02-14 05:43:00,9.0,Saturday,5
1st Ave S,2026-02-14 10:48:00,2026-02-14 10:56:00,8.0,Saturday,10
1st Ave S,2026-02-14 11:01:00,2026-02-14 11:03:00,2.0,Saturday,11
1st Ave S,2026-02-14 13:18:00,2026-02-14 13:28:00,10.0,Saturday,13
1st Ave S,2026-02-16 09:04:00,2026-02-16 09:11:00,7.0,Monday,9
1st Ave S,2026-02-16 11:57:00,2026-02-16 12:06:00,9.0,Monday,11
1st Ave S,2026-02-17 11:29:00,2026-02-17 11:41:00,12.0,Tuesday,11
1st Ave S,2026-02-18 09:29:00,2026-02-18 09:38:00,9.0,Wednesday,9
1st Ave S,2026-02-18 11:22:00,2026-02-18 11:27:00,5.0,Wednesday,11
1st Ave S,2026-02-18 14:29:00,2026-02-18 14:45:00,16.0,Wednesday,14
1st Ave S,2026-02-18 15:11:00,2026-02-18 15:23:00,12.0,Wednesday,15
1st Ave S,2026-02-18 22:29:00,2026-02-18 22:35:00,6.0,Wednesday,22
1st Ave S,2026-02-19 08:56:00,2026-02-19 09:09:00,13.0,Thursday,8
1st Ave S,2026-02-19 11:33:00,2026-02-19 11:40:00,7.0,Thursday,11
1st Ave S,2026-02-19 11:57:00,2026-02-19 12:02:00,5.0,Thursday,11
1st Ave S,2026-02-19 14:17:00,2026-02-19 14:23:00,6.0,Thursday,14
1st Ave S,2026-02-19 14:34:00,2026-02-19 14:40:00,6.0,Thursday,14
1st Ave S,2026-02-19 23:54:00,2026-02-20 00:00:00,6.0,Thursday,23
1st Ave S,2026-02-20 02:15:00,2026-02-20 02:23:00,8.0,Friday,2
1st Ave S,2026-02-20 11:27:00,2026-02-20 11:37:00,10.0,Friday,11
1st Ave S,2026-02-22 08:17:00,2026-02-22 08:22:00,5.0,Sunday,8
1st Ave S,2026-02-24 11:37:00,2026-02-24 11:50:00,13.0,Tuesday,11
1st Ave S,2026-02-24 12:14:00,2026-02-24 12:16:00,2.0,Tuesday,12
1st Ave S,2026-02-24 12:32:00,2026-02-24 12:39:00,7.0,Tuesday,12
1st Ave S,2026-02-25 04:39:00,2026-02-25 04:46:00,7.0,Wednesday,4
1st Ave S,2026-02-25 11:02:00,2026-02-25 11:08:00,6.0,Wednesday,11
1st Ave S,2026-02-25 11:40:00,2026-02-25 11:41:00,1.0,Wednesday,11
1st Ave S,2026-02-25 11:43:00,2026-02-25 11:53:00,10.0,Wednesday,11
1st Ave S,2026-02-25 12:24:00,2026-02-25 12:36:00,12.0,Wednesday,12
1st Ave S,2026-02-26 05:36:00,2026-02-26 05:45:00,9.0,Thursday,5
1st Ave S,2026-02-26 11:43:00,2026-02-26 11:52:00,9.0,Thursday,11
1st Ave S,2026-02-27 11:40:00,2026-02-27 11:46:00,6.0,Friday,11
1st Ave S,2026-02-27 11:56:00,2026-02-27 12:01:00,5.0,Friday,11
1st Ave S,2026-02-27 13:31:00,2026-02-27 13:33:00,2.0,Friday,13
1st Ave S,2026-02-28 06:17:00,2026-02-28 06:24:00,7.0,Saturday,6
1st Ave S,2026-02-28 07:12:00,2026-02-28 07:17:00,5.0,Saturday,7
1st Ave S,2026-03-01 08:06:00,2026-03-01 08:12:00,6.0,Sunday,8
1st Ave S,2026-03-01 13:13:00,2026-03-01 13:23:00,10.0,Sunday,13
1st Ave S,2026-03-02 04:21:00,2026-03-02 04:31:00,10.0,Monday,4
1st Ave S,2026-03-02 04:57:00,2026-03-02 05:03:00,6.0,Monday,4
1st Ave S,2026-03-02 07:08:00,2026-03-02 07:09:00,1.0,Monday,7
1st Ave S,2026-03-02 09:07:00,2026-03-02 09:16:00,9.0,Monday,9
1st Ave S,2026-03-03 13:57:00,2026-03-03 14:05:00,8.0,Tuesday,13
1st Ave S,2026-03-03 14:20:00,2026-03-03 14:27:00,7.0,Tuesday,14
1st Ave S,2026-03-04 09:04:00,2026-03-04 09:05:00,1.0,Wednesday,9
1st Ave S,2026-03-05 09:30:00,2026-03-05 09:36:00,6.0,Thursday,9
1st Ave S,2026-03-05 09:42:00,2026-03-05 09:45:00,3.0,Thursday,9
1st Ave S,2026-03-05 09:56:00,2026-03-05 10:14:00,18.0,Thursday,9
1st Ave S,2026-03-05 11:52:00,2026-03-05 12:01:00,9.0,Thursday,11
1st Ave S,2026-03-05 14:29:00,2026-03-05 14:34:00,5.0,Thursday,14
1st Ave S,2026-03-06 09:35:00,2026-03-06 09:43:00,8.0,Friday,9
1st Ave S,2026-03-07 08:07:00,2026-03-07 08:20:00,13.0,Saturday,8
1st Ave S,2026-03-07 08:39:00,2026-03-07 08:47:00,8.0,Saturday,8
1st Ave S,2026-03-07 09:29:00,2026-03-07 09:38:00,9.0,Saturday,9
1st Ave S,2026-03-07 10:11:00,2026-03-07 10:24:00,13.0,Saturday,10
1st Ave S,2026-03-07 10:47:00,2026-03-07 10:56:00,9.0,Saturday,10
1st Ave S,2026-03-07 11:16:00,2026-03-07 11:24:00,8.0,Saturday,11
1st Ave S,2026-03-07 11:43:00,2026-03-07 11:49:00,6.0,Saturday,11
1st Ave S,2026-03-12 20:07:00,2026-03-12 20:10:00,3.0,Thursday,20
1st Ave S,2026-03-12 20:17:00,2026-03-12 20:24:00,7.0,Thursday,20
1st Ave S,2026-03-13 12:45:00,2026-03-13 12:47:00,2.0,Friday,12
1st Ave S,2026-03-13 12:49:00,2026-03-13 12:55:00,6.0,Friday,12
1st Ave S,2026-03-13 14:02:00,2026-03-13 14:19:00,17.0,Friday,14
1st Ave S,2026-03-14 10:20:00,2026-03-14 10:30:00,10.0,Saturday,10
1st Ave S,2026-03-14 12:25:00,2026-03-14 12:33:00,8.0,Saturday,12
1st Ave S,2026-03-14 22:06:00,2026-03-14 22:13:00,7.0,Saturday,22
1st Ave S,2026-03-15 13:56:00,2026-03-15 14:06:00,10.0,Sunday,13
1st Ave S,2026-03-16 10:03:00,2026-03-16 10:17:00,14.0,Monday,10
1st Ave S,2026-03-16 13:12:00,2026-03-16 13:22:00,10.0,Monday,13
1st Ave S,2026-03-17 11:35:00,2026-03-17 11:36:00,1.0,Tuesday,11
1st Ave S,2026-03-17 11:49:00,2026-03-17 12:11:00,22.0,Tuesday,11
1st Ave S,2026-03-17 12:28:00,2026-03-17 12:37:00,9.0,Tuesday,12
1st Ave S,2026-03-17 14:49:00,2026-03-17 14:52:00,3.0,Tuesday,14
1st Ave S,2026-03-17 18:15:00,2026-03-17 18:24:00,9.0,Tuesday,18
1st Ave S,2026-03-19 13:54:00,2026-03-19 14:06:00,12.0,Thursday,13
1st Ave S,2026-03-20 10:46:00,2026-03-20 10:54:00,8.0,Friday,10
1st Ave S,2026-03-20 18:02:00,2026-03-20 18:12:00,10.0,Friday,18
1st Ave S,2026-03-21 09:17:00,2026-03-21 09:30:00,13.0,Saturday,9
1st Ave S,2026-03-21 18:03:00,2026-03-21 18:10:00,7.0,Saturday,18
1st Ave S,2026-03-22 08:04:00,2026-03-22 08:12:00,8.0,Sunday,8
1st Ave S,2026-03-22 11:38:00,2026-03-22 11:54:00,16.0,Sunday,11
1st Ave S,2026-03-22 17:02:00,2026-03-22 17:11:00,9.0,Sunday,17
1st Ave S,2026-03-23 10:18:00,2026-03-23 10:25:00,7.0,Monday,10
1st Ave S,2026-03-23 10:51:00,2026-03-23 10:57:00,6.0,Monday,10
1st Ave S,2026-03-23 12:15:00,2026-03-23 12:25:00,10.0,Monday,12
1st Ave S,2026-03-23 13:54:00,2026-03-23 13:57:00,3.0,Monday,13
1st Ave S,2026-03-23 14:07:00,2026-03-23 14:09:00,2.0,Monday,14
1st Ave S,2026-03-24 09:40:00,2026-03-24 09:46:00,6.0,Tuesday,9
1st Ave S,2026-03-24 11:14:00,2026-03-24 11:21:00,7.0,Tuesday,11
1st Ave S,2026-03-24 12:07:00,2026-03-24 12:19:00,12.0,Tuesday,12
1st Ave S,2026-03-24 12:55:00,2026-03-24 13:00:00,5.0,Tuesday,12
1st Ave S,2026-03-24 13:25:00,2026-03-24 13:32:00,7.0,Tuesday,13
1st Ave S,2026-03-24 19:40:00,2026-03-24 19:53:00,13.0,Tuesday,19
1st Ave S,2026-03-24 20:30:00,2026-03-24 20:40:00,10.0,Tuesday,20
1st Ave S,2026-03-25 09:26:00,2026-03-25 09:32:00,6.0,Wednesday,9
1st Ave S,2026-03-25 10:23:00,2026-03-25 10:26:00,3.0,Wednesday,10
1st Ave S,2026-03-25 12:22:00,2026-03-25 12:28:00,6.0,Wednesday,12
1st Ave S,2026-03-25 17:58:00,2026-03-25 18:06:00,8.0,Wednesday,17
1st Ave S,2026-03-26 09:51:00,2026-03-26 09:58:00,7.0,Thursday,9
1st Ave S,2026-03-26 10:37:00,2026-03-26 10:42:00,5.0,Thursday,10
1st Ave S,2026-03-26 11:53:00,2026-03-26 11:59:00,6.0,Thursday,11
1st Ave S,2026-03-26 14:39:00,2026-03-26 14:51:00,12.0,Thursday,14
1st Ave S,2026-03-27 13:51:00,2026-03-27 14:05:00,14.0,Friday,13
1st Ave S,2026-03-28 09:37:00,2026-03-28 09:53:00,16.0,Saturday,9
1st Ave S,2026-03-29 10:48:00,2026-03-29 10:57:00,9.0,Sunday,10
1st Ave S,2026-03-29 12:04:00,2026-03-29 12:19:00,15.0,Sunday,12
1st Ave S,2026-03-29 16:39:00,2026-03-29 16:48:00,9.0,Sunday,16
1st Ave S,2026-03-30 13:26:00,2026-03-30 13:41:00,15.0,Monday,13
Ballard,2025-01-02 09:12:00,2025-01-02 09:17:00,5.0,Thursday,9
Ballard,2025-01-02 11:25:00,2025-01-02 11:29:00,4.0,Thursday,11
Ballard,2025-01-02 13:11:00,2025-01-02 13:18:00,7.0,Thursday,13
Ballard,2025-01-02 14:45:00,2025-01-02 14:50:00,5.0,Thursday,14
Ballard,2025-01-02 15:25:00,2025-01-02 15:31:00,6.0,Thursday,15
Ballard,2025-01-02 20:09:00,2025-01-02 20:14:00,5.0,Thursday,20
Ballard,2025-01-03 12:16:00,2025-01-03 12:21:00,5.0,Friday,12
Ballard,2025-01-03 12:33:00,2025-01-03 12:37:00,4.0,Friday,12
Ballard,2025-01-03 12:55:00,2025-01-03 12:58:00,3.0,Friday,12
Ballard,2025-01-03 13:35:00,2025-01-03 13:39:00,4.0,Friday,13
Ballard,2025-01-03 14:12:00,2025-01-03 14:16:00,4.0,Friday,14
Ballard,2025-01-03 15:47:00,2025-01-03 15:51:00,4.0,Friday,15
Ballard,2025-01-03 18:00:00,2025-01-03 18:04:00,4.0,Friday,18
Ballard,2025-01-03 22:30:00,2025-01-03 22:35:00,5.0,Friday,22
Ballard,2025-01-04 11:12:00,2025-01-04 11:16:00,4.0,Saturday,11
Ballard,2025-01-04 11:41:00,2025-01-04 11:46:00,5.0,Saturday,11
Ballard,2025-01-04 16:21:00,2025-01-04 16:26:00,5.0,Saturday,16
Ballard,2025-01-04 16:47:00,2025-01-04 16:51:00,4.0,Saturday,16
Ballard,2025-01-04 21:05:00,2025-01-04 21:09:00,4.0,Saturday,21
Ballard,2025-01-05 13:05:00,2025-01-05 13:08:00,3.0,Sunday,13
Ballard,2025-01-05 14:14:00,2025-01-05 14:19:00,5.0,Sunday,14
Ballard,2025-01-05 14:28:00,2025-01-05 14:31:00,3.0,Sunday,14
Ballard,2025-01-05 16:59:00,2025-01-05 17:02:00,3.0,Sunday,16
Ballard,2025-01-05 18:15:00,2025-01-05 18:20:00,5.0,Sunday,18
Ballard,2025-01-05 23:00:00,2025-01-05 23:04:00,4.0,Sunday,23
Ballard,2025-01-06 06:22:00,2025-01-06 06:27:00,5.0,Monday,6
Ballard,2025-01-06 09:14:00,2025-01-06 09:18:00,4.0,Monday,9
Ballard,2025-01-06 10:03:00,2025-01-06 10:13:00,10.0,Monday,10
Ballard,2025-01-06 11:19:00,2025-01-06 11:24:00,5.0,Monday,11
Ballard,2025-01-06 14:30:00,2025-01-06 14:34:00,4.0,Monday,14
Ballard,2025-01-06 14:59:00,2025-01-06 15:04:00,5.0,Monday,14
Ballard,2025-01-06 20:43:00,2025-01-06 20:49:00,6.0,Monday,20
Ballard,2025-01-07 09:56:00,2025-01-07 10:00:00,4.0,Tuesday,9
Ballard,2025-01-07 10:07:00,2025-01-07 10:15:00,8.0,Tuesday,10
Ballard,2025-01-07 13:40:00,2025-01-07 13:46:00,6.0,Tuesday,13
Ballard,2025-01-07 14:51:00,2025-01-07 14:55:00,4.0,Tuesday,14
Ballard,2025-01-07 15:33:00,2025-01-07 15:39:00,6.0,Tuesday,15
Ballard,2025-01-07 20:07:00,2025-01-07 20:12:00,5.0,Tuesday,20
Ballard,2025-01-08 09:01:00,2025-01-08 09:05:00,4.0,Wednesday,9
Ballard,2025-01-08 10:42:00,2025-01-08 10:47:00,5.0,Wednesday,10
Ballard,2025-01-08 12:22:00,2025-01-08 12:28:00,6.0,Wednesday,12
Ballard,2025-01-08 15:51:00,2025-01-08 15:56:00,5.0,Wednesday,15
Ballard,2025-01-08 18:01:00,2025-01-08 18:05:00,4.0,Wednesday,18
Ballard,2025-01-08 19:00:00,2025-01-08 19:05:00,5.0,Wednesday,19
Ballard,2025-01-08 22:50:00,2025-01-08 22:55:00,5.0,Wednesday,22
Ballard,2025-01-09 11:40:00,2025-01-09 11:46:00,6.0,Thursday,11
Ballard,2025-01-09 18:01:00,2025-01-09 18:05:00,4.0,Thursday,18
Ballard,2025-01-09 22:40:00,2025-01-09 22:45:00,5.0,Thursday,22
Ballard,2025-01-10 10:06:00,2025-01-10 10:13:00,7.0,Friday,10
Ballard,2025-01-10 11:10:00,2025-01-10 11:17:00,7.0,Friday,11
Ballard,2025-01-10 14:25:00,2025-01-10 14:36:00,11.0,Friday,14
Ballard,2025-01-10 16:31:00,2025-01-10 16:38:00,7.0,Friday,16
Ballard,2025-01-10 20:05:00,2025-01-10 20:10:00,5.0,Friday,20
Ballard,2025-01-11 09:41:00,2025-01-11 09:48:00,7.0,Saturday,9
Ballard,2025-01-11 11:55:00,2025-01-11 11:59:00,4.0,Saturday,11
Ballard,2025-01-11 12:09:00,2025-01-11 12:13:00,4.0,Saturday,12
Ballard,2025-01-11 14:00:00,2025-01-11 14:07:00,7.0,Saturday,14
Ballard,2025-01-11 21:47:00,2025-01-11 21:52:00,5.0,Saturday,21
Ballard,2025-01-12 07:39:00,2025-01-12 07:43:00,4.0,Sunday,7
Ballard,2025-01-12 10:33:00,2025-01-12 10:38:00,5.0,Sunday,10
Ballard,2025-01-12 11:55:00,2025-01-12 12:00:00,5.0,Sunday,11
Ballard,2025-01-12 12:54:00,2025-01-12 13:00:00,6.0,Sunday,12
Ballard,2025-01-12 13:18:00,2025-01-12 13:21:00,3.0,Sunday,13
Ballard,2025-01-12 13:53:00,2025-01-12 13:57:00,4.0,Sunday,13
Ballard,2025-01-12 15:05:00,2025-01-12 15:09:00,4.0,Sunday,15
Ballard,2025-01-12 16:05:00,2025-01-12 16:09:00,4.0,Sunday,16
Ballard,2025-01-12 20:10:00,2025-01-12 20:15:00,5.0,Sunday,20
Ballard,2025-01-12 21:33:00,2025-01-12 21:38:00,5.0,Sunday,21
Ballard,2025-01-13 02:12:00,2025-01-13 02:21:00,9.0,Monday,2
Ballard,2025-01-13 07:40:00,2025-01-13 07:46:00,6.0,Monday,7
Ballard,2025-01-13 09:18:00,2025-01-13 09:24:00,6.0,Monday,9
Ballard,2025-01-13 12:39:00,2025-01-13 12:44:00,5.0,Monday,12
Ballard,2025-01-13 13:05:00,2025-01-13 13:12:00,7.0,Monday,13
Ballard,2025-01-13 14:07:00,2025-01-13 14:13:00,6.0,Monday,14
Ballard,2025-01-13 21:37:00,2025-01-13 21:43:00,6.0,Monday,21
Ballard,2025-01-14 06:03:00,2025-01-14 06:11:00,8.0,Tuesday,6
Ballard,2025-01-14 11:19:00,2025-01-14 11:23:00,4.0,Tuesday,11
Ballard,2025-01-14 13:03:00,2025-01-14 13:08:00,5.0,Tuesday,13
Ballard,2025-01-14 14:24:00,2025-01-14 14:30:00,6.0,Tuesday,14
Ballard,2025-01-14 18:22:00,2025-01-14 18:29:00,7.0,Tuesday,18
Ballard,2025-01-14 21:46:00,2025-01-14 21:52:00,6.0,Tuesday,21
Ballard,2025-01-15 06:57:00,2025-01-15 07:03:00,6.0,Wednesday,6
Ballard,2025-01-15 07:33:00,2025-01-15 07:39:00,6.0,Wednesday,7
Ballard,2025-01-15 10:35:00,2025-01-15 10:38:00,3.0,Wednesday,10
Ballard,2025-01-15 13:02:00,2025-01-15 13:09:00,7.0,Wednesday,13
Ballard,2025-01-15 14:00:00,2025-01-15 14:05:00,5.0,Wednesday,14
Ballard,2025-01-15 14:15:00,2025-01-15 14:19:00,4.0,Wednesday,14
Ballard,2025-01-15 14:44:00,2025-01-15 14:50:00,6.0,Wednesday,14
Ballard,2025-01-15 20:03:00,2025-01-15 20:08:00,5.0,Wednesday,20
Ballard,2025-01-16 06:55:00,2025-01-16 07:00:00,5.0,Thursday,6
Ballard,2025-01-16 10:09:00,2025-01-16 10:12:00,3.0,Thursday,10
Ballard,2025-01-16 10:49:00,2025-01-16 10:53:00,4.0,Thursday,10
Ballard,2025-01-17 09:41:00,2025-01-17 09:46:00,5.0,Friday,9
Ballard,2025-01-17 11:47:00,2025-01-17 11:51:00,4.0,Friday,11
Ballard,2025-01-17 13:36:00,2025-01-17 13:40:00,4.0,Friday,13
Ballard,2025-01-17 14:40:00,2025-01-17 14:41:00,1.0,Friday,14
Ballard,2025-01-18 10:40:00,2025-01-18 10:44:00,4.0,Saturday,10
Ballard,2025-01-18 11:36:00,2025-01-18 11:42:00,6.0,Saturday,11
Ballard,2025-01-18 14:50:00,2025-01-18 14:54:00,4.0,Saturday,14
Ballard,2025-01-18 18:40:00,2025-01-18 18:44:00,4.0,Saturday,18
Ballard,2025-01-19 11:00:00,2025-01-19 11:04:00,4.0,Sunday,11
Ballard,2025-01-19 13:47:00,2025-01-19 13:51:00,4.0,Sunday,13
Ballard,2025-01-19 16:09:00,2025-01-19 16:12:00,3.0,Sunday,16
Ballard,2025-01-19 18:12:00,2025-01-19 18:15:00,3.0,Sunday,18
Ballard,2025-01-20 12:44:00,2025-01-20 12:48:00,4.0,Monday,12
Ballard,2025-01-20 14:26:00,2025-01-20 14:31:00,5.0,Monday,14
Ballard,2025-01-21 10:33:00,2025-01-21 10:37:00,4.0,Tuesday,10
Ballard,2025-01-21 12:25:00,2025-01-21 12:29:00,4.0,Tuesday,12
Ballard,2025-01-22 09:30:00,2025-01-22 09:35:00,5.0,Wednesday,9
Ballard,2025-01-22 09:45:00,2025-01-22 09:51:00,6.0,Wednesday,9
Ballard,2025-01-22 14:01:00,2025-01-22 14:04:00,3.0,Wednesday,14
Ballard,2025-01-23 13:12:00,2025-01-23 13:16:00,4.0,Thursday,13
Ballard,2025-01-24 12:41:00,2025-01-24 12:45:00,4.0,Friday,12
Ballard,2025-01-24 20:54:00,2025-01-24 20:58:00,4.0,Friday,20
Ballard,2025-01-25 09:09:00,2025-01-25 09:14:00,5.0,Saturday,9
Ballard,2025-01-25 09:29:00,2025-01-25 09:33:00,4.0,Saturday,9
Ballard,2025-01-25 13:49:00,2025-01-25 13:53:00,4.0,Saturday,13
Ballard,2025-01-25 15:56:00,2025-01-25 15:59:00,3.0,Saturday,15
Ballard,2025-01-26 11:17:00,2025-01-26 11:20:00,3.0,Sunday,11
Ballard,2025-01-26 14:32:00,2025-01-26 14:35:00,3.0,Sunday,14
Ballard,2025-01-26 15:40:00,2025-01-26 15:44:00,4.0,Sunday,15
Ballard,2025-01-26 17:39:00,2025-01-26 17:43:00,4.0,Sunday,17
Ballard,2025-01-26 18:05:00,2025-01-26 18:10:00,5.0,Sunday,18
Ballard,2025-01-27 09:22:00,2025-01-27 09:28:00,6.0,Monday,9
Ballard,2025-01-27 11:04:00,2025-01-27 11:08:00,4.0,Monday,11
Ballard,2025-01-28 09:18:00,2025-01-28 09:22:00,4.0,Tuesday,9
Ballard,2025-01-28 12:13:00,2025-01-28 12:17:00,4.0,Tuesday,12
Ballard,2025-01-28 14:58:00,2025-01-28 14:59:00,1.0,Tuesday,14
Ballard,2025-01-28 15:18:00,2025-01-28 15:24:00,6.0,Tuesday,15
Ballard,2025-01-28 17:20:00,2025-01-28 17:21:00,1.0,Tuesday,17
Ballard,2025-01-28 18:32:00,2025-01-28 18:37:00,5.0,Tuesday,18
Ballard,2025-01-28 18:46:00,2025-01-28 18:48:00,2.0,Tuesday,18
Ballard,2025-01-28 18:56:00,2025-01-28 19:00:00,4.0,Tuesday,18
Ballard,2025-01-29 09:02:00,2025-01-29 09:07:00,5.0,Wednesday,9
Ballard,2025-01-29 09:20:00,2025-01-29 09:24:00,4.0,Wednesday,9
Ballard,2025-01-30 09:10:00,2025-01-30 09:13:00,3.0,Thursday,9
Ballard,2025-01-30 11:30:00,2025-01-30 11:33:00,3.0,Thursday,11
Ballard,2025-02-02 12:57:00,2025-02-02 13:01:00,4.0,Sunday,12
Ballard,2025-02-03 13:13:00,2025-02-03 13:15:00,2.0,Monday,13
Ballard,2025-02-04 09:23:00,2025-02-04 09:27:00,4.0,Tuesday,9
Ballard,2025-02-04 11:40:00,2025-02-04 11:44:00,4.0,Tuesday,11
Ballard,2025-02-05 11:15:00,2025-02-05 11:19:00,4.0,Wednesday,11
Ballard,2025-02-05 13:01:00,2025-02-05 13:03:00,2.0,Wednesday,13
Ballard,2025-02-07 10:16:00,2025-02-07 10:19:00,3.0,Friday,10
Ballard,2025-02-08 12:01:00,2025-02-08 12:06:00,5.0,Saturday,12
Ballard,2025-02-08 13:53:00,2025-02-08 13:57:00,4.0,Saturday,13
Ballard,2025-02-08 19:05:00,2025-02-08 19:10:00,5.0,Saturday,19
Ballard,2025-02-09 10:26:00,2025-02-09 10:31:00,5.0,Sunday,10
Ballard,2025-02-09 10:48:00,2025-02-09 10:51:00,3.0,Sunday,10
Ballard,2025-02-09 12:49:00,2025-02-09 12:53:00,4.0,Sunday,12
Ballard,2025-02-09 13:00:00,2025-02-09 13:05:00,5.0,Sunday,13
Ballard,2025-02-09 13:46:00,2025-02-09 13:50:00,4.0,Sunday,13
Ballard,2025-02-12 09:01:00,2025-02-12 09:05:00,4.0,Wednesday,9
Ballard,2025-02-13 09:37:00,2025-02-13 09:40:00,3.0,Thursday,9
Ballard,2025-02-13 15:26:00,2025-02-13 15:29:00,3.0,Thursday,15
Ballard,2025-02-14 09:15:00,2025-02-14 09:21:00,6.0,Friday,9
Ballard,2025-02-14 10:38:00,2025-02-14 10:43:00,5.0,Friday,10
Ballard,2025-02-14 10:56:00,2025-02-14 11:03:00,7.0,Friday,10
Ballard,2025-02-14 13:35:00,2025-02-14 13:41:00,6.0,Friday,13
Ballard,2025-02-14 14:26:00,2025-02-14 14:32:00,6.0,Friday,14
Ballard,2025-02-14 22:12:00,2025-02-14 22:18:00,6.0,Friday,22
Ballard,2025-02-15 10:09:00,2025-02-15 10:16:00,7.0,Saturday,10
Ballard,2025-02-15 10:50:00,2025-02-15 10:53:00,3.0,Saturday,10
Ballard,2025-02-16 10:44:00,2025-02-16 10:47:00,3.0,Sunday,10
Ballard,2025-02-16 12:14:00,2025-02-16 12:17:00,3.0,Sunday,12
Ballard,2025-02-16 12:46:00,2025-02-16 12:50:00,4.0,Sunday,12
Ballard,2025-02-16 17:27:00,2025-02-16 17:33:00,6.0,Sunday,17
Ballard,2025-02-16 22:15:00,2025-02-16 22:22:00,7.0,Sunday,22
Ballard,2025-02-17 09:33:00,2025-02-17 09:38:00,5.0,Monday,9
Ballard,2025-02-17 09:45:00,2025-02-17 09:49:00,4.0,Monday,9
Ballard,2025-02-17 10:50:00,2025-02-17 10:56:00,6.0,Monday,10
Ballard,2025-02-17 11:19:00,2025-02-17 11:25:00,6.0,Monday,11
Ballard,2025-02-18 10:13:00,2025-02-18 10:17:00,4.0,Tuesday,10
Ballard,2025-02-18 10:41:00,2025-02-18 10:49:00,8.0,Tuesday,10
Ballard,2025-02-18 11:59:00,2025-02-18 12:05:00,6.0,Tuesday,11
Ballard,2025-02-18 14:18:00,2025-02-18 14:25:00,7.0,Tuesday,14
Ballard,2025-02-18 16:38:00,2025-02-18 16:48:00,10.0,Tuesday,16
Ballard,2025-02-19 05:32:00,2025-02-19 05:38:00,6.0,Wednesday,5
Ballard,2025-02-19 09:01:00,2025-02-19 09:05:00,4.0,Wednesday,9
Ballard,2025-02-19 12:51:00,2025-02-19 12:57:00,6.0,Wednesday,12
Ballard,2025-02-19 20:07:00,2025-02-19 20:13:00,6.0,Wednesday,20
Ballard,2025-02-20 12:54:00,2025-02-20 13:00:00,6.0,Thursday,12
Ballard,2025-02-20 17:05:00,2025-02-20 17:11:00,6.0,Thursday,17
Ballard,2025-02-20 18:08:00,2025-02-20 18:13:00,5.0,Thursday,18
Ballard,2025-02-20 18:33:00,2025-02-20 18:36:00,3.0,Thursday,18
Ballard,2025-02-21 09:20:00,2025-02-21 09:25:00,5.0,Friday,9
Ballard,2025-02-21 09:45:00,2025-02-21 09:49:00,4.0,Friday,9
Ballard,2025-02-21 12:53:00,2025-02-21 12:59:00,6.0,Friday,12
Ballard,2025-02-21 13:17:00,2025-02-21 13:21:00,4.0,Friday,13
Ballard,2025-02-21 16:50:00,2025-02-21 16:55:00,5.0,Friday,16
Ballard,2025-02-21 17:20:00,2025-02-21 17:25:00,5.0,Friday,17
Ballard,2025-02-21 19:30:00,2025-02-21 19:33:00,3.0,Friday,19
Ballard,2025-02-21 22:08:00,2025-02-21 22:12:00,4.0,Friday,22
Ballard,2025-02-22 09:22:00,2025-02-22 09:27:00,5.0,Saturday,9
Ballard,2025-02-22 11:49:00,2025-02-22 11:54:00,5.0,Saturday,11
Ballard,2025-02-22 16:31:00,2025-02-22 16:35:00,4.0,Saturday,16
Ballard,2025-02-22 17:04:00,2025-02-22 17:07:00,3.0,Saturday,17
Ballard,2025-02-22 17:25:00,2025-02-22 17:29:00,4.0,Saturday,17
Ballard,2025-02-22 17:40:00,2025-02-22 17:44:00,4.0,Saturday,17
Ballard,2025-02-22 20:01:00,2025-02-22 20:05:00,4.0,Saturday,20
Ballard,2025-02-23 08:07:00,2025-02-23 08:11:00,4.0,Sunday,8
Ballard,2025-02-23 09:40:00,2025-02-23 09:44:00,4.0,Sunday,9
Ballard,2025-02-23 10:10:00,2025-02-23 10:17:00,7.0,Sunday,10
Ballard,2025-02-23 10:49:00,2025-02-23 10:54:00,5.0,Sunday,10
Ballard,2025-02-23 11:46:00,2025-02-23 11:54:00,8.0,Sunday,11
Ballard,2025-02-23 14:09:00,2025-02-23 14:10:00,1.0,Sunday,14
Ballard,2025-02-23 14:37:00,2025-02-23 14:43:00,6.0,Sunday,14
Ballard,2025-02-23 15:50:00,2025-02-23 15:54:00,4.0,Sunday,15
Ballard,2025-02-23 16:15:00,2025-02-23 16:20:00,5.0,Sunday,16
Ballard,2025-02-24 09:01:00,2025-02-24 09:05:00,4.0,Monday,9
Ballard,2025-02-24 10:06:00,2025-02-24 10:09:00,3.0,Monday,10
Ballard,2025-02-24 10:52:00,2025-02-24 10:55:00,3.0,Monday,10
Ballard,2025-02-24 20:04:00,2025-02-24 20:08:00,4.0,Monday,20
Ballard,2025-02-25 11:34:00,2025-02-25 11:40:00,6.0,Tuesday,11
Ballard,2025-02-25 18:17:00,2025-02-25 18:22:00,5.0,Tuesday,18
Ballard,2025-02-26 00:34:00,2025-02-26 00:38:00,4.0,Wednesday,0
Ballard,2025-02-26 09:54:00,2025-02-26 09:58:00,4.0,Wednesday,9
Ballard,2025-02-26 10:27:00,2025-02-26 10:32:00,5.0,Wednesday,10
Ballard,2025-02-26 11:00:00,2025-02-26 11:05:00,5.0,Wednesday,11
Ballard,2025-02-26 12:03:00,2025-02-26 12:07:00,4.0,Wednesday,12
Ballard,2025-02-26 14:16:00,2025-02-26 14:20:00,4.0,Wednesday,14
Ballard,2025-02-26 14:55:00,2025-02-26 15:03:00,8.0,Wednesday,14
Ballard,2025-02-26 17:26:00,2025-02-26 17:32:00,6.0,Wednesday,17
Ballard,2025-02-26 18:03:00,2025-02-26 18:08:00,5.0,Wednesday,18
Ballard,2025-02-26 19:30:00,2025-02-26 19:35:00,5.0,Wednesday,19
Ballard,2025-02-27 09:43:00,2025-02-27 09:48:00,5.0,Thursday,9
Ballard,2025-02-27 10:43:00,2025-02-27 10:48:00,5.0,Thursday,10
Ballard,2025-02-27 11:43:00,2025-02-27 11:47:00,4.0,Thursday,11
Ballard,2025-02-27 12:20:00,2025-02-27 12:23:00,3.0,Thursday,12
Ballard,2025-02-27 13:48:00,2025-02-27 13:55:00,7.0,Thursday,13
Ballard,2025-02-27 18:36:00,2025-02-27 18:41:00,5.0,Thursday,18
Ballard,2025-02-28 09:27:00,2025-02-28 09:31:00,4.0,Friday,9
Ballard,2025-02-28 09:41:00,2025-02-28 09:47:00,6.0,Friday,9
Ballard,2025-02-28 10:36:00,2025-02-28 10:41:00,5.0,Friday,10
Ballard,2025-02-28 10:51:00,2025-02-28 10:54:00,3.0,Friday,10
Ballard,2025-02-28 11:41:00,2025-02-28 11:45:00,4.0,Friday,11
Ballard,2025-02-28 12:13:00,2025-02-28 12:18:00,5.0,Friday,12
Ballard,2025-02-28 12:47:00,2025-02-28 12:52:00,5.0,Friday,12
Ballard,2025-02-28 12:57:00,2025-02-28 13:00:00,3.0,Friday,12
Ballard,2025-02-28 13:11:00,2025-02-28 13:15:00,4.0,Friday,13
Ballard,2025-02-28 13:53:00,2025-02-28 13:59:00,6.0,Friday,13
Ballard,2025-02-28 14:42:00,2025-02-28 14:50:00,8.0,Friday,14
Ballard,2025-02-28 18:56:00,2025-02-28 19:00:00,4.0,Friday,18
Ballard,2025-02-28 19:44:00,2025-02-28 19:48:00,4.0,Friday,19
Ballard,2025-02-28 20:35:00,2025-02-28 20:39:00,4.0,Friday,20
Ballard,2025-03-01 08:50:00,2025-03-01 08:59:00,9.0,Saturday,8
Ballard,2025-03-01 10:36:00,2025-03-01 10:40:00,4.0,Saturday,10
Ballard,2025-03-01 19:01:00,2025-03-01 19:05:00,4.0,Saturday,19
Ballard,2025-03-01 20:29:00,2025-03-01 20:32:00,3.0,Saturday,20
Ballard,2025-03-02 12:56:00,2025-03-02 13:00:00,4.0,Sunday,12
Ballard,2025-03-02 18:11:00,2025-03-02 18:16:00,5.0,Sunday,18
Ballard,2025-03-02 22:08:00,2025-03-02 22:13:00,5.0,Sunday,22
Ballard,2025-03-03 03:15:00,2025-03-03 03:20:00,5.0,Monday,3
Ballard,2025-03-03 09:01:00,2025-03-03 09:07:00,6.0,Monday,9
Ballard,2025-03-03 09:45:00,2025-03-03 09:49:00,4.0,Monday,9
Ballard,2025-03-03 15:10:00,2025-03-03 15:17:00,7.0,Monday,15
Ballard,2025-03-03 18:52:00,2025-03-03 18:57:00,5.0,Monday,18
Ballard,2025-03-04 00:01:00,2025-03-04 00:07:00,6.0,Tuesday,0
Ballard,2025-03-04 09:01:00,2025-03-04 09:06:00,5.0,Tuesday,9
Ballard,2025-03-04 12:59:00,2025-03-04 13:03:00,4.0,Tuesday,12
Ballard,2025-03-04 14:16:00,2025-03-04 14:22:00,6.0,Tuesday,14
Ballard,2025-03-04 18:00:00,2025-03-04 18:05:00,5.0,Tuesday,18
Ballard,2025-03-04 22:05:00,2025-03-04 22:12:00,7.0,Tuesday,22
Ballard,2025-03-05 11:04:00,2025-03-05 11:10:00,6.0,Wednesday,11
Ballard,2025-03-05 13:01:00,2025-03-05 13:05:00,4.0,Wednesday,13
Ballard,2025-03-05 13:20:00,2025-03-05 13:25:00,5.0,Wednesday,13
Ballard,2025-03-05 14:38:00,2025-03-05 14:44:00,6.0,Wednesday,14
Ballard,2025-03-05 15:05:00,2025-03-05 15:11:00,6.0,Wednesday,15
Ballard,2025-03-05 15:55:00,2025-03-05 15:59:00,4.0,Wednesday,15
Ballard,2025-03-05 20:20:00,2025-03-05 20:26:00,6.0,Wednesday,20
Ballard,2025-03-06 11:13:00,2025-03-06 11:17:00,4.0,Thursday,11
Ballard,2025-03-06 13:20:00,2025-03-06 13:25:00,5.0,Thursday,13
Ballard,2025-03-06 14:03:00,2025-03-06 14:10:00,7.0,Thursday,14
Ballard,2025-03-06 18:00:00,2025-03-06 18:05:00,5.0,Thursday,18
Ballard,2025-03-06 22:43:00,2025-03-06 22:47:00,4.0,Thursday,22
Ballard,2025-03-07 09:44:00,2025-03-07 09:48:00,4.0,Friday,9
Ballard,2025-03-07 12:11:00,2025-03-07 12:15:00,4.0,Friday,12
Ballard,2025-03-07 14:13:00,2025-03-07 14:16:00,3.0,Friday,14
Ballard,2025-03-07 15:06:00,2025-03-07 15:11:00,5.0,Friday,15
Ballard,2025-03-07 15:59:00,2025-03-07 16:07:00,8.0,Friday,15
Ballard,2025-03-07 19:13:00,2025-03-07 19:17:00,4.0,Friday,19
Ballard,2025-03-07 20:14:00,2025-03-07 20:19:00,5.0,Friday,20
Ballard,2025-03-08 11:01:00,2025-03-08 11:04:00,3.0,Saturday,11
Ballard,2025-03-08 15:29:00,2025-03-08 15:32:00,3.0,Saturday,15
Ballard,2025-03-08 17:26:00,2025-03-08 17:30:00,4.0,Saturday,17
Ballard,2025-03-09 11:37:00,2025-03-09 11:43:00,6.0,Sunday,11
Ballard,2025-03-09 12:33:00,2025-03-09 12:37:00,4.0,Sunday,12
Ballard,2025-03-09 14:44:00,2025-03-09 14:48:00,4.0,Sunday,14
Ballard,2025-03-09 21:04:00,2025-03-09 21:07:00,3.0,Sunday,21
Ballard,2025-03-10 14:48:00,2025-03-10 14:52:00,4.0,Monday,14
Ballard,2025-03-10 14:55:00,2025-03-10 15:01:00,6.0,Monday,14
Ballard,2025-03-10 20:52:00,2025-03-10 20:57:00,5.0,Monday,20
Ballard,2025-03-11 09:01:00,2025-03-11 09:06:00,5.0,Tuesday,9
Ballard,2025-03-11 12:13:00,2025-03-11 12:17:00,4.0,Tuesday,12
Ballard,2025-03-11 14:58:00,2025-03-11 15:02:00,4.0,Tuesday,14
Ballard,2025-03-11 15:11:00,2025-03-11 15:18:00,7.0,Tuesday,15
Ballard,2025-03-11 20:34:00,2025-03-11 20:39:00,5.0,Tuesday,20
Ballard,2025-03-12 11:04:00,2025-03-12 11:09:00,5.0,Wednesday,11
Ballard,2025-03-12 12:21:00,2025-03-12 12:25:00,4.0,Wednesday,12
Ballard,2025-03-12 18:01:00,2025-03-12 18:05:00,4.0,Wednesday,18
Ballard,2025-03-12 22:52:00,2025-03-12 22:56:00,4.0,Wednesday,22
Ballard,2025-03-13 09:12:00,2025-03-13 09:15:00,3.0,Thursday,9
Ballard,2025-03-13 09:31:00,2025-03-13 09:35:00,4.0,Thursday,9
Ballard,2025-03-13 09:52:00,2025-03-13 09:57:00,5.0,Thursday,9
Ballard,2025-03-13 10:19:00,2025-03-13 10:22:00,3.0,Thursday,10
Ballard,2025-03-13 10:45:00,2025-03-13 10:50:00,5.0,Thursday,10
Ballard,2025-03-13 11:43:00,2025-03-13 11:47:00,4.0,Thursday,11
Ballard,2025-03-13 12:14:00,2025-03-13 12:18:00,4.0,Thursday,12
Ballard,2025-03-13 12:47:00,2025-03-13 12:50:00,3.0,Thursday,12
Ballard,2025-03-13 13:41:00,2025-03-13 13:46:00,5.0,Thursday,13
Ballard,2025-03-13 14:26:00,2025-03-13 14:30:00,4.0,Thursday,14
Ballard,2025-03-13 18:02:00,2025-03-13 18:08:00,6.0,Thursday,18
Ballard,2025-03-13 18:25:00,2025-03-13 18:28:00,3.0,Thursday,18
Ballard,2025-03-13 20:23:00,2025-03-13 20:26:00,3.0,Thursday,20
Ballard,2025-03-13 22:51:00,2025-03-13 22:55:00,4.0,Thursday,22
Ballard,2025-03-14 09:08:00,2025-03-14 09:15:00,7.0,Friday,9
Ballard,2025-03-14 09:51:00,2025-03-14 09:55:00,4.0,Friday,9
Ballard,2025-03-14 10:38:00,2025-03-14 10:43:00,5.0,Friday,10
Ballard,2025-03-14 11:23:00,2025-03-14 11:27:00,4.0,Friday,11
Ballard,2025-03-14 11:42:00,2025-03-14 11:50:00,8.0,Friday,11
Ballard,2025-03-14 12:05:00,2025-03-14 12:09:00,4.0,Friday,12
Ballard,2025-03-14 12:29:00,2025-03-14 12:33:00,4.0,Friday,12
Ballard,2025-03-14 13:08:00,2025-03-14 13:12:00,4.0,Friday,13
Ballard,2025-03-14 13:31:00,2025-03-14 13:36:00,5.0,Friday,13
Ballard,2025-03-14 13:46:00,2025-03-14 13:51:00,5.0,Friday,13
Ballard,2025-03-14 14:04:00,2025-03-14 14:09:00,5.0,Friday,14
Ballard,2025-03-14 15:03:00,2025-03-14 15:07:00,4.0,Friday,15
Ballard,2025-03-14 15:30:00,2025-03-14 15:36:00,6.0,Friday,15
Ballard,2025-03-14 19:28:00,2025-03-14 19:32:00,4.0,Friday,19
Ballard,2025-03-15 14:59:00,2025-03-15 15:03:00,4.0,Saturday,14
Ballard,2025-03-15 15:21:00,2025-03-15 15:26:00,5.0,Saturday,15
Ballard,2025-03-15 15:45:00,2025-03-15 15:49:00,4.0,Saturday,15
Ballard,2025-03-15 16:25:00,2025-03-15 16:30:00,5.0,Saturday,16
Ballard,2025-03-15 17:04:00,2025-03-15 17:08:00,4.0,Saturday,17
Ballard,2025-03-15 17:28:00,2025-03-15 17:32:00,4.0,Saturday,17
Ballard,2025-03-15 17:58:00,2025-03-15 18:04:00,6.0,Saturday,17
Ballard,2025-03-15 18:40:00,2025-03-15 18:44:00,4.0,Saturday,18
Ballard,2025-03-15 19:06:00,2025-03-15 19:10:00,4.0,Saturday,19
Ballard,2025-03-15 20:14:00,2025-03-15 20:17:00,3.0,Saturday,20
Ballard,2025-03-15 20:35:00,2025-03-15 20:38:00,3.0,Saturday,20
Ballard,2025-03-16 07:39:00,2025-03-16 07:44:00,5.0,Sunday,7
Ballard,2025-03-16 13:38:00,2025-03-16 13:41:00,3.0,Sunday,13
Ballard,2025-03-16 15:06:00,2025-03-16 15:10:00,4.0,Sunday,15
Ballard,2025-03-16 15:28:00,2025-03-16 15:31:00,3.0,Sunday,15
Ballard,2025-03-16 15:48:00,2025-03-16 15:52:00,4.0,Sunday,15
Ballard,2025-03-16 16:22:00,2025-03-16 16:25:00,3.0,Sunday,16
Ballard,2025-03-16 17:23:00,2025-03-16 17:27:00,4.0,Sunday,17
Ballard,2025-03-16 18:02:00,2025-03-16 18:13:00,11.0,Sunday,18
Ballard,2025-03-16 18:39:00,2025-03-16 18:44:00,5.0,Sunday,18
Ballard,2025-03-16 18:56:00,2025-03-16 19:00:00,4.0,Sunday,18
Ballard,2025-03-16 19:30:00,2025-03-16 19:35:00,5.0,Sunday,19
Ballard,2025-03-16 20:35:00,2025-03-16 20:41:00,6.0,Sunday,20
Ballard,2025-03-16 21:28:00,2025-03-16 21:32:00,4.0,Sunday,21
Ballard,2025-03-16 22:00:00,2025-03-16 22:03:00,3.0,Sunday,22
Ballard,2025-03-17 09:01:00,2025-03-17 09:06:00,5.0,Monday,9
Ballard,2025-03-17 09:40:00,2025-03-17 09:46:00,6.0,Monday,9
Ballard,2025-03-17 11:54:00,2025-03-17 11:59:00,5.0,Monday,11
Ballard,2025-03-17 13:41:00,2025-03-17 13:47:00,6.0,Monday,13
Ballard,2025-03-17 14:33:00,2025-03-17 14:40:00,7.0,Monday,14
Ballard,2025-03-17 19:21:00,2025-03-17 19:25:00,4.0,Monday,19
Ballard,2025-03-18 09:43:00,2025-03-18 09:47:00,4.0,Tuesday,9
Ballard,2025-03-18 14:15:00,2025-03-18 14:22:00,7.0,Tuesday,14
Ballard,2025-03-18 18:01:00,2025-03-18 18:04:00,3.0,Tuesday,18
Ballard,2025-03-18 19:17:00,2025-03-18 19:22:00,5.0,Tuesday,19
Ballard,2025-03-19 05:07:00,2025-03-19 05:12:00,5.0,Wednesday,5
Ballard,2025-03-19 12:45:00,2025-03-19 12:48:00,3.0,Wednesday,12
Ballard,2025-03-19 13:22:00,2025-03-19 13:25:00,3.0,Wednesday,13
Ballard,2025-03-19 13:36:00,2025-03-19 13:39:00,3.0,Wednesday,13
Ballard,2025-03-19 13:56:00,2025-03-19 14:02:00,6.0,Wednesday,13
Ballard,2025-03-19 14:52:00,2025-03-19 14:58:00,6.0,Wednesday,14
Ballard,2025-03-19 16:11:00,2025-03-19 16:17:00,6.0,Wednesday,16
Ballard,2025-03-19 18:21:00,2025-03-19 18:27:00,6.0,Wednesday,18
Ballard,2025-03-20 09:23:00,2025-03-20 09:33:00,10.0,Thursday,9
Ballard,2025-03-20 15:24:00,2025-03-20 15:28:00,4.0,Thursday,15
Ballard,2025-03-20 18:00:00,2025-03-20 18:04:00,4.0,Thursday,18
Ballard,2025-03-20 22:03:00,2025-03-20 22:08:00,5.0,Thursday,22
Ballard,2025-03-21 10:29:00,2025-03-21 10:33:00,4.0,Friday,10
Ballard,2025-03-21 12:00:00,2025-03-21 12:05:00,5.0,Friday,12
Ballard,2025-03-21 14:26:00,2025-03-21 14:31:00,5.0,Friday,14
Ballard,2025-03-21 14:39:00,2025-03-21 14:47:00,8.0,Friday,14
Ballard,2025-03-21 15:13:00,2025-03-21 15:18:00,5.0,Friday,15
Ballard,2025-03-21 20:05:00,2025-03-21 20:10:00,5.0,Friday,20
Ballard,2025-03-22 09:43:00,2025-03-22 09:48:00,5.0,Saturday,9
Ballard,2025-03-22 10:49:00,2025-03-22 10:56:00,7.0,Saturday,10
Ballard,2025-03-22 11:44:00,2025-03-22 11:47:00,3.0,Saturday,11
Ballard,2025-03-22 13:05:00,2025-03-22 13:09:00,4.0,Saturday,13
Ballard,2025-03-22 14:32:00,2025-03-22 14:37:00,5.0,Saturday,14
Ballard,2025-03-22 15:52:00,2025-03-22 15:56:00,4.0,Saturday,15
Ballard,2025-03-22 17:20:00,2025-03-22 17:23:00,3.0,Saturday,17
Ballard,2025-03-22 17:46:00,2025-03-22 17:50:00,4.0,Saturday,17
Ballard,2025-03-23 12:12:00,2025-03-23 12:16:00,4.0,Sunday,12
Ballard,2025-03-23 13:52:00,2025-03-23 13:56:00,4.0,Sunday,13
Ballard,2025-03-24 10:53:00,2025-03-24 10:59:00,6.0,Monday,10
Ballard,2025-03-24 12:53:00,2025-03-24 12:57:00,4.0,Monday,12
Ballard,2025-03-24 14:12:00,2025-03-24 14:18:00,6.0,Monday,14
Ballard,2025-03-24 19:23:00,2025-03-24 19:28:00,5.0,Monday,19
Ballard,2025-03-24 21:59:00,2025-03-24 22:04:00,5.0,Monday,21
Ballard,2025-03-25 11:21:00,2025-03-25 11:27:00,6.0,Tuesday,11
Ballard,2025-03-25 12:25:00,2025-03-25 12:29:00,4.0,Tuesday,12
Ballard,2025-03-25 14:31:00,2025-03-25 14:37:00,6.0,Tuesday,14
Ballard,2025-03-25 15:32:00,2025-03-25 15:35:00,3.0,Tuesday,15
Ballard,2025-03-25 19:52:00,2025-03-25 19:57:00,5.0,Tuesday,19
Ballard,2025-03-26 06:54:00,2025-03-26 07:00:00,6.0,Wednesday,6
Ballard,2025-03-26 12:50:00,2025-03-26 12:58:00,8.0,Wednesday,12
Ballard,2025-03-26 14:19:00,2025-03-26 14:22:00,3.0,Wednesday,14
Ballard,2025-03-26 14:30:00,2025-03-26 14:35:00,5.0,Wednesday,14
Ballard,2025-03-26 14:41:00,2025-03-26 14:47:00,6.0,Wednesday,14
Ballard,2025-03-26 15:45:00,2025-03-26 15:50:00,5.0,Wednesday,15
Ballard,2025-03-26 18:08:00,2025-03-26 18:16:00,8.0,Wednesday,18
Ballard,2025-03-26 19:28:00,2025-03-26 19:32:00,4.0,Wednesday,19
Ballard,2025-03-27 09:08:00,2025-03-27 09:12:00,4.0,Thursday,9
Ballard,2025-03-27 11:01:00,2025-03-27 11:10:00,9.0,Thursday,11
Ballard,2025-03-27 13:27:00,2025-03-27 13:31:00,4.0,Thursday,13
Ballard,2025-03-27 14:21:00,2025-03-27 14:24:00,3.0,Thursday,14
Ballard,2025-03-27 14:44:00,2025-03-27 14:57:00,13.0,Thursday,14
Ballard,2025-03-27 15:45:00,2025-03-27 15:51:00,6.0,Thursday,15
Ballard,2025-03-27 19:18:00,2025-03-27 19:23:00,5.0,Thursday,19
Ballard,2025-03-27 20:19:00,2025-03-27 20:23:00,4.0,Thursday,20
Ballard,2025-03-28 09:11:00,2025-03-28 09:16:00,5.0,Friday,9
Ballard,2025-03-28 09:54:00,2025-03-28 09:59:00,5.0,Friday,9
Ballard,2025-03-28 10:40:00,2025-03-28 10:43:00,3.0,Friday,10
Ballard,2025-03-28 12:04:00,2025-03-28 12:07:00,3.0,Friday,12
Ballard,2025-03-28 13:47:00,2025-03-28 13:53:00,6.0,Friday,13
Ballard,2025-03-28 14:11:00,2025-03-28 14:15:00,4.0,Friday,14
Ballard,2025-03-28 15:02:00,2025-03-28 15:08:00,6.0,Friday,15
Ballard,2025-03-28 21:11:00,2025-03-28 21:16:00,5.0,Friday,21
Ballard,2025-03-29 09:07:00,2025-03-29 09:12:00,5.0,Saturday,9
Ballard,2025-03-29 10:38:00,2025-03-29 10:41:00,3.0,Saturday,10
Ballard,2025-03-29 11:01:00,2025-03-29 11:04:00,3.0,Saturday,11
Ballard,2025-03-29 12:12:00,2025-03-29 12:15:00,3.0,Saturday,12
Ballard,2025-03-29 13:05:00,2025-03-29 13:09:00,4.0,Saturday,13
Ballard,2025-03-29 14:19:00,2025-03-29 14:23:00,4.0,Saturday,14
Ballard,2025-03-29 14:59:00,2025-03-29 15:03:00,4.0,Saturday,14
Ballard,2025-03-29 16:54:00,2025-03-29 16:58:00,4.0,Saturday,16
Ballard,2025-03-29 18:08:00,2025-03-29 18:12:00,4.0,Saturday,18
Ballard,2025-03-29 18:54:00,2025-03-29 18:57:00,3.0,Saturday,18
Ballard,2025-03-30 08:14:00,2025-03-30 08:20:00,6.0,Sunday,8
Ballard,2025-03-30 10:53:00,2025-03-30 10:58:00,5.0,Sunday,10
Ballard,2025-03-30 11:44:00,2025-03-30 11:47:00,3.0,Sunday,11
Ballard,2025-03-30 12:02:00,2025-03-30 12:06:00,4.0,Sunday,12
Ballard,2025-03-30 14:51:00,2025-03-30 14:54:00,3.0,Sunday,14
Ballard,2025-03-30 18:11:00,2025-03-30 18:17:00,6.0,Sunday,18
Ballard,2025-03-31 00:26:00,2025-03-31 00:31:00,5.0,Monday,0
Ballard,2025-03-31 14:21:00,2025-03-31 14:25:00,4.0,Monday,14
Ballard,2025-03-31 16:30:00,2025-03-31 16:37:00,7.0,Monday,16
Ballard,2025-03-31 18:01:00,2025-03-31 18:08:00,7.0,Monday,18
Ballard,2025-03-31 19:09:00,2025-03-31 19:13:00,4.0,Monday,19
Ballard,2025-03-31 20:26:00,2025-03-31 20:30:00,4.0,Monday,20
Ballard,2025-03-31 23:42:00,2025-03-31 23:47:00,5.0,Monday,23
Ballard,2025-04-01 10:44:00,2025-04-01 10:48:00,4.0,Tuesday,10
Ballard,2025-04-01 13:04:00,2025-04-01 13:07:00,3.0,Tuesday,13
Ballard,2025-04-01 14:19:00,2025-04-01 14:24:00,5.0,Tuesday,14
Ballard,2025-04-01 19:03:00,2025-04-01 19:09:00,6.0,Tuesday,19
Ballard,2025-04-02 09:49:00,2025-04-02 09:53:00,4.0,Wednesday,9
Ballard,2025-04-02 14:25:00,2025-04-02 14:30:00,5.0,Wednesday,14
Ballard,2025-04-02 15:16:00,2025-04-02 15:20:00,4.0,Wednesday,15
Ballard,2025-04-02 19:18:00,2025-04-02 19:23:00,5.0,Wednesday,19
Ballard,2025-04-03 10:54:00,2025-04-03 10:57:00,3.0,Thursday,10
Ballard,2025-04-03 12:30:00,2025-04-03 12:34:00,4.0,Thursday,12
Ballard,2025-04-03 12:42:00,2025-04-03 12:46:00,4.0,Thursday,12
Ballard,2025-04-03 13:33:00,2025-04-03 13:38:00,5.0,Thursday,13
Ballard,2025-04-03 15:24:00,2025-04-03 15:29:00,5.0,Thursday,15
Ballard,2025-04-03 20:35:00,2025-04-03 20:41:00,6.0,Thursday,20
Ballard,2025-04-04 09:51:00,2025-04-04 10:02:00,11.0,Friday,9
Ballard,2025-04-04 10:52:00,2025-04-04 10:55:00,3.0,Friday,10
Ballard,2025-04-04 11:36:00,2025-04-04 11:42:00,6.0,Friday,11
Ballard,2025-04-04 12:48:00,2025-04-04 12:52:00,4.0,Friday,12
Ballard,2025-04-04 13:38:00,2025-04-04 13:42:00,4.0,Friday,13
Ballard,2025-04-04 14:07:00,2025-04-04 14:11:00,4.0,Friday,14
Ballard,2025-04-04 14:41:00,2025-04-04 14:45:00,4.0,Friday,14
Ballard,2025-04-04 15:30:00,2025-04-04 15:35:00,5.0,Friday,15
Ballard,2025-04-04 18:00:00,2025-04-04 18:06:00,6.0,Friday,18
Ballard,2025-04-04 18:18:00,2025-04-04 18:22:00,4.0,Friday,18
Ballard,2025-04-04 19:47:00,2025-04-04 19:54:00,7.0,Friday,19
Ballard,2025-04-04 22:50:00,2025-04-04 22:56:00,6.0,Friday,22
Ballard,2025-04-05 09:48:00,2025-04-05 09:53:00,5.0,Saturday,9
Ballard,2025-04-05 11:29:00,2025-04-05 11:35:00,6.0,Saturday,11
Ballard,2025-04-05 11:52:00,2025-04-05 11:56:00,4.0,Saturday,11
Ballard,2025-04-05 12:12:00,2025-04-05 12:18:00,6.0,Saturday,12
Ballard,2025-04-05 12:35:00,2025-04-05 12:39:00,4.0,Saturday,12
Ballard,2025-04-05 13:43:00,2025-04-05 13:48:00,5.0,Saturday,13
Ballard,2025-04-05 15:02:00,2025-04-05 15:06:00,4.0,Saturday,15
Ballard,2025-04-05 15:26:00,2025-04-05 15:30:00,4.0,Saturday,15
Ballard,2025-04-05 15:45:00,2025-04-05 15:49:00,4.0,Saturday,15
Ballard,2025-04-05 16:22:00,2025-04-05 16:26:00,4.0,Saturday,16
Ballard,2025-04-05 17:45:00,2025-04-05 17:48:00,3.0,Saturday,17
Ballard,2025-04-05 18:08:00,2025-04-05 18:12:00,4.0,Saturday,18
Ballard,2025-04-05 18:38:00,2025-04-05 18:42:00,4.0,Saturday,18
Ballard,2025-04-05 19:11:00,2025-04-05 19:14:00,3.0,Saturday,19
Ballard,2025-04-05 19:23:00,2025-04-05 19:27:00,4.0,Saturday,19
Ballard,2025-04-05 21:58:00,2025-04-05 22:04:00,6.0,Saturday,21
Ballard,2025-04-06 09:35:00,2025-04-06 09:39:00,4.0,Sunday,9
Ballard,2025-04-06 11:43:00,2025-04-06 11:47:00,4.0,Sunday,11
Ballard,2025-04-06 13:03:00,2025-04-06 13:08:00,5.0,Sunday,13
Ballard,2025-04-06 13:27:00,2025-04-06 13:31:00,4.0,Sunday,13
Ballard,2025-04-06 13:54:00,2025-04-06 13:59:00,5.0,Sunday,13
Ballard,2025-04-06 14:07:00,2025-04-06 14:10:00,3.0,Sunday,14
Ballard,2025-04-06 15:47:00,2025-04-06 15:51:00,4.0,Sunday,15
Ballard,2025-04-06 16:57:00,2025-04-06 17:02:00,5.0,Sunday,16
Ballard,2025-04-06 18:25:00,2025-04-06 18:29:00,4.0,Sunday,18
Ballard,2025-04-06 19:41:00,2025-04-06 19:44:00,3.0,Sunday,19
Ballard,2025-04-07 06:52:00,2025-04-07 06:57:00,5.0,Monday,6
Ballard,2025-04-07 09:41:00,2025-04-07 09:45:00,4.0,Monday,9
Ballard,2025-04-07 10:12:00,2025-04-07 10:17:00,5.0,Monday,10
Ballard,2025-04-07 12:35:00,2025-04-07 12:38:00,3.0,Monday,12
Ballard,2025-04-07 14:40:00,2025-04-07 14:46:00,6.0,Monday,14
Ballard,2025-04-07 21:37:00,2025-04-07 21:41:00,4.0,Monday,21
Ballard,2025-04-08 14:00:00,2025-04-08 14:06:00,6.0,Tuesday,14
Ballard,2025-04-08 14:34:00,2025-04-08 14:38:00,4.0,Tuesday,14
Ballard,2025-04-08 15:09:00,2025-04-08 15:15:00,6.0,Tuesday,15
Ballard,2025-04-09 02:03:00,2025-04-09 02:07:00,4.0,Wednesday,2
Ballard,2025-04-09 11:17:00,2025-04-09 11:21:00,4.0,Wednesday,11
Ballard,2025-04-09 11:28:00,2025-04-09 11:33:00,5.0,Wednesday,11
Ballard,2025-04-09 17:56:00,2025-04-09 18:02:00,6.0,Wednesday,17
Ballard,2025-04-10 09:01:00,2025-04-10 09:07:00,6.0,Thursday,9
Ballard,2025-04-10 09:14:00,2025-04-10 09:18:00,4.0,Thursday,9
Ballard,2025-04-10 12:50:00,2025-04-10 12:54:00,4.0,Thursday,12
Ballard,2025-04-10 14:58:00,2025-04-10 15:02:00,4.0,Thursday,14
Ballard,2025-04-10 15:18:00,2025-04-10 15:22:00,4.0,Thursday,15
Ballard,2025-04-11 00:34:00,2025-04-11 00:39:00,5.0,Friday,0
Ballard,2025-04-11 09:05:00,2025-04-11 09:13:00,8.0,Friday,9
Ballard,2025-04-11 11:55:00,2025-04-11 11:59:00,4.0,Friday,11
Ballard,2025-04-11 12:18:00,2025-04-11 12:23:00,5.0,Friday,12
Ballard,2025-04-11 13:03:00,2025-04-11 13:12:00,9.0,Friday,13
Ballard,2025-04-11 15:14:00,2025-04-11 15:20:00,6.0,Friday,15
Ballard,2025-04-11 18:01:00,2025-04-11 18:05:00,4.0,Friday,18
Ballard,2025-04-11 19:37:00,2025-04-11 19:41:00,4.0,Friday,19
Ballard,2025-04-12 03:36:00,2025-04-12 03:40:00,4.0,Saturday,3
Ballard,2025-04-12 07:55:00,2025-04-12 07:59:00,4.0,Saturday,7
Ballard,2025-04-12 11:27:00,2025-04-12 11:32:00,5.0,Saturday,11
Ballard,2025-04-12 12:12:00,2025-04-12 12:16:00,4.0,Saturday,12
Ballard,2025-04-12 13:02:00,2025-04-12 13:06:00,4.0,Saturday,13
Ballard,2025-04-12 16:14:00,2025-04-12 16:18:00,4.0,Saturday,16
Ballard,2025-04-12 16:31:00,2025-04-12 16:35:00,4.0,Saturday,16
Ballard,2025-04-12 19:01:00,2025-04-12 19:05:00,4.0,Saturday,19
Ballard,2025-04-12 20:09:00,2025-04-12 20:13:00,4.0,Saturday,20
Ballard,2025-04-13 08:31:00,2025-04-13 08:36:00,5.0,Sunday,8
Ballard,2025-04-13 09:22:00,2025-04-13 09:26:00,4.0,Sunday,9
Ballard,2025-04-13 13:29:00,2025-04-13 13:33:00,4.0,Sunday,13
Ballard,2025-04-13 14:43:00,2025-04-13 14:48:00,5.0,Sunday,14
Ballard,2025-04-13 15:49:00,2025-04-13 15:52:00,3.0,Sunday,15
Ballard,2025-04-13 16:29:00,2025-04-13 16:36:00,7.0,Sunday,16
Ballard,2025-04-13 17:16:00,2025-04-13 17:19:00,3.0,Sunday,17
Ballard,2025-04-13 17:27:00,2025-04-13 17:31:00,4.0,Sunday,17
Ballard,2025-04-13 17:48:00,2025-04-13 17:51:00,3.0,Sunday,17
Ballard,2025-04-13 18:16:00,2025-04-13 18:19:00,3.0,Sunday,18
Ballard,2025-04-13 19:21:00,2025-04-13 19:25:00,4.0,Sunday,19
Ballard,2025-04-14 09:35:00,2025-04-14 09:40:00,5.0,Monday,9
Ballard,2025-04-14 11:32:00,2025-04-14 11:36:00,4.0,Monday,11
Ballard,2025-04-14 11:45:00,2025-04-14 11:50:00,5.0,Monday,11
Ballard,2025-04-14 15:01:00,2025-04-14 15:07:00,6.0,Monday,15
Ballard,2025-04-14 20:01:00,2025-04-14 20:06:00,5.0,Monday,20
Ballard,2025-04-15 12:46:00,2025-04-15 12:52:00,6.0,Tuesday,12
Ballard,2025-04-15 13:53:00,2025-04-15 13:57:00,4.0,Tuesday,13
Ballard,2025-04-15 14:40:00,2025-04-15 14:44:00,4.0,Tuesday,14
Ballard,2025-04-15 15:06:00,2025-04-15 15:12:00,6.0,Tuesday,15
Ballard,2025-04-15 19:55:00,2025-04-15 19:59:00,4.0,Tuesday,19
Ballard,2025-04-16 10:10:00,2025-04-16 10:15:00,5.0,Wednesday,10
Ballard,2025-04-16 10:56:00,2025-04-16 10:59:00,3.0,Wednesday,10
Ballard,2025-04-16 12:35:00,2025-04-16 12:40:00,5.0,Wednesday,12
Ballard,2025-04-16 13:46:00,2025-04-16 13:49:00,3.0,Wednesday,13
Ballard,2025-04-17 09:05:00,2025-04-17 09:10:00,5.0,Thursday,9
Ballard,2025-04-17 09:37:00,2025-04-17 09:41:00,4.0,Thursday,9
Ballard,2025-04-17 10:30:00,2025-04-17 10:34:00,4.0,Thursday,10
Ballard,2025-04-17 12:09:00,2025-04-17 12:14:00,5.0,Thursday,12
Ballard,2025-04-17 13:45:00,2025-04-17 13:49:00,4.0,Thursday,13
Ballard,2025-04-17 14:24:00,2025-04-17 14:28:00,4.0,Thursday,14
Ballard,2025-04-17 15:21:00,2025-04-17 15:25:00,4.0,Thursday,15
Ballard,2025-04-17 18:03:00,2025-04-17 18:07:00,4.0,Thursday,18
Ballard,2025-04-17 20:06:00,2025-04-17 20:10:00,4.0,Thursday,20
Ballard,2025-04-17 20:36:00,2025-04-17 20:40:00,4.0,Thursday,20
Ballard,2025-04-17 21:23:00,2025-04-17 21:27:00,4.0,Thursday,21
Ballard,2025-04-18 09:55:00,2025-04-18 09:59:00,4.0,Friday,9
Ballard,2025-04-18 10:17:00,2025-04-18 10:21:00,4.0,Friday,10
Ballard,2025-04-18 11:10:00,2025-04-18 11:14:00,4.0,Friday,11
Ballard,2025-04-18 11:21:00,2025-04-18 11:25:00,4.0,Friday,11
Ballard,2025-04-18 15:05:00,2025-04-18 15:10:00,5.0,Friday,15
Ballard,2025-04-18 15:23:00,2025-04-18 15:26:00,3.0,Friday,15
Ballard,2025-04-18 18:00:00,2025-04-18 18:05:00,5.0,Friday,18
Ballard,2025-04-19 06:32:00,2025-04-19 06:39:00,7.0,Saturday,6
Ballard,2025-04-19 07:49:00,2025-04-19 07:54:00,5.0,Saturday,7
Ballard,2025-04-19 14:16:00,2025-04-19 14:21:00,5.0,Saturday,14
Ballard,2025-04-19 15:46:00,2025-04-19 15:50:00,4.0,Saturday,15
Ballard,2025-04-19 16:26:00,2025-04-19 16:29:00,3.0,Saturday,16
Ballard,2025-04-19 17:22:00,2025-04-19 17:26:00,4.0,Saturday,17
Ballard,2025-04-19 19:21:00,2025-04-19 19:24:00,3.0,Saturday,19
Ballard,2025-04-20 09:11:00,2025-04-20 09:15:00,4.0,Sunday,9
Ballard,2025-04-20 14:32:00,2025-04-20 14:37:00,5.0,Sunday,14
Ballard,2025-04-20 15:05:00,2025-04-20 15:09:00,4.0,Sunday,15
Ballard,2025-04-20 17:36:00,2025-04-20 17:40:00,4.0,Sunday,17
Ballard,2025-04-21 09:02:00,2025-04-21 09:07:00,5.0,Monday,9
Ballard,2025-04-21 09:16:00,2025-04-21 09:20:00,4.0,Monday,9
Ballard,2025-04-21 09:59:00,2025-04-21 10:02:00,3.0,Monday,9
Ballard,2025-04-21 10:13:00,2025-04-21 10:16:00,3.0,Monday,10
Ballard,2025-04-21 12:27:00,2025-04-21 12:31:00,4.0,Monday,12
Ballard,2025-04-21 12:43:00,2025-04-21 12:48:00,5.0,Monday,12
Ballard,2025-04-21 13:42:00,2025-04-21 13:46:00,4.0,Monday,13
Ballard,2025-04-22 09:01:00,2025-04-22 09:06:00,5.0,Tuesday,9
Ballard,2025-04-22 10:03:00,2025-04-22 10:10:00,7.0,Tuesday,10
Ballard,2025-04-22 14:42:00,2025-04-22 14:45:00,3.0,Tuesday,14
Ballard,2025-04-22 18:00:00,2025-04-22 18:06:00,6.0,Tuesday,18
Ballard,2025-04-22 22:15:00,2025-04-22 22:20:00,5.0,Tuesday,22
Ballard,2025-04-22 22:31:00,2025-04-22 22:35:00,4.0,Tuesday,22
Ballard,2025-04-23 10:45:00,2025-04-23 10:49:00,4.0,Wednesday,10
Ballard,2025-04-23 11:34:00,2025-04-23 11:38:00,4.0,Wednesday,11
Ballard,2025-04-23 13:39:00,2025-04-23 13:43:00,4.0,Wednesday,13
Ballard,2025-04-23 14:51:00,2025-04-23 14:58:00,7.0,Wednesday,14
Ballard,2025-04-23 15:04:00,2025-04-23 15:08:00,4.0,Wednesday,15
Ballard,2025-04-23 18:44:00,2025-04-23 18:48:00,4.0,Wednesday,18
Ballard,2025-04-23 19:22:00,2025-04-23 19:27:00,5.0,Wednesday,19
Ballard,2025-04-24 09:21:00,2025-04-24 09:25:00,4.0,Thursday,9
Ballard,2025-04-24 11:11:00,2025-04-24 11:15:00,4.0,Thursday,11
Ballard,2025-04-24 11:21:00,2025-04-24 11:25:00,4.0,Thursday,11
Ballard,2025-04-24 12:07:00,2025-04-24 12:11:00,4.0,Thursday,12
Ballard,2025-04-24 14:32:00,2025-04-24 14:35:00,3.0,Thursday,14
Ballard,2025-04-24 18:27:00,2025-04-24 18:33:00,6.0,Thursday,18
Ballard,2025-04-24 19:40:00,2025-04-24 19:45:00,5.0,Thursday,19
Ballard,2025-04-24 20:24:00,2025-04-24 20:27:00,3.0,Thursday,20
Ballard,2025-04-25 09:18:00,2025-04-25 09:22:00,4.0,Friday,9
Ballard,2025-04-25 09:31:00,2025-04-25 09:37:00,6.0,Friday,9
Ballard,2025-04-25 10:59:00,2025-04-25 11:04:00,5.0,Friday,10
Ballard,2025-04-25 13:17:00,2025-04-25 13:21:00,4.0,Friday,13
Ballard,2025-04-25 14:06:00,2025-04-25 14:09:00,3.0,Friday,14
Ballard,2025-04-25 14:40:00,2025-04-25 14:44:00,4.0,Friday,14
Ballard,2025-04-25 14:49:00,2025-04-25 14:54:00,5.0,Friday,14
Ballard,2025-04-25 15:12:00,2025-04-25 15:15:00,3.0,Friday,15
Ballard,2025-04-25 15:42:00,2025-04-25 15:45:00,3.0,Friday,15
Ballard,2025-04-25 18:01:00,2025-04-25 18:05:00,4.0,Friday,18
Ballard,2025-04-25 19:20:00,2025-04-25 19:24:00,4.0,Friday,19
Ballard,2025-04-25 19:35:00,2025-04-25 19:38:00,3.0,Friday,19
Ballard,2025-04-25 19:54:00,2025-04-25 20:54:00,60.0,Friday,19
Ballard,2025-04-25 22:47:00,2025-04-25 22:50:00,3.0,Friday,22
Ballard,2025-04-25 23:11:00,2025-04-25 23:21:00,10.0,Friday,23
Ballard,2025-04-25 23:25:00,2025-04-25 23:30:00,5.0,Friday,23
Ballard,2026-01-23 18:00:00,2026-01-23 18:04:00,4.0,Friday,18
Ballard,2026-01-23 18:37:00,2026-01-23 18:41:00,4.0,Friday,18
Ballard,2026-01-23 20:03:00,2026-01-23 20:08:00,5.0,Friday,20
Ballard,2026-01-24 14:46:00,2026-01-24 14:53:00,7.0,Saturday,14
Ballard,2026-01-24 19:35:00,2026-01-24 19:40:00,5.0,Saturday,19
Ballard,2026-01-25 07:15:00,2026-01-25 07:20:00,5.0,Sunday,7
Ballard,2026-01-25 10:24:00,2026-01-25 10:29:00,5.0,Sunday,10
Ballard,2026-01-25 13:23:00,2026-01-25 13:27:00,4.0,Sunday,13
Ballard,2026-01-25 15:08:00,2026-01-25 15:15:00,7.0,Sunday,15
Ballard,2026-01-25 16:20:00,2026-01-25 16:24:00,4.0,Sunday,16
Ballard,2026-01-25 17:04:00,2026-01-25 17:08:00,4.0,Sunday,17
Ballard,2026-01-26 09:19:00,2026-01-26 09:24:00,5.0,Monday,9
Ballard,2026-01-26 09:51:00,2026-01-26 09:56:00,5.0,Monday,9
Ballard,2026-01-26 11:23:00,2026-01-26 11:27:00,4.0,Monday,11
Ballard,2026-01-26 11:51:00,2026-01-26 11:55:00,4.0,Monday,11
Ballard,2026-01-26 14:52:00,2026-01-26 14:59:00,7.0,Monday,14
Ballard,2026-01-27 06:56:00,2026-01-27 07:06:00,10.0,Tuesday,6
Ballard,2026-01-27 11:26:00,2026-01-27 11:30:00,4.0,Tuesday,11
Ballard,2026-01-27 12:44:00,2026-01-27 12:47:00,3.0,Tuesday,12
Ballard,2026-01-27 14:45:00,2026-01-27 14:51:00,6.0,Tuesday,14
Ballard,2026-01-27 19:36:00,2026-01-27 19:41:00,5.0,Tuesday,19
Ballard,2026-01-28 10:38:00,2026-01-28 10:42:00,4.0,Wednesday,10
Ballard,2026-01-28 10:56:00,2026-01-28 10:59:00,3.0,Wednesday,10
Ballard,2026-01-28 13:12:00,2026-01-28 13:16:00,4.0,Wednesday,13
Ballard,2026-01-28 19:01:00,2026-01-28 19:07:00,6.0,Wednesday,19
Ballard,2026-01-29 00:00:00,2026-01-29 00:05:00,5.0,Thursday,0
Ballard,2026-01-29 09:34:00,2026-01-29 09:38:00,4.0,Thursday,9
Ballard,2026-01-29 10:41:00,2026-01-29 10:45:00,4.0,Thursday,10
Ballard,2026-01-29 12:21:00,2026-01-29 12:25:00,4.0,Thursday,12
Ballard,2026-01-29 14:24:00,2026-01-29 14:28:00,4.0,Thursday,14
Ballard,2026-01-29 14:58:00,2026-01-29 15:03:00,5.0,Thursday,14
Ballard,2026-01-29 18:26:00,2026-01-29 18:29:00,3.0,Thursday,18
Ballard,2026-01-29 19:43:00,2026-01-29 19:48:00,5.0,Thursday,19
Ballard,2026-01-30 10:08:00,2026-01-30 10:13:00,5.0,Friday,10
Ballard,2026-01-30 10:28:00,2026-01-30 10:32:00,4.0,Friday,10
Ballard,2026-01-30 10:40:00,2026-01-30 10:44:00,4.0,Friday,10
Ballard,2026-01-30 11:20:00,2026-01-30 11:25:00,5.0,Friday,11
Ballard,2026-01-30 11:37:00,2026-01-30 11:42:00,5.0,Friday,11
Ballard,2026-01-30 13:17:00,2026-01-30 13:22:00,5.0,Friday,13
Ballard,2026-01-30 15:51:00,2026-01-30 15:58:00,7.0,Friday,15
Ballard,2026-01-30 18:00:00,2026-01-30 18:04:00,4.0,Friday,18
Ballard,2026-01-30 22:31:00,2026-01-30 22:35:00,4.0,Friday,22
Ballard,2026-01-31 06:50:00,2026-01-31 06:54:00,4.0,Saturday,6
Ballard,2026-01-31 07:38:00,2026-01-31 07:42:00,4.0,Saturday,7
Ballard,2026-01-31 07:57:00,2026-01-31 08:01:00,4.0,Saturday,7
Ballard,2026-01-31 09:10:00,2026-01-31 09:15:00,5.0,Saturday,9
Ballard,2026-01-31 12:16:00,2026-01-31 12:22:00,6.0,Saturday,12
Ballard,2026-01-31 13:07:00,2026-01-31 13:11:00,4.0,Saturday,13
Ballard,2026-01-31 13:54:00,2026-01-31 13:57:00,3.0,Saturday,13
Ballard,2026-01-31 14:17:00,2026-01-31 14:22:00,5.0,Saturday,14
Ballard,2026-01-31 14:52:00,2026-01-31 14:56:00,4.0,Saturday,14
Ballard,2026-01-31 15:19:00,2026-01-31 15:23:00,4.0,Saturday,15
Ballard,2026-01-31 15:50:00,2026-01-31 15:54:00,4.0,Saturday,15
Ballard,2026-01-31 16:25:00,2026-01-31 16:28:00,3.0,Saturday,16
Ballard,2026-01-31 17:05:00,2026-01-31 17:11:00,6.0,Saturday,17
Ballard,2026-01-31 19:52:00,2026-01-31 19:55:00,3.0,Saturday,19
Ballard,2026-02-01 08:27:00,2026-02-01 08:32:00,5.0,Sunday,8
Ballard,2026-02-01 10:16:00,2026-02-01 10:19:00,3.0,Sunday,10
Ballard,2026-02-01 10:28:00,2026-02-01 10:32:00,4.0,Sunday,10
Ballard,2026-02-01 12:03:00,2026-02-01 12:07:00,4.0,Sunday,12
Ballard,2026-02-01 12:24:00,2026-02-01 12:27:00,3.0,Sunday,12
Ballard,2026-02-01 13:25:00,2026-02-01 13:32:00,7.0,Sunday,13
Ballard,2026-02-01 14:15:00,2026-02-01 14:21:00,6.0,Sunday,14
Ballard,2026-02-01 14:51:00,2026-02-01 14:55:00,4.0,Sunday,14
Ballard,2026-02-01 17:30:00,2026-02-01 17:34:00,4.0,Sunday,17
Ballard,2026-02-01 19:35:00,2026-02-01 19:40:00,5.0,Sunday,19
Ballard,2026-02-02 09:01:00,2026-02-02 09:05:00,4.0,Monday,9
Ballard,2026-02-02 09:59:00,2026-02-02 10:05:00,6.0,Monday,9
Ballard,2026-02-02 11:06:00,2026-02-02 11:10:00,4.0,Monday,11
Ballard,2026-02-02 11:18:00,2026-02-02 11:23:00,5.0,Monday,11
Ballard,2026-02-02 12:45:00,2026-02-02 12:50:00,5.0,Monday,12
Ballard,2026-02-02 14:10:00,2026-02-02 14:14:00,4.0,Monday,14
Ballard,2026-02-02 18:19:00,2026-02-02 18:22:00,3.0,Monday,18
Ballard,2026-02-03 14:12:00,2026-02-03 14:16:00,4.0,Tuesday,14
Ballard,2026-02-04 09:48:00,2026-02-04 09:52:00,4.0,Wednesday,9
Ballard,2026-02-04 13:34:00,2026-02-04 13:37:00,3.0,Wednesday,13
Ballard,2026-02-05 10:24:00,2026-02-05 10:28:00,4.0,Thursday,10
Ballard,2026-02-05 11:07:00,2026-02-05 11:10:00,3.0,Thursday,11
Ballard,2026-02-05 14:33:00,2026-02-05 14:37:00,4.0,Thursday,14
Ballard,2026-02-06 09:35:00,2026-02-06 09:41:00,6.0,Friday,9
Ballard,2026-02-06 10:30:00,2026-02-06 10:34:00,4.0,Friday,10
Ballard,2026-02-06 11:50:00,2026-02-06 11:54:00,4.0,Friday,11
Ballard,2026-02-06 14:22:00,2026-02-06 14:27:00,5.0,Friday,14
Ballard,2026-02-06 14:53:00,2026-02-06 15:00:00,7.0,Friday,14
Ballard,2026-02-06 18:00:00,2026-02-06 18:07:00,7.0,Friday,18
Ballard,2026-02-06 22:34:00,2026-02-06 22:38:00,4.0,Friday,22
Ballard,2026-02-07 01:15:00,2026-02-07 01:20:00,5.0,Saturday,1
Ballard,2026-02-07 09:35:00,2026-02-07 09:40:00,5.0,Saturday,9
Ballard,2026-02-07 19:09:00,2026-02-07 19:16:00,7.0,Saturday,19
Ballard,2026-02-08 08:40:00,2026-02-08 08:44:00,4.0,Sunday,8
Ballard,2026-02-08 09:06:00,2026-02-08 09:11:00,5.0,Sunday,9
Ballard,2026-02-08 09:21:00,2026-02-08 09:25:00,4.0,Sunday,9
Ballard,2026-02-08 10:10:00,2026-02-08 10:13:00,3.0,Sunday,10
Ballard,2026-02-08 10:35:00,2026-02-08 10:39:00,4.0,Sunday,10
Ballard,2026-02-08 12:00:00,2026-02-08 12:04:00,4.0,Sunday,12
Ballard,2026-02-08 13:43:00,2026-02-08 13:47:00,4.0,Sunday,13
Ballard,2026-02-08 14:13:00,2026-02-08 14:16:00,3.0,Sunday,14
Ballard,2026-02-08 14:33:00,2026-02-08 14:36:00,3.0,Sunday,14
Ballard,2026-02-09 11:34:00,2026-02-09 11:38:00,4.0,Monday,11
Ballard,2026-02-09 12:14:00,2026-02-09 12:19:00,5.0,Monday,12
Ballard,2026-02-09 13:27:00,2026-02-09 13:32:00,5.0,Monday,13
Ballard,2026-02-10 10:36:00,2026-02-10 10:40:00,4.0,Tuesday,10
Ballard,2026-02-10 11:01:00,2026-02-10 11:07:00,6.0,Tuesday,11
Ballard,2026-02-10 14:39:00,2026-02-10 14:42:00,3.0,Tuesday,14
Ballard,2026-02-10 21:49:00,2026-02-10 21:55:00,6.0,Tuesday,21
Ballard,2026-02-11 00:13:00,2026-02-11 00:19:00,6.0,Wednesday,0
Ballard,2026-02-11 15:18:00,2026-02-11 15:23:00,5.0,Wednesday,15
Ballard,2026-02-11 18:01:00,2026-02-11 18:06:00,5.0,Wednesday,18
Ballard,2026-02-11 22:51:00,2026-02-11 22:57:00,6.0,Wednesday,22
Ballard,2026-02-12 09:19:00,2026-02-12 09:24:00,5.0,Thursday,9
Ballard,2026-02-12 09:34:00,2026-02-12 09:40:00,6.0,Thursday,9
Ballard,2026-02-12 12:06:00,2026-02-12 12:11:00,5.0,Thursday,12
Ballard,2026-02-12 13:19:00,2026-02-12 13:24:00,5.0,Thursday,13
Ballard,2026-02-12 13:49:00,2026-02-12 13:52:00,3.0,Thursday,13
Ballard,2026-02-12 14:11:00,2026-02-12 14:15:00,4.0,Thursday,14
Ballard,2026-02-12 22:01:00,2026-02-12 22:06:00,5.0,Thursday,22
Ballard,2026-02-13 03:26:00,2026-02-13 03:31:00,5.0,Friday,3
Ballard,2026-02-13 06:50:00,2026-02-13 06:55:00,5.0,Friday,6
Ballard,2026-02-13 10:04:00,2026-02-13 10:09:00,5.0,Friday,10
Ballard,2026-02-13 16:34:00,2026-02-13 16:42:00,8.0,Friday,16
Ballard,2026-02-13 19:03:00,2026-02-13 19:08:00,5.0,Friday,19
Ballard,2026-02-14 00:00:00,2026-02-14 00:05:00,5.0,Saturday,0
Ballard,2026-02-14 13:33:00,2026-02-14 13:39:00,6.0,Saturday,13
Ballard,2026-02-14 14:21:00,2026-02-14 14:26:00,5.0,Saturday,14
Ballard,2026-02-14 15:17:00,2026-02-14 15:22:00,5.0,Saturday,15
Ballard,2026-02-14 16:23:00,2026-02-14 16:27:00,4.0,Saturday,16
Ballard,2026-02-14 19:58:00,2026-02-14 20:03:00,5.0,Saturday,19
Ballard,2026-02-15 06:45:00,2026-02-15 06:50:00,5.0,Sunday,6
Ballard,2026-02-15 11:35:00,2026-02-15 11:39:00,4.0,Sunday,11
Ballard,2026-02-15 11:49:00,2026-02-15 11:56:00,7.0,Sunday,11
Ballard,2026-02-15 12:07:00,2026-02-15 12:12:00,5.0,Sunday,12
Ballard,2026-02-15 14:46:00,2026-02-15 14:49:00,3.0,Sunday,14
Ballard,2026-02-15 15:21:00,2026-02-15 15:26:00,5.0,Sunday,15
Ballard,2026-02-15 15:52:00,2026-02-15 15:59:00,7.0,Sunday,15
Ballard,2026-02-15 17:41:00,2026-02-15 17:44:00,3.0,Sunday,17
Ballard,2026-02-15 18:56:00,2026-02-15 19:03:00,7.0,Sunday,18
Ballard,2026-02-15 19:48:00,2026-02-15 19:52:00,4.0,Sunday,19
Ballard,2026-02-16 11:30:00,2026-02-16 11:34:00,4.0,Monday,11
Ballard,2026-02-16 12:57:00,2026-02-16 13:01:00,4.0,Monday,12
Ballard,2026-02-16 16:09:00,2026-02-16 16:15:00,6.0,Monday,16
Ballard,2026-02-16 22:24:00,2026-02-16 22:29:00,5.0,Monday,22
Ballard,2026-02-17 09:13:00,2026-02-17 09:19:00,6.0,Tuesday,9
Ballard,2026-02-17 15:10:00,2026-02-17 15:16:00,6.0,Tuesday,15
Ballard,2026-02-17 18:44:00,2026-02-17 18:52:00,8.0,Tuesday,18
Ballard,2026-02-17 19:51:00,2026-02-17 19:56:00,5.0,Tuesday,19
Ballard,2026-02-18 06:51:00,2026-02-18 06:59:00,8.0,Wednesday,6
Ballard,2026-02-18 09:55:00,2026-02-18 09:59:00,4.0,Wednesday,9
Ballard,2026-02-18 12:16:00,2026-02-18 12:24:00,8.0,Wednesday,12
Ballard,2026-02-18 14:26:00,2026-02-18 14:34:00,8.0,Wednesday,14
Ballard,2026-02-18 14:43:00,2026-02-18 14:47:00,4.0,Wednesday,14
Ballard,2026-02-18 19:36:00,2026-02-18 19:41:00,5.0,Wednesday,19
Ballard,2026-02-19 00:37:00,2026-02-19 00:42:00,5.0,Thursday,0
Ballard,2026-02-19 09:19:00,2026-02-19 09:24:00,5.0,Thursday,9
Ballard,2026-02-19 10:17:00,2026-02-19 10:24:00,7.0,Thursday,10
Ballard,2026-02-19 11:36:00,2026-02-19 11:39:00,3.0,Thursday,11
Ballard,2026-02-19 12:43:00,2026-02-19 12:49:00,6.0,Thursday,12
Ballard,2026-02-19 13:23:00,2026-02-19 13:28:00,5.0,Thursday,13
Ballard,2026-02-19 14:08:00,2026-02-19 14:13:00,5.0,Thursday,14
Ballard,2026-02-19 15:37:00,2026-02-19 15:41:00,4.0,Thursday,15
Ballard,2026-02-19 20:09:00,2026-02-19 20:14:00,5.0,Thursday,20
Ballard,2026-02-20 13:33:00,2026-02-20 13:40:00,7.0,Friday,13
Ballard,2026-02-20 14:23:00,2026-02-20 14:31:00,8.0,Friday,14
Ballard,2026-02-20 18:00:00,2026-02-20 18:04:00,4.0,Friday,18
Ballard,2026-02-20 22:40:00,2026-02-20 22:44:00,4.0,Friday,22
Ballard,2026-02-21 13:06:00,2026-02-21 13:13:00,7.0,Saturday,13
Ballard,2026-02-21 18:10:00,2026-02-21 18:19:00,9.0,Saturday,18
Ballard,2026-02-22 13:18:00,2026-02-22 13:33:00,15.0,Sunday,13
Ballard,2026-02-22 16:11:00,2026-02-22 16:20:00,9.0,Sunday,16
Ballard,2026-02-22 19:10:00,2026-02-22 19:14:00,4.0,Sunday,19
Ballard,2026-02-23 13:09:00,2026-02-23 13:12:00,3.0,Monday,13
Ballard,2026-02-23 15:02:00,2026-02-23 15:08:00,6.0,Monday,15
Ballard,2026-02-23 20:04:00,2026-02-23 20:08:00,4.0,Monday,20
Ballard,2026-02-24 09:17:00,2026-02-24 09:21:00,4.0,Tuesday,9
Ballard,2026-02-24 09:39:00,2026-02-24 09:43:00,4.0,Tuesday,9
Ballard,2026-02-24 13:32:00,2026-02-24 13:36:00,4.0,Tuesday,13
Ballard,2026-02-24 18:57:00,2026-02-24 19:04:00,7.0,Tuesday,18
Ballard,2026-02-25 09:51:00,2026-02-25 09:55:00,4.0,Wednesday,9
Ballard,2026-02-25 10:14:00,2026-02-25 10:19:00,5.0,Wednesday,10
Ballard,2026-02-25 11:36:00,2026-02-25 11:39:00,3.0,Wednesday,11
Ballard,2026-02-25 12:18:00,2026-02-25 12:21:00,3.0,Wednesday,12
Ballard,2026-02-25 12:47:00,2026-02-25 12:52:00,5.0,Wednesday,12
Ballard,2026-02-25 13:53:00,2026-02-25 13:56:00,3.0,Wednesday,13
Ballard,2026-02-25 14:24:00,2026-02-25 14:29:00,5.0,Wednesday,14
Ballard,2026-02-25 15:23:00,2026-02-25 15:28:00,5.0,Wednesday,15
Ballard,2026-02-25 18:00:00,2026-02-25 18:05:00,5.0,Wednesday,18
Ballard,2026-02-25 22:24:00,2026-02-25 22:30:00,6.0,Wednesday,22
Ballard,2026-02-26 09:02:00,2026-02-26 09:08:00,6.0,Thursday,9
Ballard,2026-02-26 09:20:00,2026-02-26 09:24:00,4.0,Thursday,9
Ballard,2026-02-26 09:43:00,2026-02-26 09:48:00,5.0,Thursday,9
Ballard,2026-02-26 14:37:00,2026-02-26 14:43:00,6.0,Thursday,14
Ballard,2026-02-26 22:26:00,2026-02-26 22:31:00,5.0,Thursday,22
Ballard,2026-02-27 06:37:00,2026-02-27 06:44:00,7.0,Friday,6
Ballard,2026-02-27 09:58:00,2026-02-27 10:02:00,4.0,Friday,9
Ballard,2026-02-27 10:23:00,2026-02-27 10:27:00,4.0,Friday,10
Ballard,2026-02-27 10:37:00,2026-02-27 10:41:00,4.0,Friday,10
Ballard,2026-02-27 11:09:00,2026-02-27 11:13:00,4.0,Friday,11
Ballard,2026-02-27 11:43:00,2026-02-27 11:46:00,3.0,Friday,11
Ballard,2026-02-27 12:08:00,2026-02-27 12:15:00,7.0,Friday,12
Ballard,2026-02-27 15:01:00,2026-02-27 15:05:00,4.0,Friday,15
Ballard,2026-02-27 15:34:00,2026-02-27 15:38:00,4.0,Friday,15
Ballard,2026-02-27 18:00:00,2026-02-27 18:04:00,4.0,Friday,18
Ballard,2026-02-27 18:35:00,2026-02-27 18:39:00,4.0,Friday,18
Ballard,2026-02-27 19:11:00,2026-02-27 19:14:00,3.0,Friday,19
Ballard,2026-02-28 00:15:00,2026-02-28 00:21:00,6.0,Saturday,0
Ballard,2026-02-28 06:27:00,2026-02-28 06:33:00,6.0,Saturday,6
Ballard,2026-02-28 07:32:00,2026-02-28 07:36:00,4.0,Saturday,7
Ballard,2026-02-28 08:31:00,2026-02-28 08:35:00,4.0,Saturday,8
Ballard,2026-02-28 11:28:00,2026-02-28 11:34:00,6.0,Saturday,11
Ballard,2026-02-28 13:07:00,2026-02-28 13:11:00,4.0,Saturday,13
Ballard,2026-02-28 14:55:00,2026-02-28 14:59:00,4.0,Saturday,14
Ballard,2026-02-28 15:15:00,2026-02-28 15:19:00,4.0,Saturday,15
Ballard,2026-02-28 15:57:00,2026-02-28 16:01:00,4.0,Saturday,15
Ballard,2026-02-28 16:19:00,2026-02-28 16:23:00,4.0,Saturday,16
Ballard,2026-03-01 01:35:00,2026-03-01 01:43:00,8.0,Sunday,1
Ballard,2026-03-01 09:40:00,2026-03-01 09:44:00,4.0,Sunday,9
Ballard,2026-03-01 10:09:00,2026-03-01 10:12:00,3.0,Sunday,10
Ballard,2026-03-01 10:39:00,2026-03-01 10:42:00,3.0,Sunday,10
Ballard,2026-03-01 12:06:00,2026-03-01 12:09:00,3.0,Sunday,12
Ballard,2026-03-01 12:51:00,2026-03-01 12:55:00,4.0,Sunday,12
Ballard,2026-03-01 13:10:00,2026-03-01 13:17:00,7.0,Sunday,13
Ballard,2026-03-01 13:47:00,2026-03-01 13:51:00,4.0,Sunday,13
Ballard,2026-03-01 16:33:00,2026-03-01 16:37:00,4.0,Sunday,16
Ballard,2026-03-01 16:50:00,2026-03-01 16:53:00,3.0,Sunday,16
Ballard,2026-03-01 17:29:00,2026-03-01 17:32:00,3.0,Sunday,17
Ballard,2026-03-01 19:06:00,2026-03-01 19:09:00,3.0,Sunday,19
Ballard,2026-03-02 05:49:00,2026-03-02 05:54:00,5.0,Monday,5
Ballard,2026-03-02 12:06:00,2026-03-02 12:11:00,5.0,Monday,12
Ballard,2026-03-02 12:42:00,2026-03-02 12:48:00,6.0,Monday,12
Ballard,2026-03-02 18:17:00,2026-03-02 18:24:00,7.0,Monday,18
Ballard,2026-03-02 21:01:00,2026-03-02 21:05:00,4.0,Monday,21
Ballard,2026-03-02 22:39:00,2026-03-02 22:45:00,6.0,Monday,22
Ballard,2026-03-03 05:45:00,2026-03-03 05:51:00,6.0,Tuesday,5
Ballard,2026-03-03 09:01:00,2026-03-03 09:06:00,5.0,Tuesday,9
Ballard,2026-03-03 18:17:00,2026-03-03 18:25:00,8.0,Tuesday,18
Ballard,2026-03-03 18:53:00,2026-03-03 18:57:00,4.0,Tuesday,18
Ballard,2026-03-03 22:50:00,2026-03-03 22:55:00,5.0,Tuesday,22
Ballard,2026-03-04 06:52:00,2026-03-04 06:59:00,7.0,Wednesday,6
Ballard,2026-03-04 09:15:00,2026-03-04 09:20:00,5.0,Wednesday,9
Ballard,2026-03-04 12:49:00,2026-03-04 12:53:00,4.0,Wednesday,12
Ballard,2026-03-04 13:50:00,2026-03-04 13:58:00,8.0,Wednesday,13
Ballard,2026-03-04 17:59:00,2026-03-04 18:04:00,5.0,Wednesday,17
Ballard,2026-03-04 21:27:00,2026-03-04 21:32:00,5.0,Wednesday,21
Ballard,2026-03-05 05:55:00,2026-03-05 06:00:00,5.0,Thursday,5
Ballard,2026-03-05 09:01:00,2026-03-05 09:07:00,6.0,Thursday,9
Ballard,2026-03-05 09:52:00,2026-03-05 09:56:00,4.0,Thursday,9
Ballard,2026-03-05 11:48:00,2026-03-05 11:51:00,3.0,Thursday,11
Ballard,2026-03-05 13:14:00,2026-03-05 13:18:00,4.0,Thursday,13
Ballard,2026-03-05 13:26:00,2026-03-05 13:30:00,4.0,Thursday,13
Ballard,2026-03-05 14:05:00,2026-03-05 14:09:00,4.0,Thursday,14
Ballard,2026-03-05 14:45:00,2026-03-05 14:49:00,4.0,Thursday,14
Ballard,2026-03-06 05:44:00,2026-03-06 05:51:00,7.0,Friday,5
Ballard,2026-03-06 11:03:00,2026-03-06 11:22:00,19.0,Friday,11
Ballard,2026-03-06 12:05:00,2026-03-06 12:09:00,4.0,Friday,12
Ballard,2026-03-06 12:17:00,2026-03-06 12:24:00,7.0,Friday,12
Ballard,2026-03-06 12:36:00,2026-03-06 12:40:00,4.0,Friday,12
Ballard,2026-03-06 13:27:00,2026-03-06 13:30:00,3.0,Friday,13
Ballard,2026-03-06 14:23:00,2026-03-06 14:26:00,3.0,Friday,14
Ballard,2026-03-06 14:44:00,2026-03-06 14:47:00,3.0,Friday,14
Ballard,2026-03-06 15:53:00,2026-03-06 16:00:00,7.0,Friday,15
Ballard,2026-03-06 18:06:00,2026-03-06 18:13:00,7.0,Friday,18
Ballard,2026-03-06 18:48:00,2026-03-06 18:51:00,3.0,Friday,18
Ballard,2026-03-06 20:00:00,2026-03-06 20:05:00,5.0,Friday,20
Ballard,2026-03-07 00:28:00,2026-03-07 00:34:00,6.0,Saturday,0
Ballard,2026-03-07 12:35:00,2026-03-07 12:40:00,5.0,Saturday,12
Ballard,2026-03-07 14:42:00,2026-03-07 14:47:00,5.0,Saturday,14
Ballard,2026-03-07 17:02:00,2026-03-07 17:07:00,5.0,Saturday,17
Ballard,2026-03-07 18:05:00,2026-03-07 18:08:00,3.0,Saturday,18
Ballard,2026-03-08 09:39:00,2026-03-08 09:44:00,5.0,Sunday,9
Ballard,2026-03-08 11:34:00,2026-03-08 11:39:00,5.0,Sunday,11
Ballard,2026-03-08 16:20:00,2026-03-08 16:24:00,4.0,Sunday,16
Ballard,2026-03-09 09:02:00,2026-03-09 09:07:00,5.0,Monday,9
Ballard,2026-03-09 09:55:00,2026-03-09 09:59:00,4.0,Monday,9
Ballard,2026-03-09 12:25:00,2026-03-09 12:30:00,5.0,Monday,12
Ballard,2026-03-09 13:07:00,2026-03-09 13:10:00,3.0,Monday,13
Ballard,2026-03-09 14:30:00,2026-03-09 14:35:00,5.0,Monday,14
Ballard,2026-03-09 18:05:00,2026-03-09 18:13:00,8.0,Monday,18
Ballard,2026-03-09 18:57:00,2026-03-09 19:01:00,4.0,Monday,18
Ballard,2026-03-09 19:20:00,2026-03-09 19:24:00,4.0,Monday,19
Ballard,2026-03-10 09:08:00,2026-03-10 09:12:00,4.0,Tuesday,9
Ballard,2026-03-10 09:26:00,2026-03-10 09:30:00,4.0,Tuesday,9
Ballard,2026-03-10 12:57:00,2026-03-10 13:01:00,4.0,Tuesday,12
Ballard,2026-03-10 13:36:00,2026-03-10 13:40:00,4.0,Tuesday,13
Ballard,2026-03-10 18:55:00,2026-03-10 18:59:00,4.0,Tuesday,18
Ballard,2026-03-10 20:23:00,2026-03-10 20:28:00,5.0,Tuesday,20
Ballard,2026-03-11 09:46:00,2026-03-11 09:49:00,3.0,Wednesday,9
Ballard,2026-03-11 10:55:00,2026-03-11 10:59:00,4.0,Wednesday,10
Ballard,2026-03-11 11:22:00,2026-03-11 11:26:00,4.0,Wednesday,11
Ballard,2026-03-12 10:54:00,2026-03-12 10:58:00,4.0,Thursday,10
Ballard,2026-03-12 11:52:00,2026-03-12 11:57:00,5.0,Thursday,11
Ballard,2026-03-12 12:37:00,2026-03-12 12:41:00,4.0,Thursday,12
Ballard,2026-03-12 15:16:00,2026-03-12 15:20:00,4.0,Thursday,15
Ballard,2026-03-12 17:54:00,2026-03-12 17:59:00,5.0,Thursday,17
Ballard,2026-03-12 22:25:00,2026-03-12 22:31:00,6.0,Thursday,22
Ballard,2026-03-13 09:25:00,2026-03-13 09:29:00,4.0,Friday,9
Ballard,2026-03-13 12:08:00,2026-03-13 12:12:00,4.0,Friday,12
Ballard,2026-03-13 13:52:00,2026-03-13 13:57:00,5.0,Friday,13
Ballard,2026-03-13 14:02:00,2026-03-13 14:08:00,6.0,Friday,14
Ballard,2026-03-13 14:31:00,2026-03-13 14:36:00,5.0,Friday,14
Ballard,2026-03-13 17:59:00,2026-03-13 18:06:00,7.0,Friday,17
Ballard,2026-03-13 22:40:00,2026-03-13 22:46:00,6.0,Friday,22
Ballard,2026-03-14 07:00:00,2026-03-14 07:07:00,7.0,Saturday,7
Ballard,2026-03-14 11:57:00,2026-03-14 12:02:00,5.0,Saturday,11
Ballard,2026-03-14 13:47:00,2026-03-14 13:52:00,5.0,Saturday,13
Ballard,2026-03-14 21:41:00,2026-03-14 21:46:00,5.0,Saturday,21
Ballard,2026-03-15 11:52:00,2026-03-15 11:56:00,4.0,Sunday,11
Ballard,2026-03-15 14:48:00,2026-03-15 14:51:00,3.0,Sunday,14
Ballard,2026-03-15 15:40:00,2026-03-15 15:43:00,3.0,Sunday,15
Ballard,2026-03-16 06:32:00,2026-03-16 06:37:00,5.0,Monday,6
Ballard,2026-03-16 09:05:00,2026-03-16 09:11:00,6.0,Monday,9
Ballard,2026-03-16 09:28:00,2026-03-16 09:32:00,4.0,Monday,9
Ballard,2026-03-16 10:28:00,2026-03-16 10:35:00,7.0,Monday,10
Ballard,2026-03-16 10:45:00,2026-03-16 10:49:00,4.0,Monday,10
Ballard,2026-03-16 12:07:00,2026-03-16 12:11:00,4.0,Monday,12
Ballard,2026-03-16 18:02:00,2026-03-16 18:08:00,6.0,Monday,18
Ballard,2026-03-16 23:31:00,2026-03-16 23:39:00,8.0,Monday,23
Ballard,2026-03-17 09:01:00,2026-03-17 09:07:00,6.0,Tuesday,9
Ballard,2026-03-17 09:15:00,2026-03-17 09:21:00,6.0,Tuesday,9
Ballard,2026-03-17 18:20:00,2026-03-17 18:25:00,5.0,Tuesday,18
Ballard,2026-03-17 23:31:00,2026-03-17 23:37:00,6.0,Tuesday,23
Ballard,2026-03-18 09:15:00,2026-03-18 09:23:00,8.0,Wednesday,9
Ballard,2026-03-18 10:40:00,2026-03-18 10:43:00,3.0,Wednesday,10
Ballard,2026-03-18 11:36:00,2026-03-18 11:40:00,4.0,Wednesday,11
Ballard,2026-03-18 12:43:00,2026-03-18 12:47:00,4.0,Wednesday,12
Ballard,2026-03-18 18:12:00,2026-03-18 18:16:00,4.0,Wednesday,18
Ballard,2026-03-18 18:30:00,2026-03-18 18:37:00,7.0,Wednesday,18
Ballard,2026-03-18 19:47:00,2026-03-18 19:52:00,5.0,Wednesday,19
Ballard,2026-03-19 00:07:00,2026-03-19 00:11:00,4.0,Thursday,0
Ballard,2026-03-19 09:20:00,2026-03-19 09:24:00,4.0,Thursday,9
Ballard,2026-03-19 11:07:00,2026-03-19 11:12:00,5.0,Thursday,11
Ballard,2026-03-20 05:58:00,2026-03-20 06:03:00,5.0,Friday,5
Ballard,2026-03-20 09:48:00,2026-03-20 09:53:00,5.0,Friday,9
Ballard,2026-03-20 11:47:00,2026-03-20 11:51:00,4.0,Friday,11
Ballard,2026-03-20 13:47:00,2026-03-20 13:51:00,4.0,Friday,13
Ballard,2026-03-20 14:31:00,2026-03-20 14:36:00,5.0,Friday,14
Ballard,2026-03-20 18:29:00,2026-03-20 18:36:00,7.0,Friday,18
Ballard,2026-03-20 19:17:00,2026-03-20 19:23:00,6.0,Friday,19
Ballard,2026-03-20 20:33:00,2026-03-20 20:36:00,3.0,Friday,20
Ballard,2026-03-21 01:16:00,2026-03-21 01:23:00,7.0,Saturday,1
Ballard,2026-03-21 07:40:00,2026-03-21 07:44:00,4.0,Saturday,7
Ballard,2026-03-21 10:24:00,2026-03-21 10:29:00,5.0,Saturday,10
Ballard,2026-03-21 16:03:00,2026-03-21 16:07:00,4.0,Saturday,16
Ballard,2026-03-21 17:08:00,2026-03-21 17:12:00,4.0,Saturday,17
Ballard,2026-03-21 17:36:00,2026-03-21 17:40:00,4.0,Saturday,17
Ballard,2026-03-21 18:22:00,2026-03-21 18:26:00,4.0,Saturday,18
Ballard,2026-03-21 19:51:00,2026-03-21 19:55:00,4.0,Saturday,19
Ballard,2026-03-21 20:50:00,2026-03-21 20:55:00,5.0,Saturday,20
Ballard,2026-03-22 08:59:00,2026-03-22 09:03:00,4.0,Sunday,8
Ballard,2026-03-22 12:40:00,2026-03-22 12:44:00,4.0,Sunday,12
Ballard,2026-03-22 13:15:00,2026-03-22 13:19:00,4.0,Sunday,13
Ballard,2026-03-22 13:40:00,2026-03-22 13:44:00,4.0,Sunday,13
Ballard,2026-03-22 14:22:00,2026-03-22 14:27:00,5.0,Sunday,14
Ballard,2026-03-22 16:13:00,2026-03-22 16:17:00,4.0,Sunday,16
Ballard,2026-03-23 09:01:00,2026-03-23 09:04:00,3.0,Monday,9
Ballard,2026-03-23 09:43:00,2026-03-23 09:47:00,4.0,Monday,9
Ballard,2026-03-23 11:11:00,2026-03-23 11:15:00,4.0,Monday,11
Ballard,2026-03-23 11:21:00,2026-03-23 11:27:00,6.0,Monday,11
Ballard,2026-03-23 11:38:00,2026-03-23 11:47:00,9.0,Monday,11
Ballard,2026-03-23 13:34:00,2026-03-23 13:38:00,4.0,Monday,13
Ballard,2026-03-23 15:08:00,2026-03-23 15:13:00,5.0,Monday,15
Ballard,2026-03-23 15:45:00,2026-03-23 15:51:00,6.0,Monday,15
Ballard,2026-03-23 20:35:00,2026-03-23 20:40:00,5.0,Monday,20
Ballard,2026-03-24 06:55:00,2026-03-24 07:01:00,6.0,Tuesday,6
Ballard,2026-03-24 11:00:00,2026-03-24 11:04:00,4.0,Tuesday,11
Ballard,2026-03-24 11:44:00,2026-03-24 11:47:00,3.0,Tuesday,11
Ballard,2026-03-24 12:20:00,2026-03-24 12:26:00,6.0,Tuesday,12
Ballard,2026-03-24 14:37:00,2026-03-24 14:42:00,5.0,Tuesday,14
Ballard,2026-03-24 19:58:00,2026-03-24 20:03:00,5.0,Tuesday,19
Ballard,2026-03-25 09:02:00,2026-03-25 09:07:00,5.0,Wednesday,9
Ballard,2026-03-25 10:47:00,2026-03-25 10:51:00,4.0,Wednesday,10
Ballard,2026-03-25 12:03:00,2026-03-25 12:07:00,4.0,Wednesday,12
Ballard,2026-03-25 12:24:00,2026-03-25 12:30:00,6.0,Wednesday,12
Ballard,2026-03-25 18:05:00,2026-03-25 18:09:00,4.0,Wednesday,18
Ballard,2026-03-26 05:44:00,2026-03-26 05:51:00,7.0,Thursday,5
Ballard,2026-03-26 06:59:00,2026-03-26 07:04:00,5.0,Thursday,6
Ballard,2026-03-26 09:07:00,2026-03-26 09:13:00,6.0,Thursday,9
Ballard,2026-03-26 12:22:00,2026-03-26 12:25:00,3.0,Thursday,12
Ballard,2026-03-26 13:04:00,2026-03-26 13:07:00,3.0,Thursday,13
Ballard,2026-03-26 14:27:00,2026-03-26 14:31:00,4.0,Thursday,14
Ballard,2026-03-27 01:54:00,2026-03-27 02:01:00,7.0,Friday,1
Ballard,2026-03-27 05:23:00,2026-03-27 05:28:00,5.0,Friday,5
Ballard,2026-03-27 10:06:00,2026-03-27 10:57:00,51.0,Friday,10
Ballard,2026-03-27 13:14:00,2026-03-27 13:18:00,4.0,Friday,13
Ballard,2026-03-28 11:49:00,2026-03-28 11:53:00,4.0,Saturday,11
Ballard,2026-03-28 13:13:00,2026-03-28 13:19:00,6.0,Saturday,13
Ballard,2026-03-28 14:41:00,2026-03-28 14:45:00,4.0,Saturday,14
Ballard,2026-03-28 20:35:00,2026-03-28 20:39:00,4.0,Saturday,20
Ballard,2026-03-29 12:36:00,2026-03-29 13:12:00,36.0,Sunday,12
Ballard,2026-03-29 13:24:00,2026-03-29 13:28:00,4.0,Sunday,13
Ballard,2026-03-29 15:49:00,2026-03-29 15:54:00,5.0,Sunday,15
Ballard,2026-03-29 16:01:00,2026-03-29 16:04:00,3.0,Sunday,16
Ballard,2026-03-30 01:13:00,2026-03-30 01:20:00,7.0,Monday,1
Ballard,2026-03-30 12:59:00,2026-03-30 13:03:00,4.0,Monday,12
Ballard,2026-03-30 14:22:00,2026-03-30 14:25:00,3.0,Monday,14
Ballard,2026-03-30 14:36:00,2026-03-30 14:40:00,4.0,Monday,14
Fremont,2025-01-02 10:01:00,2025-01-02 10:08:00,7.0,Thursday,10
Fremont,2025-01-02 11:12:00,2025-01-02 11:17:00,5.0,Thursday,11
Fremont,2025-01-02 13:32:00,2025-01-02 13:40:00,8.0,Thursday,13
Fremont,2025-01-02 15:00:00,2025-01-02 15:03:00,3.0,Thursday,15
Fremont,2025-01-02 15:40:00,2025-01-02 15:47:00,7.0,Thursday,15
Fremont,2025-01-02 19:56:00,2025-01-02 20:02:00,6.0,Thursday,19
Fremont,2025-01-03 09:42:00,2025-01-03 09:48:00,6.0,Friday,9
Fremont,2025-01-03 11:29:00,2025-01-03 11:35:00,6.0,Friday,11
Fremont,2025-01-03 12:00:00,2025-01-03 12:04:00,4.0,Friday,12
Fremont,2025-01-03 12:11:00,2025-01-03 12:15:00,4.0,Friday,12
Fremont,2025-01-03 12:42:00,2025-01-03 12:46:00,4.0,Friday,12
Fremont,2025-01-03 13:37:00,2025-01-03 13:43:00,6.0,Friday,13
Fremont,2025-01-03 13:50:00,2025-01-03 13:54:00,4.0,Friday,13
Fremont,2025-01-03 14:00:00,2025-01-03 14:04:00,4.0,Friday,14
Fremont,2025-01-03 18:15:00,2025-01-03 18:21:00,6.0,Friday,18
Fremont,2025-01-03 22:18:00,2025-01-03 22:24:00,6.0,Friday,22
Fremont,2025-01-03 22:57:00,2025-01-03 23:01:00,4.0,Friday,22
Fremont,2025-01-04 08:17:00,2025-01-04 08:23:00,6.0,Saturday,8
Fremont,2025-01-04 10:59:00,2025-01-04 11:03:00,4.0,Saturday,10
Fremont,2025-01-04 12:00:00,2025-01-04 12:05:00,5.0,Saturday,12
Fremont,2025-01-04 12:12:00,2025-01-04 12:16:00,4.0,Saturday,12
Fremont,2025-01-04 14:12:00,2025-01-04 14:16:00,4.0,Saturday,14
Fremont,2025-01-04 16:36:00,2025-01-04 16:43:00,7.0,Saturday,16
Fremont,2025-01-04 17:02:00,2025-01-04 17:07:00,5.0,Saturday,17
Fremont,2025-01-04 20:52:00,2025-01-04 20:58:00,6.0,Saturday,20
Fremont,2025-01-05 11:47:00,2025-01-05 11:51:00,4.0,Sunday,11
Fremont,2025-01-05 13:20:00,2025-01-05 13:24:00,4.0,Sunday,13
Fremont,2025-01-05 14:42:00,2025-01-05 14:46:00,4.0,Sunday,14
Fremont,2025-01-05 17:12:00,2025-01-05 17:15:00,3.0,Sunday,17
Fremont,2025-01-05 18:29:00,2025-01-05 18:36:00,7.0,Sunday,18
Fremont,2025-01-05 22:48:00,2025-01-05 22:53:00,5.0,Sunday,22
Fremont,2025-01-06 09:01:00,2025-01-06 09:06:00,5.0,Monday,9
Fremont,2025-01-06 11:31:00,2025-01-06 11:36:00,5.0,Monday,11
Fremont,2025-01-06 12:22:00,2025-01-06 12:29:00,7.0,Monday,12
Fremont,2025-01-06 15:12:00,2025-01-06 15:18:00,6.0,Monday,15
Fremont,2025-01-06 20:30:00,2025-01-06 20:37:00,7.0,Monday,20
Fremont,2025-01-07 09:39:00,2025-01-07 09:49:00,10.0,Tuesday,9
Fremont,2025-01-07 11:18:00,2025-01-07 11:21:00,3.0,Tuesday,11
Fremont,2025-01-07 13:26:00,2025-01-07 13:30:00,4.0,Tuesday,13
Fremont,2025-01-07 13:43:00,2025-01-07 13:49:00,6.0,Tuesday,13
Fremont,2025-01-07 15:47:00,2025-01-07 15:52:00,5.0,Tuesday,15
Fremont,2025-01-07 19:55:00,2025-01-07 20:00:00,5.0,Tuesday,19
Fremont,2025-01-08 10:26:00,2025-01-08 10:32:00,6.0,Wednesday,10
Fremont,2025-01-08 11:00:00,2025-01-08 11:05:00,5.0,Wednesday,11
Fremont,2025-01-08 18:13:00,2025-01-08 18:19:00,6.0,Wednesday,18
Fremont,2025-01-08 22:37:00,2025-01-08 22:44:00,7.0,Wednesday,22
Fremont,2025-01-09 06:25:00,2025-01-09 06:33:00,8.0,Thursday,6
Fremont,2025-01-09 14:48:00,2025-01-09 14:52:00,4.0,Thursday,14
Fremont,2025-01-09 18:15:00,2025-01-09 18:21:00,6.0,Thursday,18
Fremont,2025-01-09 18:43:00,2025-01-09 18:47:00,4.0,Thursday,18
Fremont,2025-01-09 22:29:00,2025-01-09 22:34:00,5.0,Thursday,22
Fremont,2025-01-10 09:09:00,2025-01-10 09:13:00,4.0,Friday,9
Fremont,2025-01-10 10:02:00,2025-01-10 10:06:00,4.0,Friday,10
Fremont,2025-01-10 14:18:00,2025-01-10 14:22:00,4.0,Friday,14
Fremont,2025-01-10 14:41:00,2025-01-10 14:48:00,7.0,Friday,14
Fremont,2025-01-10 19:53:00,2025-01-10 19:58:00,5.0,Friday,19
Fremont,2025-01-11 08:22:00,2025-01-11 08:27:00,5.0,Saturday,8
Fremont,2025-01-11 09:19:00,2025-01-11 09:27:00,8.0,Saturday,9
Fremont,2025-01-11 11:48:00,2025-01-11 11:51:00,3.0,Saturday,11
Fremont,2025-01-11 12:10:00,2025-01-11 12:15:00,5.0,Saturday,12
Fremont,2025-01-11 14:17:00,2025-01-11 14:23:00,6.0,Saturday,14
Fremont,2025-01-11 15:44:00,2025-01-11 15:47:00,3.0,Saturday,15
Fremont,2025-01-11 21:34:00,2025-01-11 21:41:00,7.0,Saturday,21
Fremont,2025-01-12 07:24:00,2025-01-12 07:30:00,6.0,Sunday,7
Fremont,2025-01-12 10:12:00,2025-01-12 10:16:00,4.0,Sunday,10
Fremont,2025-01-12 10:53:00,2025-01-12 10:58:00,5.0,Sunday,10
Fremont,2025-01-12 12:09:00,2025-01-12 12:13:00,4.0,Sunday,12
Fremont,2025-01-12 13:01:00,2025-01-12 13:05:00,4.0,Sunday,13
Fremont,2025-01-12 13:10:00,2025-01-12 13:16:00,6.0,Sunday,13
Fremont,2025-01-12 13:28:00,2025-01-12 13:33:00,5.0,Sunday,13
Fremont,2025-01-12 15:28:00,2025-01-12 15:32:00,4.0,Sunday,15
Fremont,2025-01-12 15:58:00,2025-01-12 16:03:00,5.0,Sunday,15
Fremont,2025-01-12 19:53:00,2025-01-12 20:00:00,7.0,Sunday,19
Fremont,2025-01-12 21:19:00,2025-01-12 21:26:00,7.0,Sunday,21
Fremont,2025-01-13 02:40:00,2025-01-13 02:48:00,8.0,Monday,2
Fremont,2025-01-13 09:01:00,2025-01-13 09:07:00,6.0,Monday,9
Fremont,2025-01-13 09:17:00,2025-01-13 09:21:00,4.0,Monday,9
Fremont,2025-01-13 12:01:00,2025-01-13 12:05:00,4.0,Monday,12
Fremont,2025-01-13 12:25:00,2025-01-13 12:34:00,9.0,Monday,12
Fremont,2025-01-13 12:48:00,2025-01-13 12:52:00,4.0,Monday,12
Fremont,2025-01-13 13:22:00,2025-01-13 13:28:00,6.0,Monday,13
Fremont,2025-01-13 13:37:00,2025-01-13 13:42:00,5.0,Monday,13
Fremont,2025-01-13 14:23:00,2025-01-13 14:29:00,6.0,Monday,14
Fremont,2025-01-13 14:34:00,2025-01-13 14:40:00,6.0,Monday,14
Fremont,2025-01-13 18:01:00,2025-01-13 18:05:00,4.0,Monday,18
Fremont,2025-01-13 18:30:00,2025-01-13 18:35:00,5.0,Monday,18
Fremont,2025-01-13 21:24:00,2025-01-13 21:31:00,7.0,Monday,21
Fremont,2025-01-14 09:41:00,2025-01-14 09:45:00,4.0,Tuesday,9
Fremont,2025-01-14 11:10:00,2025-01-14 11:15:00,5.0,Tuesday,11
Fremont,2025-01-14 11:32:00,2025-01-14 11:37:00,5.0,Tuesday,11
Fremont,2025-01-14 12:41:00,2025-01-14 12:46:00,5.0,Tuesday,12
Fremont,2025-01-14 13:14:00,2025-01-14 13:18:00,4.0,Tuesday,13
Fremont,2025-01-14 13:55:00,2025-01-14 14:00:00,5.0,Tuesday,13
Fremont,2025-01-14 14:31:00,2025-01-14 14:36:00,5.0,Tuesday,14
Fremont,2025-01-14 14:42:00,2025-01-14 14:51:00,9.0,Tuesday,14
Fremont,2025-01-14 21:34:00,2025-01-14 21:40:00,6.0,Tuesday,21
Fremont,2025-01-15 11:46:00,2025-01-15 11:51:00,5.0,Wednesday,11
Fremont,2025-01-15 13:40:00,2025-01-15 13:44:00,4.0,Wednesday,13
Fremont,2025-01-15 14:29:00,2025-01-15 14:33:00,4.0,Wednesday,14
Fremont,2025-01-15 14:59:00,2025-01-15 15:05:00,6.0,Wednesday,14
Fremont,2025-01-15 19:51:00,2025-01-15 19:56:00,5.0,Wednesday,19
Fremont,2025-01-16 06:23:00,2025-01-16 06:29:00,6.0,Thursday,6
Fremont,2025-01-16 10:31:00,2025-01-16 10:35:00,4.0,Thursday,10
Fremont,2025-01-16 13:34:00,2025-01-16 13:37:00,3.0,Thursday,13
Fremont,2025-01-17 10:29:00,2025-01-17 10:34:00,5.0,Friday,10
Fremont,2025-01-17 11:11:00,2025-01-17 11:14:00,3.0,Friday,11
Fremont,2025-01-17 12:05:00,2025-01-17 12:08:00,3.0,Friday,12
Fremont,2025-01-17 12:57:00,2025-01-17 13:01:00,4.0,Friday,12
Fremont,2025-01-17 13:16:00,2025-01-17 13:20:00,4.0,Friday,13
Fremont,2025-01-17 13:35:00,2025-01-17 13:39:00,4.0,Friday,13
Fremont,2025-01-18 08:28:00,2025-01-18 08:32:00,4.0,Saturday,8
Fremont,2025-01-18 10:52:00,2025-01-18 10:56:00,4.0,Saturday,10
Fremont,2025-01-18 11:54:00,2025-01-18 12:01:00,7.0,Saturday,11
Fremont,2025-01-18 14:28:00,2025-01-18 14:33:00,5.0,Saturday,14
Fremont,2025-01-18 15:39:00,2025-01-18 15:42:00,3.0,Saturday,15
Fremont,2025-01-18 17:09:00,2025-01-18 17:13:00,4.0,Saturday,17
Fremont,2025-01-18 18:19:00,2025-01-18 18:23:00,4.0,Saturday,18
Fremont,2025-01-19 11:19:00,2025-01-19 11:24:00,5.0,Sunday,11
Fremont,2025-01-19 13:13:00,2025-01-19 13:16:00,3.0,Sunday,13
Fremont,2025-01-19 13:30:00,2025-01-19 13:34:00,4.0,Sunday,13
Fremont,2025-01-19 14:01:00,2025-01-19 14:05:00,4.0,Sunday,14
Fremont,2025-01-19 15:55:00,2025-01-19 15:59:00,4.0,Sunday,15
Fremont,2025-01-19 16:07:00,2025-01-19 16:11:00,4.0,Sunday,16
Fremont,2025-01-19 18:00:00,2025-01-19 18:03:00,3.0,Sunday,18
Fremont,2025-01-19 19:31:00,2025-01-19 19:35:00,4.0,Sunday,19
Fremont,2025-01-20 12:15:00,2025-01-20 12:20:00,5.0,Monday,12
Fremont,2025-01-20 13:35:00,2025-01-20 13:39:00,4.0,Monday,13
Fremont,2025-01-20 13:58:00,2025-01-20 14:03:00,5.0,Monday,13
Fremont,2025-01-20 14:10:00,2025-01-20 14:15:00,5.0,Monday,14
Fremont,2025-01-20 15:58:00,2025-01-20 16:02:00,4.0,Monday,15
Fremont,2025-01-21 10:33:00,2025-01-21 10:36:00,3.0,Tuesday,10
Fremont,2025-01-21 10:49:00,2025-01-21 10:53:00,4.0,Tuesday,10
Fremont,2025-01-21 11:08:00,2025-01-21 11:09:00,1.0,Tuesday,11
Fremont,2025-01-21 12:42:00,2025-01-21 12:46:00,4.0,Tuesday,12
Fremont,2025-01-22 09:17:00,2025-01-22 09:23:00,6.0,Wednesday,9
Fremont,2025-01-22 10:03:00,2025-01-22 10:10:00,7.0,Wednesday,10
Fremont,2025-01-22 14:16:00,2025-01-22 14:20:00,4.0,Wednesday,14
Fremont,2025-01-23 11:00:00,2025-01-23 11:05:00,5.0,Thursday,11
Fremont,2025-01-23 11:41:00,2025-01-23 11:44:00,3.0,Thursday,11
Fremont,2025-01-23 12:09:00,2025-01-23 12:13:00,4.0,Thursday,12
Fremont,2025-01-23 12:38:00,2025-01-23 12:42:00,4.0,Thursday,12
Fremont,2025-01-24 09:14:00,2025-01-24 09:18:00,4.0,Friday,9
Fremont,2025-01-24 11:15:00,2025-01-24 11:20:00,5.0,Friday,11
Fremont,2025-01-24 12:58:00,2025-01-24 13:02:00,4.0,Friday,12
Fremont,2025-01-24 14:19:00,2025-01-24 14:23:00,4.0,Friday,14
Fremont,2025-01-24 15:46:00,2025-01-24 15:50:00,4.0,Friday,15
Fremont,2025-01-24 20:37:00,2025-01-24 20:42:00,5.0,Friday,20
Fremont,2025-01-25 09:06:00,2025-01-25 09:12:00,6.0,Saturday,9
Fremont,2025-01-25 09:23:00,2025-01-25 09:27:00,4.0,Saturday,9
Fremont,2025-01-25 10:27:00,2025-01-25 10:32:00,5.0,Saturday,10
Fremont,2025-01-25 14:19:00,2025-01-25 14:23:00,4.0,Saturday,14
Fremont,2025-01-25 15:42:00,2025-01-25 15:46:00,4.0,Saturday,15
Fremont,2025-01-25 16:20:00,2025-01-25 16:23:00,3.0,Saturday,16
Fremont,2025-01-26 11:23:00,2025-01-26 11:27:00,4.0,Sunday,11
Fremont,2025-01-26 11:34:00,2025-01-26 11:38:00,4.0,Sunday,11
Fremont,2025-01-26 12:09:00,2025-01-26 12:13:00,4.0,Sunday,12
Fremont,2025-01-26 14:28:00,2025-01-26 14:31:00,3.0,Sunday,14
Fremont,2025-01-26 14:50:00,2025-01-26 14:53:00,3.0,Sunday,14
Fremont,2025-01-26 15:25:00,2025-01-26 15:29:00,4.0,Sunday,15
Fremont,2025-01-26 15:51:00,2025-01-26 15:54:00,3.0,Sunday,15
Fremont,2025-01-26 16:05:00,2025-01-26 16:08:00,3.0,Sunday,16
Fremont,2025-01-26 17:12:00,2025-01-26 17:16:00,4.0,Sunday,17
Fremont,2025-01-26 17:52:00,2025-01-26 17:56:00,4.0,Sunday,17
Fremont,2025-01-26 18:23:00,2025-01-26 18:27:00,4.0,Sunday,18
Fremont,2025-01-27 09:07:00,2025-01-27 09:11:00,4.0,Monday,9
Fremont,2025-01-27 11:18:00,2025-01-27 11:22:00,4.0,Monday,11
Fremont,2025-01-27 12:49:00,2025-01-27 12:55:00,6.0,Monday,12
Fremont,2025-01-28 09:01:00,2025-01-28 09:06:00,5.0,Tuesday,9
Fremont,2025-01-28 10:32:00,2025-01-28 10:37:00,5.0,Tuesday,10
Fremont,2025-01-28 11:49:00,2025-01-28 11:53:00,4.0,Tuesday,11
Fremont,2025-01-28 12:55:00,2025-01-28 13:00:00,5.0,Tuesday,12
Fremont,2025-01-29 09:03:00,2025-01-29 09:08:00,5.0,Wednesday,9
Fremont,2025-01-30 09:28:00,2025-01-30 09:32:00,4.0,Thursday,9
Fremont,2025-01-30 11:00:00,2025-01-30 11:05:00,5.0,Thursday,11
Fremont,2025-01-31 10:36:00,2025-01-31 10:41:00,5.0,Friday,10
Fremont,2025-01-31 11:27:00,2025-01-31 11:31:00,4.0,Friday,11
Fremont,2025-01-31 12:02:00,2025-01-31 12:07:00,5.0,Friday,12
Fremont,2025-02-01 12:14:00,2025-02-01 12:19:00,5.0,Saturday,12
Fremont,2025-02-01 13:21:00,2025-02-01 13:25:00,4.0,Saturday,13
Fremont,2025-02-02 13:21:00,2025-02-02 13:25:00,4.0,Sunday,13
Fremont,2025-02-03 12:11:00,2025-02-03 12:18:00,7.0,Monday,12
Fremont,2025-02-03 15:22:00,2025-02-03 15:26:00,4.0,Monday,15
Fremont,2025-02-04 09:05:00,2025-02-04 09:09:00,4.0,Tuesday,9
Fremont,2025-02-04 11:22:00,2025-02-04 11:27:00,5.0,Tuesday,11
Fremont,2025-02-04 12:08:00,2025-02-04 12:13:00,5.0,Tuesday,12
Fremont,2025-02-04 15:24:00,2025-02-04 15:27:00,3.0,Tuesday,15
Fremont,2025-02-05 15:23:00,2025-02-05 15:27:00,4.0,Wednesday,15
Fremont,2025-02-06 11:38:00,2025-02-06 11:42:00,4.0,Thursday,11
Fremont,2025-02-06 13:36:00,2025-02-06 13:41:00,5.0,Thursday,13
Fremont,2025-02-07 10:01:00,2025-02-07 10:05:00,4.0,Friday,10
Fremont,2025-02-08 08:23:00,2025-02-08 08:27:00,4.0,Saturday,8
Fremont,2025-02-08 09:25:00,2025-02-08 09:29:00,4.0,Saturday,9
Fremont,2025-02-08 11:23:00,2025-02-08 11:31:00,8.0,Saturday,11
Fremont,2025-02-08 12:20:00,2025-02-08 12:25:00,5.0,Saturday,12
Fremont,2025-02-08 13:05:00,2025-02-08 13:10:00,5.0,Saturday,13
Fremont,2025-02-08 13:36:00,2025-02-08 13:40:00,4.0,Saturday,13
Fremont,2025-02-08 16:30:00,2025-02-08 16:33:00,3.0,Saturday,16
Fremont,2025-02-08 19:18:00,2025-02-08 19:22:00,4.0,Saturday,19
Fremont,2025-02-09 10:40:00,2025-02-09 10:45:00,5.0,Sunday,10
Fremont,2025-02-09 11:04:00,2025-02-09 11:09:00,5.0,Sunday,11
Fremont,2025-02-09 14:00:00,2025-02-09 14:05:00,5.0,Sunday,14
Fremont,2025-02-10 10:27:00,2025-02-10 10:31:00,4.0,Monday,10
Fremont,2025-02-10 11:27:00,2025-02-10 11:32:00,5.0,Monday,11
Fremont,2025-02-10 13:22:00,2025-02-10 13:27:00,5.0,Monday,13
Fremont,2025-02-10 14:47:00,2025-02-10 14:51:00,4.0,Monday,14
Fremont,2025-02-11 13:10:00,2025-02-11 13:15:00,5.0,Tuesday,13
Fremont,2025-02-12 10:02:00,2025-02-12 10:07:00,5.0,Wednesday,10
Fremont,2025-02-12 10:52:00,2025-02-12 10:56:00,4.0,Wednesday,10
Fremont,2025-02-12 15:37:00,2025-02-12 15:42:00,5.0,Wednesday,15
Fremont,2025-02-12 15:57:00,2025-02-12 16:00:00,3.0,Wednesday,15
Fremont,2025-02-12 18:02:00,2025-02-12 18:05:00,3.0,Wednesday,18
Fremont,2025-02-12 18:32:00,2025-02-12 18:36:00,4.0,Wednesday,18
Fremont,2025-02-13 09:24:00,2025-02-13 09:28:00,4.0,Thursday,9
Fremont,2025-02-13 10:35:00,2025-02-13 10:39:00,4.0,Thursday,10
Fremont,2025-02-13 11:43:00,2025-02-13 11:49:00,6.0,Thursday,11
Fremont,2025-02-13 15:26:00,2025-02-13 15:30:00,4.0,Thursday,15
Fremont,2025-02-14 09:02:00,2025-02-14 09:09:00,7.0,Friday,9
Fremont,2025-02-14 10:10:00,2025-02-14 10:16:00,6.0,Friday,10
Fremont,2025-02-14 10:38:00,2025-02-14 10:42:00,4.0,Friday,10
Fremont,2025-02-14 12:15:00,2025-02-14 12:19:00,4.0,Friday,12
Fremont,2025-02-14 13:00:00,2025-02-14 13:04:00,4.0,Friday,13
Fremont,2025-02-14 13:53:00,2025-02-14 14:00:00,7.0,Friday,13
Fremont,2025-02-14 18:15:00,2025-02-14 18:21:00,6.0,Friday,18
Fremont,2025-02-14 22:28:00,2025-02-14 22:34:00,6.0,Friday,22
Fremont,2025-02-15 09:46:00,2025-02-15 09:53:00,7.0,Saturday,9
Fremont,2025-02-15 10:35:00,2025-02-15 10:39:00,4.0,Saturday,10
Fremont,2025-02-16 10:16:00,2025-02-16 10:20:00,4.0,Sunday,10
Fremont,2025-02-16 10:28:00,2025-02-16 10:31:00,3.0,Sunday,10
Fremont,2025-02-16 12:32:00,2025-02-16 12:36:00,4.0,Sunday,12
Fremont,2025-02-16 13:06:00,2025-02-16 13:10:00,4.0,Sunday,13
Fremont,2025-02-16 14:58:00,2025-02-16 15:02:00,4.0,Sunday,14
Fremont,2025-02-16 17:41:00,2025-02-16 17:48:00,7.0,Sunday,17
Fremont,2025-02-16 21:58:00,2025-02-16 22:05:00,7.0,Sunday,21
Fremont,2025-02-17 09:42:00,2025-02-17 09:51:00,9.0,Monday,9
Fremont,2025-02-17 10:21:00,2025-02-17 10:25:00,4.0,Monday,10
Fremont,2025-02-17 10:59:00,2025-02-17 11:08:00,9.0,Monday,10
Fremont,2025-02-17 12:07:00,2025-02-17 12:13:00,6.0,Monday,12
Fremont,2025-02-17 15:15:00,2025-02-17 15:20:00,5.0,Monday,15
Fremont,2025-02-18 10:30:00,2025-02-18 10:34:00,4.0,Tuesday,10
Fremont,2025-02-18 11:01:00,2025-02-18 11:09:00,8.0,Tuesday,11
Fremont,2025-02-18 11:55:00,2025-02-18 12:00:00,5.0,Tuesday,11
Fremont,2025-02-18 12:14:00,2025-02-18 12:21:00,7.0,Tuesday,12
Fremont,2025-02-18 12:47:00,2025-02-18 12:53:00,6.0,Tuesday,12
Fremont,2025-02-18 13:06:00,2025-02-18 13:11:00,5.0,Tuesday,13
Fremont,2025-02-18 13:55:00,2025-02-18 14:03:00,8.0,Tuesday,13
Fremont,2025-02-18 16:19:00,2025-02-18 16:24:00,5.0,Tuesday,16
Fremont,2025-02-19 05:52:00,2025-02-19 05:57:00,5.0,Wednesday,5
Fremont,2025-02-19 10:17:00,2025-02-19 10:22:00,5.0,Wednesday,10
Fremont,2025-02-19 10:43:00,2025-02-19 10:50:00,7.0,Wednesday,10
Fremont,2025-02-19 12:47:00,2025-02-19 12:51:00,4.0,Wednesday,12
Fremont,2025-02-19 13:06:00,2025-02-19 13:13:00,7.0,Wednesday,13
Fremont,2025-02-19 14:12:00,2025-02-19 14:17:00,5.0,Wednesday,14
Fremont,2025-02-19 19:50:00,2025-02-19 19:57:00,7.0,Wednesday,19
Fremont,2025-02-20 09:42:00,2025-02-20 09:58:00,16.0,Thursday,9
Fremont,2025-02-20 11:41:00,2025-02-20 11:48:00,7.0,Thursday,11
Fremont,2025-02-20 13:10:00,2025-02-20 13:16:00,6.0,Thursday,13
Fremont,2025-02-20 14:19:00,2025-02-20 14:23:00,4.0,Thursday,14
Fremont,2025-02-20 16:51:00,2025-02-20 16:57:00,6.0,Thursday,16
Fremont,2025-02-21 09:06:00,2025-02-21 09:12:00,6.0,Friday,9
Fremont,2025-02-21 10:34:00,2025-02-21 10:37:00,3.0,Friday,10
Fremont,2025-02-21 11:51:00,2025-02-21 11:56:00,5.0,Friday,11
Fremont,2025-02-21 13:08:00,2025-02-21 13:14:00,6.0,Friday,13
Fremont,2025-02-21 13:33:00,2025-02-21 13:37:00,4.0,Friday,13
Fremont,2025-02-21 13:51:00,2025-02-21 13:57:00,6.0,Friday,13
Fremont,2025-02-21 16:36:00,2025-02-21 16:42:00,6.0,Friday,16
Fremont,2025-02-21 19:53:00,2025-02-21 19:57:00,4.0,Friday,19
Fremont,2025-02-21 22:22:00,2025-02-21 22:26:00,4.0,Friday,22
Fremont,2025-02-22 09:40:00,2025-02-22 09:45:00,5.0,Saturday,9
Fremont,2025-02-22 12:08:00,2025-02-22 12:13:00,5.0,Saturday,12
Fremont,2025-02-22 13:17:00,2025-02-22 13:21:00,4.0,Saturday,13
Fremont,2025-02-22 16:48:00,2025-02-22 16:51:00,3.0,Saturday,16
Fremont,2025-02-22 17:04:00,2025-02-22 17:08:00,4.0,Saturday,17
Fremont,2025-02-22 17:25:00,2025-02-22 17:29:00,4.0,Saturday,17
Fremont,2025-02-22 19:49:00,2025-02-22 19:52:00,3.0,Saturday,19
Fremont,2025-02-23 07:32:00,2025-02-23 07:35:00,3.0,Sunday,7
Fremont,2025-02-23 07:52:00,2025-02-23 07:56:00,4.0,Sunday,7
Fremont,2025-02-23 09:23:00,2025-02-23 09:27:00,4.0,Sunday,9
Fremont,2025-02-23 10:30:00,2025-02-23 10:38:00,8.0,Sunday,10
Fremont,2025-02-23 14:22:00,2025-02-23 14:28:00,6.0,Sunday,14
Fremont,2025-02-23 15:35:00,2025-02-23 15:39:00,4.0,Sunday,15
Fremont,2025-02-23 16:33:00,2025-02-23 16:38:00,5.0,Sunday,16
Fremont,2025-02-24 09:25:00,2025-02-24 09:30:00,5.0,Monday,9
Fremont,2025-02-24 10:29:00,2025-02-24 10:34:00,5.0,Monday,10
Fremont,2025-02-24 10:41:00,2025-02-24 10:47:00,6.0,Monday,10
Fremont,2025-02-24 11:07:00,2025-02-24 11:12:00,5.0,Monday,11
Fremont,2025-02-25 10:11:00,2025-02-25 10:17:00,6.0,Tuesday,10
Fremont,2025-02-25 11:50:00,2025-02-25 11:55:00,5.0,Tuesday,11
Fremont,2025-02-25 18:28:00,2025-02-25 18:34:00,6.0,Tuesday,18
Fremont,2025-02-25 22:15:00,2025-02-25 22:19:00,4.0,Tuesday,22
Fremont,2025-02-26 00:15:00,2025-02-26 00:22:00,7.0,Wednesday,0
Fremont,2025-02-26 05:46:00,2025-02-26 05:53:00,7.0,Wednesday,5
Fremont,2025-02-26 06:50:00,2025-02-26 06:55:00,5.0,Wednesday,6
Fremont,2025-02-26 10:11:00,2025-02-26 10:20:00,9.0,Wednesday,10
Fremont,2025-02-26 10:43:00,2025-02-26 10:51:00,8.0,Wednesday,10
Fremont,2025-02-26 11:30:00,2025-02-26 11:37:00,7.0,Wednesday,11
Fremont,2025-02-26 12:17:00,2025-02-26 12:25:00,8.0,Wednesday,12
Fremont,2025-02-26 12:43:00,2025-02-26 12:49:00,6.0,Wednesday,12
Fremont,2025-02-26 14:42:00,2025-02-26 14:51:00,9.0,Wednesday,14
Fremont,2025-02-26 15:13:00,2025-02-26 15:24:00,11.0,Wednesday,15
Fremont,2025-02-26 18:18:00,2025-02-26 18:25:00,7.0,Wednesday,18
Fremont,2025-02-26 19:19:00,2025-02-26 19:27:00,8.0,Wednesday,19
Fremont,2025-02-26 21:27:00,2025-02-26 21:35:00,8.0,Wednesday,21
Fremont,2025-02-27 09:56:00,2025-02-27 10:04:00,8.0,Thursday,9
Fremont,2025-02-27 10:21:00,2025-02-27 10:28:00,7.0,Thursday,10
Fremont,2025-02-27 11:03:00,2025-02-27 11:12:00,9.0,Thursday,11
Fremont,2025-02-27 11:28:00,2025-02-27 11:35:00,7.0,Thursday,11
Fremont,2025-02-27 12:05:00,2025-02-27 12:11:00,6.0,Thursday,12
Fremont,2025-02-27 14:07:00,2025-02-27 14:17:00,10.0,Thursday,14
Fremont,2025-02-27 14:29:00,2025-02-27 14:34:00,5.0,Thursday,14
Fremont,2025-02-27 15:47:00,2025-02-27 15:55:00,8.0,Thursday,15
Fremont,2025-02-27 18:24:00,2025-02-27 18:32:00,8.0,Thursday,18
Fremont,2025-02-28 09:11:00,2025-02-28 09:17:00,6.0,Friday,9
Fremont,2025-02-28 09:22:00,2025-02-28 09:30:00,8.0,Friday,9
Fremont,2025-02-28 10:25:00,2025-02-28 10:30:00,5.0,Friday,10
Fremont,2025-02-28 10:34:00,2025-02-28 10:40:00,6.0,Friday,10
Fremont,2025-02-28 11:58:00,2025-02-28 12:06:00,8.0,Friday,11
Fremont,2025-02-28 12:59:00,2025-02-28 13:06:00,7.0,Friday,12
Fremont,2025-02-28 13:32:00,2025-02-28 13:38:00,6.0,Friday,13
Fremont,2025-02-28 14:01:00,2025-02-28 14:06:00,5.0,Friday,14
Fremont,2025-02-28 14:23:00,2025-02-28 14:28:00,5.0,Friday,14
Fremont,2025-02-28 15:04:00,2025-02-28 15:14:00,10.0,Friday,15
Fremont,2025-02-28 18:43:00,2025-02-28 18:49:00,6.0,Friday,18
Fremont,2025-02-28 19:28:00,2025-02-28 19:37:00,9.0,Friday,19
Fremont,2025-02-28 20:17:00,2025-02-28 20:22:00,5.0,Friday,20
Fremont,2025-02-28 20:50:00,2025-02-28 20:53:00,3.0,Friday,20
Fremont,2025-02-28 20:58:00,2025-02-28 21:04:00,6.0,Friday,20
Fremont,2025-03-01 09:34:00,2025-03-01 09:43:00,9.0,Saturday,9
Fremont,2025-03-01 10:19:00,2025-03-01 10:28:00,9.0,Saturday,10
Fremont,2025-03-01 10:43:00,2025-03-01 10:51:00,8.0,Saturday,10
Fremont,2025-03-01 11:14:00,2025-03-01 11:19:00,5.0,Saturday,11
Fremont,2025-03-01 14:23:00,2025-03-01 14:29:00,6.0,Saturday,14
Fremont,2025-03-01 14:44:00,2025-03-01 14:50:00,6.0,Saturday,14
Fremont,2025-03-01 19:13:00,2025-03-01 19:19:00,6.0,Saturday,19
Fremont,2025-03-01 20:43:00,2025-03-01 20:49:00,6.0,Saturday,20
Fremont,2025-03-02 09:39:00,2025-03-02 09:45:00,6.0,Sunday,9
Fremont,2025-03-02 13:15:00,2025-03-02 13:21:00,6.0,Sunday,13
Fremont,2025-03-02 22:21:00,2025-03-02 22:29:00,8.0,Sunday,22
Fremont,2025-03-03 02:57:00,2025-03-03 03:04:00,7.0,Monday,2
Fremont,2025-03-03 09:27:00,2025-03-03 09:33:00,6.0,Monday,9
Fremont,2025-03-03 11:49:00,2025-03-03 11:58:00,9.0,Monday,11
Fremont,2025-03-03 15:30:00,2025-03-03 15:37:00,7.0,Monday,15
Fremont,2025-03-03 18:12:00,2025-03-03 18:18:00,6.0,Monday,18
Fremont,2025-03-03 19:05:00,2025-03-03 19:14:00,9.0,Monday,19
Fremont,2025-03-03 23:44:00,2025-03-03 23:51:00,7.0,Monday,23
Fremont,2025-03-04 09:20:00,2025-03-04 09:29:00,9.0,Tuesday,9
Fremont,2025-03-04 10:03:00,2025-03-04 10:10:00,7.0,Tuesday,10
Fremont,2025-03-04 10:35:00,2025-03-04 10:40:00,5.0,Tuesday,10
Fremont,2025-03-04 12:01:00,2025-03-04 12:08:00,7.0,Tuesday,12
Fremont,2025-03-04 12:19:00,2025-03-04 12:25:00,6.0,Tuesday,12
Fremont,2025-03-04 12:36:00,2025-03-04 12:41:00,5.0,Tuesday,12
Fremont,2025-03-04 13:12:00,2025-03-04 13:17:00,5.0,Tuesday,13
Fremont,2025-03-04 13:29:00,2025-03-04 13:35:00,6.0,Tuesday,13
Fremont,2025-03-04 14:32:00,2025-03-04 14:40:00,8.0,Tuesday,14
Fremont,2025-03-04 18:13:00,2025-03-04 18:21:00,8.0,Tuesday,18
Fremont,2025-03-04 21:51:00,2025-03-04 22:01:00,10.0,Tuesday,21
Fremont,2025-03-05 12:45:00,2025-03-05 12:51:00,6.0,Wednesday,12
Fremont,2025-03-05 13:34:00,2025-03-05 13:44:00,10.0,Wednesday,13
Fremont,2025-03-05 15:19:00,2025-03-05 15:27:00,8.0,Wednesday,15
Fremont,2025-03-05 20:07:00,2025-03-05 20:16:00,9.0,Wednesday,20
Fremont,2025-03-06 11:19:00,2025-03-06 11:27:00,8.0,Thursday,11
Fremont,2025-03-06 11:35:00,2025-03-06 11:42:00,7.0,Thursday,11
Fremont,2025-03-06 13:00:00,2025-03-06 13:08:00,8.0,Thursday,13
Fremont,2025-03-06 13:48:00,2025-03-06 13:55:00,7.0,Thursday,13
Fremont,2025-03-06 14:18:00,2025-03-06 14:24:00,6.0,Thursday,14
Fremont,2025-03-06 18:14:00,2025-03-06 18:21:00,7.0,Thursday,18
Fremont,2025-03-06 22:31:00,2025-03-06 22:38:00,7.0,Thursday,22
Fremont,2025-03-07 09:16:00,2025-03-07 09:26:00,10.0,Friday,9
Fremont,2025-03-07 09:43:00,2025-03-07 09:52:00,9.0,Friday,9
Fremont,2025-03-07 09:59:00,2025-03-07 10:09:00,10.0,Friday,9
Fremont,2025-03-07 10:28:00,2025-03-07 10:36:00,8.0,Friday,10
Fremont,2025-03-07 10:57:00,2025-03-07 11:04:00,7.0,Friday,10
Fremont,2025-03-07 11:33:00,2025-03-07 11:39:00,6.0,Friday,11
Fremont,2025-03-07 11:57:00,2025-03-07 12:04:00,7.0,Friday,11
Fremont,2025-03-07 12:31:00,2025-03-07 12:37:00,6.0,Friday,12
Fremont,2025-03-07 12:51:00,2025-03-07 12:58:00,7.0,Friday,12
Fremont,2025-03-07 13:35:00,2025-03-07 13:43:00,8.0,Friday,13
Fremont,2025-03-07 14:02:00,2025-03-07 14:35:00,33.0,Friday,14
Fremont,2025-03-07 14:49:00,2025-03-07 14:56:00,7.0,Friday,14
Fremont,2025-03-07 15:20:00,2025-03-07 15:28:00,8.0,Friday,15
Fremont,2025-03-07 18:55:00,2025-03-07 19:02:00,7.0,Friday,18
Fremont,2025-03-07 20:03:00,2025-03-07 20:10:00,7.0,Friday,20
Fremont,2025-03-08 07:17:00,2025-03-08 07:24:00,7.0,Saturday,7
Fremont,2025-03-08 08:15:00,2025-03-08 08:22:00,7.0,Saturday,8
Fremont,2025-03-08 08:59:00,2025-03-08 09:06:00,7.0,Saturday,8
Fremont,2025-03-08 09:42:00,2025-03-08 09:49:00,7.0,Saturday,9
Fremont,2025-03-08 10:08:00,2025-03-08 10:14:00,6.0,Saturday,10
Fremont,2025-03-08 10:54:00,2025-03-08 11:00:00,6.0,Saturday,10
Fremont,2025-03-08 11:20:00,2025-03-08 11:26:00,6.0,Saturday,11
Fremont,2025-03-08 12:23:00,2025-03-08 12:29:00,6.0,Saturday,12
Fremont,2025-03-08 13:10:00,2025-03-08 13:16:00,6.0,Saturday,13
Fremont,2025-03-08 13:32:00,2025-03-08 13:39:00,7.0,Saturday,13
Fremont,2025-03-08 14:03:00,2025-03-08 14:10:00,7.0,Saturday,14
Fremont,2025-03-08 14:27:00,2025-03-08 14:34:00,7.0,Saturday,14
Fremont,2025-03-08 15:42:00,2025-03-08 15:48:00,6.0,Saturday,15
Fremont,2025-03-08 17:45:00,2025-03-08 17:51:00,6.0,Saturday,17
Fremont,2025-03-09 12:20:00,2025-03-09 12:27:00,7.0,Sunday,12
Fremont,2025-03-09 14:30:00,2025-03-09 14:37:00,7.0,Sunday,14
Fremont,2025-03-09 16:36:00,2025-03-09 16:42:00,6.0,Sunday,16
Fremont,2025-03-09 17:28:00,2025-03-09 17:34:00,6.0,Sunday,17
Fremont,2025-03-09 18:10:00,2025-03-09 18:15:00,5.0,Sunday,18
Fremont,2025-03-09 18:47:00,2025-03-09 18:54:00,7.0,Sunday,18
Fremont,2025-03-09 20:25:00,2025-03-09 20:32:00,7.0,Sunday,20
Fremont,2025-03-09 21:17:00,2025-03-09 21:23:00,6.0,Sunday,21
Fremont,2025-03-10 13:45:00,2025-03-10 13:50:00,5.0,Monday,13
Fremont,2025-03-10 14:26:00,2025-03-10 14:31:00,5.0,Monday,14
Fremont,2025-03-10 15:07:00,2025-03-10 15:13:00,6.0,Monday,15
Fremont,2025-03-10 20:39:00,2025-03-10 20:45:00,6.0,Monday,20
Fremont,2025-03-11 11:54:00,2025-03-11 11:59:00,5.0,Tuesday,11
Fremont,2025-03-11 13:52:00,2025-03-11 13:57:00,5.0,Tuesday,13
Fremont,2025-03-11 15:25:00,2025-03-11 15:32:00,7.0,Tuesday,15
Fremont,2025-03-11 20:22:00,2025-03-11 20:28:00,6.0,Tuesday,20
Fremont,2025-03-12 06:12:00,2025-03-12 06:17:00,5.0,Wednesday,6
Fremont,2025-03-12 09:19:00,2025-03-12 09:25:00,6.0,Wednesday,9
Fremont,2025-03-12 12:34:00,2025-03-12 12:39:00,5.0,Wednesday,12
Fremont,2025-03-12 18:12:00,2025-03-12 18:19:00,7.0,Wednesday,18
Fremont,2025-03-12 22:40:00,2025-03-12 22:45:00,5.0,Wednesday,22
Fremont,2025-03-13 06:48:00,2025-03-13 06:54:00,6.0,Thursday,6
Fremont,2025-03-13 10:34:00,2025-03-13 10:41:00,7.0,Thursday,10
Fremont,2025-03-13 10:51:00,2025-03-13 10:56:00,5.0,Thursday,10
Fremont,2025-03-13 13:57:00,2025-03-13 14:03:00,6.0,Thursday,13
Fremont,2025-03-13 14:48:00,2025-03-13 14:52:00,4.0,Thursday,14
Fremont,2025-03-13 18:18:00,2025-03-13 18:24:00,6.0,Thursday,18
Fremont,2025-03-13 18:45:00,2025-03-13 18:50:00,5.0,Thursday,18
Fremont,2025-03-13 20:05:00,2025-03-13 20:09:00,4.0,Thursday,20
Fremont,2025-03-13 22:40:00,2025-03-13 22:45:00,5.0,Thursday,22
Fremont,2025-03-14 09:01:00,2025-03-14 09:05:00,4.0,Friday,9
Fremont,2025-03-14 09:50:00,2025-03-14 09:55:00,5.0,Friday,9
Fremont,2025-03-14 10:25:00,2025-03-14 10:30:00,5.0,Friday,10
Fremont,2025-03-14 10:51:00,2025-03-14 10:57:00,6.0,Friday,10
Fremont,2025-03-14 11:19:00,2025-03-14 11:23:00,4.0,Friday,11
Fremont,2025-03-14 13:46:00,2025-03-14 13:50:00,4.0,Friday,13
Fremont,2025-03-14 14:03:00,2025-03-14 14:09:00,6.0,Friday,14
Fremont,2025-03-14 15:15:00,2025-03-14 15:21:00,6.0,Friday,15
Fremont,2025-03-14 19:17:00,2025-03-14 19:22:00,5.0,Friday,19
Fremont,2025-03-16 16:12:00,2025-03-16 16:15:00,3.0,Sunday,16
Fremont,2025-03-16 17:40:00,2025-03-16 17:43:00,3.0,Sunday,17
Fremont,2025-03-17 13:22:00,2025-03-17 13:30:00,8.0,Monday,13
Fremont,2025-03-17 14:53:00,2025-03-17 15:00:00,7.0,Monday,14
Fremont,2025-03-17 15:31:00,2025-03-17 15:35:00,4.0,Monday,15
Fremont,2025-03-17 19:08:00,2025-03-17 19:14:00,6.0,Monday,19
Fremont,2025-03-18 09:48:00,2025-03-18 09:54:00,6.0,Tuesday,9
Fremont,2025-03-18 10:21:00,2025-03-18 10:25:00,4.0,Tuesday,10
Fremont,2025-03-18 10:40:00,2025-03-18 10:46:00,6.0,Tuesday,10
Fremont,2025-03-18 11:05:00,2025-03-18 11:09:00,4.0,Tuesday,11
Fremont,2025-03-18 12:02:00,2025-03-18 12:07:00,5.0,Tuesday,12
Fremont,2025-03-18 14:33:00,2025-03-18 14:41:00,8.0,Tuesday,14
Fremont,2025-03-18 18:22:00,2025-03-18 18:26:00,4.0,Tuesday,18
Fremont,2025-03-18 19:03:00,2025-03-18 19:09:00,6.0,Tuesday,19
Fremont,2025-03-19 12:31:00,2025-03-19 12:35:00,4.0,Wednesday,12
Fremont,2025-03-19 13:49:00,2025-03-19 13:53:00,4.0,Wednesday,13
Fremont,2025-03-19 14:15:00,2025-03-19 14:22:00,7.0,Wednesday,14
Fremont,2025-03-19 15:10:00,2025-03-19 15:14:00,4.0,Wednesday,15
Fremont,2025-03-19 18:11:00,2025-03-19 18:17:00,6.0,Wednesday,18
Fremont,2025-03-20 06:39:00,2025-03-20 06:43:00,4.0,Thursday,6
Fremont,2025-03-20 08:39:00,2025-03-20 08:52:00,13.0,Thursday,8
Fremont,2025-03-20 10:34:00,2025-03-20 10:38:00,4.0,Thursday,10
Fremont,2025-03-20 11:46:00,2025-03-20 11:51:00,5.0,Thursday,11
Fremont,2025-03-20 12:19:00,2025-03-20 12:24:00,5.0,Thursday,12
Fremont,2025-03-20 15:13:00,2025-03-20 15:17:00,4.0,Thursday,15
Fremont,2025-03-20 18:12:00,2025-03-20 18:18:00,6.0,Thursday,18
Fremont,2025-03-20 21:53:00,2025-03-20 21:58:00,5.0,Thursday,21
Fremont,2025-03-21 10:45:00,2025-03-21 10:49:00,4.0,Friday,10
Fremont,2025-03-21 11:57:00,2025-03-21 12:01:00,4.0,Friday,11
Fremont,2025-03-21 12:20:00,2025-03-21 12:24:00,4.0,Friday,12
Fremont,2025-03-21 13:32:00,2025-03-21 13:37:00,5.0,Friday,13
Fremont,2025-03-21 14:13:00,2025-03-21 14:16:00,3.0,Friday,14
Fremont,2025-03-21 14:58:00,2025-03-21 15:05:00,7.0,Friday,14
Fremont,2025-03-21 19:08:00,2025-03-21 19:13:00,5.0,Friday,19
Fremont,2025-03-21 19:55:00,2025-03-21 20:00:00,5.0,Friday,19
Fremont,2025-03-22 09:25:00,2025-03-22 09:30:00,5.0,Saturday,9
Fremont,2025-03-22 11:07:00,2025-03-22 11:12:00,5.0,Saturday,11
Fremont,2025-03-22 12:52:00,2025-03-22 12:56:00,4.0,Saturday,12
Fremont,2025-03-22 13:25:00,2025-03-22 13:29:00,4.0,Saturday,13
Fremont,2025-03-22 13:51:00,2025-03-22 13:56:00,5.0,Saturday,13
Fremont,2025-03-22 14:11:00,2025-03-22 14:15:00,4.0,Saturday,14
Fremont,2025-03-22 14:29:00,2025-03-22 14:33:00,4.0,Saturday,14
Fremont,2025-03-22 14:47:00,2025-03-22 14:51:00,4.0,Saturday,14
Fremont,2025-03-22 16:05:00,2025-03-22 16:09:00,4.0,Saturday,16
Fremont,2025-03-22 16:35:00,2025-03-22 16:38:00,3.0,Saturday,16
Fremont,2025-03-22 17:45:00,2025-03-22 17:49:00,4.0,Saturday,17
Fremont,2025-03-23 11:56:00,2025-03-23 12:01:00,5.0,Sunday,11
Fremont,2025-03-23 12:51:00,2025-03-23 12:55:00,4.0,Sunday,12
Fremont,2025-03-24 14:28:00,2025-03-24 14:35:00,7.0,Monday,14
Fremont,2025-03-24 19:11:00,2025-03-24 19:17:00,6.0,Monday,19
Fremont,2025-03-24 21:45:00,2025-03-24 21:51:00,6.0,Monday,21
Fremont,2025-03-25 10:58:00,2025-03-25 11:02:00,4.0,Tuesday,10
Fremont,2025-03-25 12:39:00,2025-03-25 12:43:00,4.0,Tuesday,12
Fremont,2025-03-25 13:52:00,2025-03-25 13:56:00,4.0,Tuesday,13
Fremont,2025-03-25 14:22:00,2025-03-25 14:26:00,4.0,Tuesday,14
Fremont,2025-03-25 14:48:00,2025-03-25 14:54:00,6.0,Tuesday,14
Fremont,2025-03-25 15:48:00,2025-03-25 15:52:00,4.0,Tuesday,15
Fremont,2025-03-25 18:19:00,2025-03-25 18:23:00,4.0,Tuesday,18
Fremont,2025-03-25 18:42:00,2025-03-25 18:46:00,4.0,Tuesday,18
Fremont,2025-03-25 19:00:00,2025-03-25 19:04:00,4.0,Tuesday,19
Fremont,2025-03-25 19:39:00,2025-03-25 19:45:00,6.0,Tuesday,19
Fremont,2025-03-25 20:15:00,2025-03-25 20:19:00,4.0,Tuesday,20
Fremont,2025-03-25 20:30:00,2025-03-25 20:33:00,3.0,Tuesday,20
Fremont,2025-03-26 09:41:00,2025-03-26 09:50:00,9.0,Wednesday,9
Fremont,2025-03-26 10:57:00,2025-03-26 11:02:00,5.0,Wednesday,10
Fremont,2025-03-26 12:25:00,2025-03-26 12:34:00,9.0,Wednesday,12
Fremont,2025-03-26 13:14:00,2025-03-26 13:18:00,4.0,Wednesday,13
Fremont,2025-03-26 13:30:00,2025-03-26 13:34:00,4.0,Wednesday,13
Fremont,2025-03-26 14:58:00,2025-03-26 15:10:00,12.0,Wednesday,14
Fremont,2025-03-26 16:00:00,2025-03-26 16:04:00,4.0,Wednesday,16
Fremont,2025-03-26 18:36:00,2025-03-26 18:43:00,7.0,Wednesday,18
Fremont,2025-03-26 19:16:00,2025-03-26 19:21:00,5.0,Wednesday,19
Fremont,2025-03-27 09:02:00,2025-03-27 09:08:00,6.0,Thursday,9
Fremont,2025-03-27 11:11:00,2025-03-27 11:15:00,4.0,Thursday,11
Fremont,2025-03-27 11:29:00,2025-03-27 11:38:00,9.0,Thursday,11
Fremont,2025-03-27 14:36:00,2025-03-27 14:42:00,6.0,Thursday,14
Fremont,2025-03-27 15:45:00,2025-03-27 16:08:00,23.0,Thursday,15
Fremont,2025-03-27 18:02:00,2025-03-27 18:08:00,6.0,Thursday,18
Fremont,2025-03-27 19:56:00,2025-03-27 20:01:00,5.0,Thursday,19
Fremont,2025-03-27 20:07:00,2025-03-27 20:12:00,5.0,Thursday,20
Fremont,2025-03-28 09:31:00,2025-03-28 09:37:00,6.0,Friday,9
Fremont,2025-03-28 10:13:00,2025-03-28 10:18:00,5.0,Friday,10
Fremont,2025-03-28 10:28:00,2025-03-28 10:32:00,4.0,Friday,10
Fremont,2025-03-28 11:54:00,2025-03-28 11:58:00,4.0,Friday,11
Fremont,2025-03-28 12:31:00,2025-03-28 12:36:00,5.0,Friday,12
Fremont,2025-03-28 14:06:00,2025-03-28 14:12:00,6.0,Friday,14
Fremont,2025-03-28 14:30:00,2025-03-28 14:36:00,6.0,Friday,14
Fremont,2025-03-28 14:47:00,2025-03-28 14:50:00,3.0,Friday,14
Fremont,2025-03-29 08:55:00,2025-03-29 09:01:00,6.0,Saturday,8
Fremont,2025-03-29 11:14:00,2025-03-29 11:18:00,4.0,Saturday,11
Fremont,2025-03-29 11:32:00,2025-03-29 11:35:00,3.0,Saturday,11
Fremont,2025-03-29 12:29:00,2025-03-29 12:33:00,4.0,Saturday,12
Fremont,2025-03-29 13:26:00,2025-03-29 13:30:00,4.0,Saturday,13
Fremont,2025-03-29 13:54:00,2025-03-29 13:57:00,3.0,Saturday,13
Fremont,2025-03-29 14:04:00,2025-03-29 14:09:00,5.0,Saturday,14
Fremont,2025-03-29 14:40:00,2025-03-29 14:44:00,4.0,Saturday,14
Fremont,2025-03-29 15:12:00,2025-03-29 15:15:00,3.0,Saturday,15
Fremont,2025-03-29 16:50:00,2025-03-29 16:53:00,3.0,Saturday,16
Fremont,2025-03-29 17:13:00,2025-03-29 17:17:00,4.0,Saturday,17
Fremont,2025-03-29 17:54:00,2025-03-29 17:58:00,4.0,Saturday,17
Fremont,2025-03-30 07:53:00,2025-03-30 08:00:00,7.0,Sunday,7
Fremont,2025-03-30 11:10:00,2025-03-30 11:16:00,6.0,Sunday,11
Fremont,2025-03-30 11:36:00,2025-03-30 11:40:00,4.0,Sunday,11
Fremont,2025-03-30 11:46:00,2025-03-30 11:51:00,5.0,Sunday,11
Fremont,2025-03-30 12:07:00,2025-03-30 12:11:00,4.0,Sunday,12
Fremont,2025-03-30 14:31:00,2025-03-30 14:35:00,4.0,Sunday,14
Fremont,2025-03-30 16:09:00,2025-03-30 16:12:00,3.0,Sunday,16
Fremont,2025-03-30 16:29:00,2025-03-30 16:32:00,3.0,Sunday,16
Fremont,2025-03-30 17:16:00,2025-03-30 17:21:00,5.0,Sunday,17
Fremont,2025-03-30 17:46:00,2025-03-30 17:49:00,3.0,Sunday,17
Fremont,2025-03-30 18:32:00,2025-03-30 18:38:00,6.0,Sunday,18
Fremont,2025-03-31 09:22:00,2025-03-31 09:27:00,5.0,Monday,9
Fremont,2025-03-31 10:36:00,2025-03-31 10:42:00,6.0,Monday,10
Fremont,2025-03-31 18:21:00,2025-03-31 19:54:00,93.0,Monday,18
Fremont,2025-03-31 20:15:00,2025-03-31 20:20:00,5.0,Monday,20
Fremont,2025-03-31 20:54:00,2025-03-31 20:57:00,3.0,Monday,20
Fremont,2025-03-31 21:04:00,2025-03-31 21:08:00,4.0,Monday,21
Fremont,2025-03-31 23:23:00,2025-03-31 23:28:00,5.0,Monday,23
Fremont,2025-04-01 10:26:00,2025-04-01 10:30:00,4.0,Tuesday,10
Fremont,2025-04-01 10:39:00,2025-04-01 10:43:00,4.0,Tuesday,10
Fremont,2025-04-01 12:17:00,2025-04-01 12:21:00,4.0,Tuesday,12
Fremont,2025-04-01 13:21:00,2025-04-01 13:25:00,4.0,Tuesday,13
Fremont,2025-04-01 13:36:00,2025-04-01 13:39:00,3.0,Tuesday,13
Fremont,2025-04-01 14:32:00,2025-04-01 14:38:00,6.0,Tuesday,14
Fremont,2025-04-01 18:48:00,2025-04-01 18:55:00,7.0,Tuesday,18
Fremont,2025-04-02 09:30:00,2025-04-02 09:34:00,4.0,Wednesday,9
Fremont,2025-04-02 09:36:00,2025-04-02 09:41:00,5.0,Wednesday,9
Fremont,2025-04-02 10:50:00,2025-04-02 10:57:00,7.0,Wednesday,10
Fremont,2025-04-02 11:03:00,2025-04-02 11:08:00,5.0,Wednesday,11
Fremont,2025-04-02 12:14:00,2025-04-02 12:15:00,1.0,Wednesday,12
Fremont,2025-04-02 14:39:00,2025-04-02 14:45:00,6.0,Wednesday,14
Fremont,2025-04-02 19:03:00,2025-04-02 19:09:00,6.0,Wednesday,19
Fremont,2025-04-03 11:11:00,2025-04-03 11:15:00,4.0,Thursday,11
Fremont,2025-04-03 12:11:00,2025-04-03 12:16:00,5.0,Thursday,12
Fremont,2025-04-03 13:45:00,2025-04-03 13:51:00,6.0,Thursday,13
Fremont,2025-04-03 15:28:00,2025-04-03 15:33:00,5.0,Thursday,15
Fremont,2025-04-03 15:38:00,2025-04-03 15:44:00,6.0,Thursday,15
Fremont,2025-04-03 20:18:00,2025-04-03 20:24:00,6.0,Thursday,20
Fremont,2025-04-04 09:44:00,2025-04-04 09:50:00,6.0,Friday,9
Fremont,2025-04-04 10:20:00,2025-04-04 10:26:00,6.0,Friday,10
Fremont,2025-04-04 10:38:00,2025-04-04 10:41:00,3.0,Friday,10
Fremont,2025-04-04 11:55:00,2025-04-04 12:01:00,6.0,Friday,11
Fremont,2025-04-04 13:06:00,2025-04-04 13:11:00,5.0,Friday,13
Fremont,2025-04-04 13:53:00,2025-04-04 13:58:00,5.0,Friday,13
Fremont,2025-04-04 14:21:00,2025-04-04 14:25:00,4.0,Friday,14
Fremont,2025-04-04 15:19:00,2025-04-04 15:27:00,8.0,Friday,15
Fremont,2025-04-04 18:17:00,2025-04-04 18:23:00,6.0,Friday,18
Fremont,2025-04-04 18:30:00,2025-04-04 18:35:00,5.0,Friday,18
Fremont,2025-04-04 22:39:00,2025-04-04 22:44:00,5.0,Friday,22
Fremont,2025-04-05 07:56:00,2025-04-05 08:00:00,4.0,Saturday,7
Fremont,2025-04-05 09:32:00,2025-04-05 09:37:00,5.0,Saturday,9
Fremont,2025-04-05 11:18:00,2025-04-05 11:22:00,4.0,Saturday,11
Fremont,2025-04-05 11:41:00,2025-04-05 11:45:00,4.0,Saturday,11
Fremont,2025-04-05 11:57:00,2025-04-05 12:02:00,5.0,Saturday,11
Fremont,2025-04-05 12:16:00,2025-04-05 12:21:00,5.0,Saturday,12
Fremont,2025-04-05 12:38:00,2025-04-05 12:42:00,4.0,Saturday,12
Fremont,2025-04-05 12:50:00,2025-04-05 12:53:00,3.0,Saturday,12
Fremont,2025-04-05 12:57:00,2025-04-05 13:00:00,3.0,Saturday,12
Fremont,2025-04-05 13:28:00,2025-04-05 13:31:00,3.0,Saturday,13
Fremont,2025-04-05 13:44:00,2025-04-05 13:48:00,4.0,Saturday,13
Fremont,2025-04-05 15:26:00,2025-04-05 15:29:00,3.0,Saturday,15
Fremont,2025-04-05 16:01:00,2025-04-05 16:06:00,5.0,Saturday,16
Fremont,2025-04-05 16:48:00,2025-04-05 16:51:00,3.0,Saturday,16
Fremont,2025-04-05 17:28:00,2025-04-05 17:32:00,4.0,Saturday,17
Fremont,2025-04-05 18:23:00,2025-04-05 18:27:00,4.0,Saturday,18
Fremont,2025-04-05 18:35:00,2025-04-05 18:38:00,3.0,Saturday,18
Fremont,2025-04-05 18:51:00,2025-04-05 18:55:00,4.0,Saturday,18
Fremont,2025-04-05 19:40:00,2025-04-05 19:44:00,4.0,Saturday,19
Fremont,2025-04-06 09:10:00,2025-04-06 09:15:00,5.0,Sunday,9
Fremont,2025-04-06 10:03:00,2025-04-06 10:07:00,4.0,Sunday,10
Fremont,2025-04-06 11:29:00,2025-04-06 11:33:00,4.0,Sunday,11
Fremont,2025-04-06 12:26:00,2025-04-06 12:31:00,5.0,Sunday,12
Fremont,2025-04-06 13:09:00,2025-04-06 13:14:00,5.0,Sunday,13
Fremont,2025-04-06 13:38:00,2025-04-06 13:43:00,5.0,Sunday,13
Fremont,2025-04-06 14:08:00,2025-04-06 14:13:00,5.0,Sunday,14
Fremont,2025-04-06 14:24:00,2025-04-06 14:29:00,5.0,Sunday,14
Fremont,2025-04-06 16:03:00,2025-04-06 16:07:00,4.0,Sunday,16
Fremont,2025-04-06 17:20:00,2025-04-06 17:26:00,6.0,Sunday,17
Fremont,2025-04-06 18:39:00,2025-04-06 18:43:00,4.0,Sunday,18
Fremont,2025-04-06 19:27:00,2025-04-06 19:31:00,4.0,Sunday,19
Fremont,2025-04-07 09:02:00,2025-04-07 09:06:00,4.0,Monday,9
Fremont,2025-04-07 09:25:00,2025-04-07 09:29:00,4.0,Monday,9
Fremont,2025-04-07 09:56:00,2025-04-07 10:03:00,7.0,Monday,9
Fremont,2025-04-07 12:20:00,2025-04-07 12:25:00,5.0,Monday,12
Fremont,2025-04-07 13:31:00,2025-04-07 13:34:00,3.0,Monday,13
Fremont,2025-04-07 14:54:00,2025-04-07 15:00:00,6.0,Monday,14
Fremont,2025-04-07 21:24:00,2025-04-07 21:31:00,7.0,Monday,21
Fremont,2025-04-08 09:17:00,2025-04-08 09:22:00,5.0,Tuesday,9
Fremont,2025-04-08 10:17:00,2025-04-08 10:23:00,6.0,Tuesday,10
Fremont,2025-04-08 13:12:00,2025-04-08 13:17:00,5.0,Tuesday,13
Fremont,2025-04-08 13:30:00,2025-04-08 13:34:00,4.0,Tuesday,13
Fremont,2025-04-08 14:37:00,2025-04-08 14:41:00,4.0,Tuesday,14
Fremont,2025-04-08 14:46:00,2025-04-08 14:50:00,4.0,Tuesday,14
Fremont,2025-04-08 15:24:00,2025-04-08 15:29:00,5.0,Tuesday,15
Fremont,2025-04-09 01:50:00,2025-04-09 01:55:00,5.0,Wednesday,1
Fremont,2025-04-09 11:00:00,2025-04-09 11:05:00,5.0,Wednesday,11
Fremont,2025-04-09 12:25:00,2025-04-09 12:28:00,3.0,Wednesday,12
Fremont,2025-04-09 13:16:00,2025-04-09 13:21:00,5.0,Wednesday,13
Fremont,2025-04-09 18:09:00,2025-04-09 18:15:00,6.0,Wednesday,18
Fremont,2025-04-09 22:20:00,2025-04-09 22:25:00,5.0,Wednesday,22
Fremont,2025-04-10 09:31:00,2025-04-10 09:35:00,4.0,Thursday,9
Fremont,2025-04-10 11:35:00,2025-04-10 11:43:00,8.0,Thursday,11
Fremont,2025-04-10 12:27:00,2025-04-10 12:33:00,6.0,Thursday,12
Fremont,2025-04-10 15:12:00,2025-04-10 15:16:00,4.0,Thursday,15
Fremont,2025-04-10 15:32:00,2025-04-10 15:38:00,6.0,Thursday,15
Fremont,2025-04-11 00:18:00,2025-04-11 00:23:00,5.0,Friday,0
Fremont,2025-04-11 09:02:00,2025-04-11 09:06:00,4.0,Friday,9
Fremont,2025-04-11 09:21:00,2025-04-11 09:27:00,6.0,Friday,9
Fremont,2025-04-11 10:29:00,2025-04-11 10:35:00,6.0,Friday,10
Fremont,2025-04-11 11:38:00,2025-04-11 11:43:00,5.0,Friday,11
Fremont,2025-04-11 13:01:00,2025-04-11 13:08:00,7.0,Friday,13
Fremont,2025-04-11 13:28:00,2025-04-11 13:32:00,4.0,Friday,13
Fremont,2025-04-11 15:21:00,2025-04-11 15:25:00,4.0,Friday,15
Fremont,2025-04-11 15:29:00,2025-04-11 15:37:00,8.0,Friday,15
Fremont,2025-04-11 15:49:00,2025-04-11 15:53:00,4.0,Friday,15
Fremont,2025-04-11 15:57:00,2025-04-11 16:02:00,5.0,Friday,15
Fremont,2025-04-11 18:16:00,2025-04-11 18:22:00,6.0,Friday,18
Fremont,2025-04-11 19:26:00,2025-04-11 19:31:00,5.0,Friday,19
Fremont,2025-04-12 03:18:00,2025-04-12 03:22:00,4.0,Saturday,3
Fremont,2025-04-12 07:38:00,2025-04-12 07:43:00,5.0,Saturday,7
Fremont,2025-04-12 08:21:00,2025-04-12 08:25:00,4.0,Saturday,8
Fremont,2025-04-12 11:13:00,2025-04-12 11:17:00,4.0,Saturday,11
Fremont,2025-04-12 12:28:00,2025-04-12 12:32:00,4.0,Saturday,12
Fremont,2025-04-12 12:42:00,2025-04-12 12:47:00,5.0,Saturday,12
Fremont,2025-04-12 14:40:00,2025-04-12 14:43:00,3.0,Saturday,14
Fremont,2025-04-12 14:59:00,2025-04-12 15:02:00,3.0,Saturday,14
Fremont,2025-04-12 15:41:00,2025-04-12 15:45:00,4.0,Saturday,15
Fremont,2025-04-12 16:34:00,2025-04-12 16:38:00,4.0,Saturday,16
Fremont,2025-04-12 16:59:00,2025-04-12 17:03:00,4.0,Saturday,16
Fremont,2025-04-12 18:53:00,2025-04-12 18:56:00,3.0,Saturday,18
Fremont,2025-04-12 19:21:00,2025-04-12 19:25:00,4.0,Saturday,19
Fremont,2025-04-12 19:48:00,2025-04-12 19:52:00,4.0,Saturday,19
Fremont,2025-04-13 07:21:00,2025-04-13 07:25:00,4.0,Sunday,7
Fremont,2025-04-13 08:16:00,2025-04-13 08:21:00,5.0,Sunday,8
Fremont,2025-04-13 09:44:00,2025-04-13 09:49:00,5.0,Sunday,9
Fremont,2025-04-13 11:59:00,2025-04-13 12:02:00,3.0,Sunday,11
Fremont,2025-04-13 13:33:00,2025-04-13 13:37:00,4.0,Sunday,13
Fremont,2025-04-13 13:46:00,2025-04-13 13:51:00,5.0,Sunday,13
Fremont,2025-04-13 15:03:00,2025-04-13 15:07:00,4.0,Sunday,15
Fremont,2025-04-13 15:50:00,2025-04-13 15:54:00,4.0,Sunday,15
Fremont,2025-04-13 16:06:00,2025-04-13 16:11:00,5.0,Sunday,16
Fremont,2025-04-13 17:27:00,2025-04-13 17:30:00,3.0,Sunday,17
Fremont,2025-04-13 17:41:00,2025-04-13 17:45:00,4.0,Sunday,17
Fremont,2025-04-13 18:32:00,2025-04-13 18:36:00,4.0,Sunday,18
Fremont,2025-04-13 19:08:00,2025-04-13 19:13:00,5.0,Sunday,19
Fremont,2025-04-14 09:48:00,2025-04-14 09:52:00,4.0,Monday,9
Fremont,2025-04-14 11:14:00,2025-04-14 11:18:00,4.0,Monday,11
Fremont,2025-04-14 11:29:00,2025-04-14 11:34:00,5.0,Monday,11
Fremont,2025-04-14 15:20:00,2025-04-14 15:27:00,7.0,Monday,15
Fremont,2025-04-14 18:37:00,2025-04-14 18:41:00,4.0,Monday,18
Fremont,2025-04-14 18:48:00,2025-04-14 18:52:00,4.0,Monday,18
Fremont,2025-04-14 19:48:00,2025-04-14 19:54:00,6.0,Monday,19
Fremont,2025-04-14 21:14:00,2025-04-14 21:18:00,4.0,Monday,21
Fremont,2025-04-15 09:01:00,2025-04-15 09:10:00,9.0,Tuesday,9
Fremont,2025-04-15 10:04:00,2025-04-15 10:10:00,6.0,Tuesday,10
Fremont,2025-04-15 10:27:00,2025-04-15 10:32:00,5.0,Tuesday,10
Fremont,2025-04-15 11:39:00,2025-04-15 11:43:00,4.0,Tuesday,11
Fremont,2025-04-15 11:59:00,2025-04-15 12:04:00,5.0,Tuesday,11
Fremont,2025-04-15 12:47:00,2025-04-15 12:54:00,7.0,Tuesday,12
Fremont,2025-04-15 13:23:00,2025-04-15 13:27:00,4.0,Tuesday,13
Fremont,2025-04-15 13:34:00,2025-04-15 13:40:00,6.0,Tuesday,13
Fremont,2025-04-15 15:24:00,2025-04-15 15:30:00,6.0,Tuesday,15
Fremont,2025-04-15 18:30:00,2025-04-15 18:33:00,3.0,Tuesday,18
Fremont,2025-04-15 19:41:00,2025-04-15 19:46:00,5.0,Tuesday,19
Fremont,2025-04-16 10:29:00,2025-04-16 10:32:00,3.0,Wednesday,10
Fremont,2025-04-16 11:11:00,2025-04-16 11:15:00,4.0,Wednesday,11
Fremont,2025-04-16 12:19:00,2025-04-16 12:24:00,5.0,Wednesday,12
Fremont,2025-04-16 13:59:00,2025-04-16 14:03:00,4.0,Wednesday,13
Fremont,2025-04-16 14:49:00,2025-04-16 14:53:00,4.0,Wednesday,14
Fremont,2025-04-16 15:10:00,2025-04-16 15:14:00,4.0,Wednesday,15
Fremont,2025-04-17 09:20:00,2025-04-17 09:26:00,6.0,Thursday,9
Fremont,2025-04-17 10:36:00,2025-04-17 10:41:00,5.0,Thursday,10
Fremont,2025-04-17 10:49:00,2025-04-17 10:53:00,4.0,Thursday,10
Fremont,2025-04-17 12:25:00,2025-04-17 12:29:00,4.0,Thursday,12
Fremont,2025-04-17 13:28:00,2025-04-17 13:32:00,4.0,Thursday,13
Fremont,2025-04-17 13:56:00,2025-04-17 14:00:00,4.0,Thursday,13
Fremont,2025-04-17 14:09:00,2025-04-17 14:13:00,4.0,Thursday,14
Fremont,2025-04-17 19:52:00,2025-04-17 19:59:00,7.0,Thursday,19
Fremont,2025-04-18 06:14:00,2025-04-18 06:20:00,6.0,Friday,6
Fremont,2025-04-18 09:13:00,2025-04-18 09:17:00,4.0,Friday,9
Fremont,2025-04-18 09:40:00,2025-04-18 09:44:00,4.0,Friday,9
Fremont,2025-04-18 09:55:00,2025-04-18 10:01:00,6.0,Friday,9
Fremont,2025-04-18 10:23:00,2025-04-18 10:28:00,5.0,Friday,10
Fremont,2025-04-18 11:25:00,2025-04-18 11:29:00,4.0,Friday,11
Fremont,2025-04-18 12:13:00,2025-04-18 12:18:00,5.0,Friday,12
Fremont,2025-04-18 13:33:00,2025-04-18 13:38:00,5.0,Friday,13
Fremont,2025-04-18 14:45:00,2025-04-18 14:50:00,5.0,Friday,14
Fremont,2025-04-18 15:09:00,2025-04-18 15:13:00,4.0,Friday,15
Fremont,2025-04-18 15:22:00,2025-04-18 15:26:00,4.0,Friday,15
Fremont,2025-04-18 18:09:00,2025-04-18 18:13:00,4.0,Friday,18
Fremont,2025-04-18 18:18:00,2025-04-18 18:24:00,6.0,Friday,18
Fremont,2025-04-18 21:29:00,2025-04-18 21:33:00,4.0,Friday,21
Fremont,2025-04-19 11:31:00,2025-04-19 11:35:00,4.0,Saturday,11
Fremont,2025-04-19 13:00:00,2025-04-19 13:05:00,5.0,Saturday,13
Fremont,2025-04-19 14:31:00,2025-04-19 14:35:00,4.0,Saturday,14
Fremont,2025-04-19 16:03:00,2025-04-19 16:06:00,3.0,Saturday,16
Fremont,2025-04-19 16:45:00,2025-04-19 16:49:00,4.0,Saturday,16
Fremont,2025-04-19 17:09:00,2025-04-19 17:13:00,4.0,Saturday,17
Fremont,2025-04-19 18:17:00,2025-04-19 18:21:00,4.0,Saturday,18
Fremont,2025-04-19 18:44:00,2025-04-19 18:48:00,4.0,Saturday,18
Fremont,2025-04-19 19:05:00,2025-04-19 19:09:00,4.0,Saturday,19
Fremont,2025-04-20 09:06:00,2025-04-20 09:10:00,4.0,Sunday,9
Fremont,2025-04-20 13:35:00,2025-04-20 13:39:00,4.0,Sunday,13
Fremont,2025-04-20 14:14:00,2025-04-20 14:20:00,6.0,Sunday,14
Fremont,2025-04-20 14:47:00,2025-04-20 14:50:00,3.0,Sunday,14
Fremont,2025-04-20 15:26:00,2025-04-20 15:30:00,4.0,Sunday,15
Fremont,2025-04-20 17:53:00,2025-04-20 17:57:00,4.0,Sunday,17
Fremont,2025-04-21 09:02:00,2025-04-21 09:08:00,6.0,Monday,9
Fremont,2025-04-21 10:31:00,2025-04-21 10:36:00,5.0,Monday,10
Fremont,2025-04-21 11:59:00,2025-04-21 12:04:00,5.0,Monday,11
Fremont,2025-04-21 12:38:00,2025-04-21 12:44:00,6.0,Monday,12
Fremont,2025-04-21 14:08:00,2025-04-21 14:11:00,3.0,Monday,14
Fremont,2025-04-21 18:32:00,2025-04-21 18:35:00,3.0,Monday,18
Fremont,2025-04-22 09:14:00,2025-04-22 09:20:00,6.0,Tuesday,9
Fremont,2025-04-22 10:07:00,2025-04-22 10:11:00,4.0,Tuesday,10
Fremont,2025-04-22 11:31:00,2025-04-22 11:35:00,4.0,Tuesday,11
Fremont,2025-04-22 15:37:00,2025-04-22 15:41:00,4.0,Tuesday,15
Fremont,2025-04-22 18:13:00,2025-04-22 18:19:00,6.0,Tuesday,18
Fremont,2025-04-22 22:16:00,2025-04-22 22:22:00,6.0,Tuesday,22
Fremont,2025-04-23 06:29:00,2025-04-23 06:34:00,5.0,Wednesday,6
Fremont,2025-04-23 09:20:00,2025-04-23 09:25:00,5.0,Wednesday,9
Fremont,2025-04-23 09:42:00,2025-04-23 09:46:00,4.0,Wednesday,9
Fremont,2025-04-23 10:27:00,2025-04-23 10:33:00,6.0,Wednesday,10
Fremont,2025-04-23 11:22:00,2025-04-23 11:25:00,3.0,Wednesday,11
Fremont,2025-04-23 13:59:00,2025-04-23 14:02:00,3.0,Wednesday,13
Fremont,2025-04-23 14:32:00,2025-04-23 14:36:00,4.0,Wednesday,14
Fremont,2025-04-23 15:10:00,2025-04-23 15:17:00,7.0,Wednesday,15
Fremont,2025-04-23 15:53:00,2025-04-23 15:57:00,4.0,Wednesday,15
Fremont,2025-04-23 18:30:00,2025-04-23 18:35:00,5.0,Wednesday,18
Fremont,2025-04-23 19:42:00,2025-04-23 19:48:00,6.0,Wednesday,19
Fremont,2025-04-23 20:31:00,2025-04-23 20:35:00,4.0,Wednesday,20
Fremont,2025-04-23 21:07:00,2025-04-23 21:10:00,3.0,Wednesday,21
Fremont,2025-04-24 09:04:00,2025-04-24 09:10:00,6.0,Thursday,9
Fremont,2025-04-24 09:28:00,2025-04-24 09:33:00,5.0,Thursday,9
Fremont,2025-04-24 09:57:00,2025-04-24 10:02:00,5.0,Thursday,9
Fremont,2025-04-24 10:29:00,2025-04-24 10:33:00,4.0,Thursday,10
Fremont,2025-04-24 10:52:00,2025-04-24 10:56:00,4.0,Thursday,10
Fremont,2025-04-24 11:24:00,2025-04-24 11:28:00,4.0,Thursday,11
Fremont,2025-04-24 11:37:00,2025-04-24 11:42:00,5.0,Thursday,11
Fremont,2025-04-24 11:52:00,2025-04-24 11:57:00,5.0,Thursday,11
Fremont,2025-04-24 12:11:00,2025-04-24 12:15:00,4.0,Thursday,12
Fremont,2025-04-24 12:28:00,2025-04-24 12:32:00,4.0,Thursday,12
Fremont,2025-04-24 12:56:00,2025-04-24 13:00:00,4.0,Thursday,12
Fremont,2025-04-24 13:29:00,2025-04-24 13:35:00,6.0,Thursday,13
Fremont,2025-04-24 13:53:00,2025-04-24 13:58:00,5.0,Thursday,13
Fremont,2025-04-24 14:26:00,2025-04-24 14:30:00,4.0,Thursday,14
Fremont,2025-04-24 14:44:00,2025-04-24 14:50:00,6.0,Thursday,14
Fremont,2025-04-24 15:10:00,2025-04-24 15:13:00,3.0,Thursday,15
Fremont,2025-04-24 18:02:00,2025-04-24 18:06:00,4.0,Thursday,18
Fremont,2025-04-24 18:13:00,2025-04-24 18:18:00,5.0,Thursday,18
Fremont,2025-04-24 18:42:00,2025-04-24 18:46:00,4.0,Thursday,18
Fremont,2025-04-24 19:55:00,2025-04-24 20:01:00,6.0,Thursday,19
Fremont,2025-04-24 20:07:00,2025-04-24 20:11:00,4.0,Thursday,20
Fremont,2025-04-25 09:03:00,2025-04-25 09:08:00,5.0,Friday,9
Fremont,2025-04-25 09:41:00,2025-04-25 09:45:00,4.0,Friday,9
Fremont,2025-04-25 10:26:00,2025-04-25 10:30:00,4.0,Friday,10
Fremont,2025-04-25 10:42:00,2025-04-25 10:48:00,6.0,Friday,10
Fremont,2025-04-25 11:09:00,2025-04-25 11:14:00,5.0,Friday,11
Fremont,2025-04-25 11:41:00,2025-04-25 11:46:00,5.0,Friday,11
Fremont,2025-04-25 12:00:00,2025-04-25 12:05:00,5.0,Friday,12
Fremont,2025-04-25 12:38:00,2025-04-25 12:43:00,5.0,Friday,12
Fremont,2025-04-25 13:02:00,2025-04-25 13:07:00,5.0,Friday,13
Fremont,2025-04-25 13:35:00,2025-04-25 13:40:00,5.0,Friday,13
Fremont,2025-04-25 13:50:00,2025-04-25 13:54:00,4.0,Friday,13
Fremont,2025-04-25 14:24:00,2025-04-25 14:29:00,5.0,Friday,14
Fremont,2025-04-25 14:57:00,2025-04-25 15:01:00,4.0,Friday,14
Fremont,2025-04-25 15:25:00,2025-04-25 15:29:00,4.0,Friday,15
Fremont,2025-04-25 15:55:00,2025-04-25 15:58:00,3.0,Friday,15
Fremont,2025-04-25 18:01:00,2025-04-25 18:06:00,5.0,Friday,18
Fremont,2025-04-25 18:14:00,2025-04-25 18:21:00,7.0,Friday,18
Fremont,2025-04-25 19:06:00,2025-04-25 19:11:00,5.0,Friday,19
Fremont,2025-04-25 19:20:00,2025-04-25 19:25:00,5.0,Friday,19
Fremont,2025-04-25 19:40:00,2025-04-25 19:45:00,5.0,Friday,19
Fremont,2025-04-25 19:52:00,2025-04-25 19:57:00,5.0,Friday,19
Fremont,2025-04-25 20:16:00,2025-04-25 20:20:00,4.0,Friday,20
Fremont,2025-04-25 21:27:00,2025-04-25 21:30:00,3.0,Friday,21
Fremont,2025-04-25 21:51:00,2025-04-25 21:55:00,4.0,Friday,21
Fremont,2025-04-26 07:32:00,2025-04-26 07:37:00,5.0,Saturday,7
Fremont,2026-01-23 19:19:00,2026-01-23 19:23:00,4.0,Friday,19
Fremont,2026-01-24 11:07:00,2026-01-24 11:11:00,4.0,Saturday,11
Fremont,2026-01-24 12:23:00,2026-01-24 12:28:00,5.0,Saturday,12
Fremont,2026-01-24 15:02:00,2026-01-24 15:10:00,8.0,Saturday,15
Fremont,2026-01-24 16:22:00,2026-01-24 16:25:00,3.0,Saturday,16
Fremont,2026-01-24 16:54:00,2026-01-24 16:58:00,4.0,Saturday,16
Fremont,2026-01-24 18:11:00,2026-01-24 18:15:00,4.0,Saturday,18
Fremont,2026-01-24 19:22:00,2026-01-24 19:28:00,6.0,Saturday,19
Fremont,2026-01-25 10:09:00,2026-01-25 10:15:00,6.0,Sunday,10
Fremont,2026-01-25 12:10:00,2026-01-25 12:15:00,5.0,Sunday,12
Fremont,2026-01-25 12:24:00,2026-01-25 12:30:00,6.0,Sunday,12
Fremont,2026-01-25 13:40:00,2026-01-25 13:47:00,7.0,Sunday,13
Fremont,2026-01-25 15:09:00,2026-01-25 15:13:00,4.0,Sunday,15
Fremont,2026-01-25 15:23:00,2026-01-25 15:34:00,11.0,Sunday,15
Fremont,2026-01-25 17:19:00,2026-01-25 17:23:00,4.0,Sunday,17
Fremont,2026-01-26 09:33:00,2026-01-26 09:43:00,10.0,Monday,9
Fremont,2026-01-26 11:04:00,2026-01-26 11:09:00,5.0,Monday,11
Fremont,2026-01-26 11:35:00,2026-01-26 11:41:00,6.0,Monday,11
Fremont,2026-01-26 14:02:00,2026-01-26 14:06:00,4.0,Monday,14
Fremont,2026-01-26 14:39:00,2026-01-26 14:45:00,6.0,Monday,14
Fremont,2026-01-27 05:08:00,2026-01-27 05:13:00,5.0,Tuesday,5
Fremont,2026-01-27 06:21:00,2026-01-27 06:31:00,10.0,Tuesday,6
Fremont,2026-01-27 09:40:00,2026-01-27 09:46:00,6.0,Tuesday,9
Fremont,2026-01-27 11:12:00,2026-01-27 11:17:00,5.0,Tuesday,11
Fremont,2026-01-27 13:42:00,2026-01-27 13:46:00,4.0,Tuesday,13
Fremont,2026-01-27 14:59:00,2026-01-27 15:08:00,9.0,Tuesday,14
Fremont,2026-01-27 19:23:00,2026-01-27 19:30:00,7.0,Tuesday,19
Fremont,2026-01-28 10:23:00,2026-01-28 10:29:00,6.0,Wednesday,10
Fremont,2026-01-28 10:35:00,2026-01-28 10:41:00,6.0,Wednesday,10
Fremont,2026-01-28 13:30:00,2026-01-28 13:34:00,4.0,Wednesday,13
Fremont,2026-01-28 14:47:00,2026-01-28 14:51:00,4.0,Wednesday,14
Fremont,2026-01-28 19:13:00,2026-01-28 19:23:00,10.0,Wednesday,19
Fremont,2026-01-28 23:45:00,2026-01-28 23:50:00,5.0,Wednesday,23
Fremont,2026-01-29 10:27:00,2026-01-29 10:31:00,4.0,Thursday,10
Fremont,2026-01-29 12:41:00,2026-01-29 12:46:00,5.0,Thursday,12
Fremont,2026-01-29 14:45:00,2026-01-29 14:50:00,5.0,Thursday,14
Fremont,2026-01-29 18:04:00,2026-01-29 18:09:00,5.0,Thursday,18
Fremont,2026-01-29 19:31:00,2026-01-29 19:36:00,5.0,Thursday,19
Fremont,2026-01-30 09:10:00,2026-01-30 09:15:00,5.0,Friday,9
Fremont,2026-01-30 10:41:00,2026-01-30 10:45:00,4.0,Friday,10
Fremont,2026-01-30 11:03:00,2026-01-30 11:08:00,5.0,Friday,11
Fremont,2026-01-30 11:22:00,2026-01-30 11:26:00,4.0,Friday,11
Fremont,2026-01-30 13:01:00,2026-01-30 13:06:00,5.0,Friday,13
Fremont,2026-01-30 18:14:00,2026-01-30 18:21:00,7.0,Friday,18
Fremont,2026-01-30 21:22:00,2026-01-30 21:26:00,4.0,Friday,21
Fremont,2026-01-30 22:19:00,2026-01-30 22:24:00,5.0,Friday,22
Fremont,2026-01-30 22:40:00,2026-01-30 22:45:00,5.0,Friday,22
Fremont,2026-01-31 07:54:00,2026-01-31 07:58:00,4.0,Saturday,7
Fremont,2026-01-31 08:12:00,2026-01-31 08:17:00,5.0,Saturday,8
Fremont,2026-01-31 08:50:00,2026-01-31 08:56:00,6.0,Saturday,8
Fremont,2026-01-31 09:23:00,2026-01-31 09:27:00,4.0,Saturday,9
Fremont,2026-01-31 10:13:00,2026-01-31 10:18:00,5.0,Saturday,10
Fremont,2026-01-31 12:31:00,2026-01-31 12:37:00,6.0,Saturday,12
Fremont,2026-01-31 13:22:00,2026-01-31 13:27:00,5.0,Saturday,13
Fremont,2026-01-31 13:34:00,2026-01-31 13:38:00,4.0,Saturday,13
Fremont,2026-01-31 14:38:00,2026-01-31 14:43:00,5.0,Saturday,14
Fremont,2026-01-31 14:57:00,2026-01-31 15:02:00,5.0,Saturday,14
Fremont,2026-01-31 15:31:00,2026-01-31 15:35:00,4.0,Saturday,15
Fremont,2026-01-31 15:48:00,2026-01-31 15:52:00,4.0,Saturday,15
Fremont,2026-01-31 16:07:00,2026-01-31 16:11:00,4.0,Saturday,16
Fremont,2026-01-31 16:28:00,2026-01-31 16:32:00,4.0,Saturday,16
Fremont,2026-01-31 16:49:00,2026-01-31 16:58:00,9.0,Saturday,16
Fremont,2026-01-31 19:24:00,2026-01-31 19:28:00,4.0,Saturday,19
Fremont,2026-02-01 09:52:00,2026-02-01 09:58:00,6.0,Sunday,9
Fremont,2026-02-01 10:14:00,2026-02-01 10:18:00,4.0,Sunday,10
Fremont,2026-02-01 12:20:00,2026-02-01 12:25:00,5.0,Sunday,12
Fremont,2026-02-01 12:40:00,2026-02-01 12:44:00,4.0,Sunday,12
Fremont,2026-02-01 14:32:00,2026-02-01 14:41:00,9.0,Sunday,14
Fremont,2026-02-01 17:45:00,2026-02-01 17:50:00,5.0,Sunday,17
Fremont,2026-02-01 19:20:00,2026-02-01 19:27:00,7.0,Sunday,19
Fremont,2026-02-02 09:13:00,2026-02-02 09:18:00,5.0,Monday,9
Fremont,2026-02-02 10:18:00,2026-02-02 10:24:00,6.0,Monday,10
Fremont,2026-02-02 10:53:00,2026-02-02 10:58:00,5.0,Monday,10
Fremont,2026-02-02 11:31:00,2026-02-02 11:37:00,6.0,Monday,11
Fremont,2026-02-02 18:05:00,2026-02-02 18:09:00,4.0,Monday,18
Fremont,2026-02-03 10:11:00,2026-02-03 10:16:00,5.0,Tuesday,10
Fremont,2026-02-03 10:26:00,2026-02-03 10:31:00,5.0,Tuesday,10
Fremont,2026-02-03 11:29:00,2026-02-03 11:33:00,4.0,Tuesday,11
Fremont,2026-02-04 14:51:00,2026-02-04 14:52:00,1.0,Wednesday,14
Fremont,2026-02-05 10:30:00,2026-02-05 10:35:00,5.0,Thursday,10
Fremont,2026-02-05 10:54:00,2026-02-05 10:59:00,5.0,Thursday,10
Fremont,2026-02-05 11:50:00,2026-02-05 11:55:00,5.0,Thursday,11
Fremont,2026-02-05 12:03:00,2026-02-05 12:07:00,4.0,Thursday,12
Fremont,2026-02-05 12:27:00,2026-02-05 12:33:00,6.0,Thursday,12
Fremont,2026-02-05 14:19:00,2026-02-05 14:24:00,5.0,Thursday,14
Fremont,2026-02-06 09:24:00,2026-02-06 09:32:00,8.0,Friday,9
Fremont,2026-02-06 10:16:00,2026-02-06 10:20:00,4.0,Friday,10
Fremont,2026-02-06 18:16:00,2026-02-06 18:23:00,7.0,Friday,18
Fremont,2026-02-06 22:20:00,2026-02-06 22:25:00,5.0,Friday,22
Fremont,2026-02-07 00:58:00,2026-02-07 01:04:00,6.0,Saturday,0
Fremont,2026-02-07 19:25:00,2026-02-07 19:31:00,6.0,Saturday,19
Fremont,2026-02-08 07:56:00,2026-02-08 08:01:00,5.0,Sunday,7
Fremont,2026-02-08 10:22:00,2026-02-08 10:27:00,5.0,Sunday,10
Fremont,2026-02-08 10:50:00,2026-02-08 10:55:00,5.0,Sunday,10
Fremont,2026-02-08 12:19:00,2026-02-08 12:24:00,5.0,Sunday,12
Fremont,2026-02-08 13:57:00,2026-02-08 14:02:00,5.0,Sunday,13
Fremont,2026-02-08 14:14:00,2026-02-08 14:19:00,5.0,Sunday,14
Fremont,2026-02-08 14:28:00,2026-02-08 14:32:00,4.0,Sunday,14
Fremont,2026-02-08 16:01:00,2026-02-08 16:05:00,4.0,Sunday,16
Fremont,2026-02-09 09:01:00,2026-02-09 09:07:00,6.0,Monday,9
Fremont,2026-02-09 11:22:00,2026-02-09 11:27:00,5.0,Monday,11
Fremont,2026-02-09 12:28:00,2026-02-09 12:33:00,5.0,Monday,12
Fremont,2026-02-09 13:10:00,2026-02-09 13:16:00,6.0,Monday,13
Fremont,2026-02-09 13:42:00,2026-02-09 13:47:00,5.0,Monday,13
Fremont,2026-02-09 14:02:00,2026-02-09 14:08:00,6.0,Monday,14
Fremont,2026-02-10 09:03:00,2026-02-10 09:07:00,4.0,Tuesday,9
Fremont,2026-02-10 10:23:00,2026-02-10 10:26:00,3.0,Tuesday,10
Fremont,2026-02-10 11:17:00,2026-02-10 11:23:00,6.0,Tuesday,11
Fremont,2026-02-10 12:46:00,2026-02-10 12:50:00,4.0,Tuesday,12
Fremont,2026-02-10 13:07:00,2026-02-10 13:11:00,4.0,Tuesday,13
Fremont,2026-02-10 13:17:00,2026-02-10 13:22:00,5.0,Tuesday,13
Fremont,2026-02-10 13:37:00,2026-02-10 13:42:00,5.0,Tuesday,13
Fremont,2026-02-10 14:56:00,2026-02-10 15:00:00,4.0,Tuesday,14
Fremont,2026-02-10 18:01:00,2026-02-10 18:06:00,5.0,Tuesday,18
Fremont,2026-02-10 18:29:00,2026-02-10 18:33:00,4.0,Tuesday,18
Fremont,2026-02-10 21:35:00,2026-02-10 21:43:00,8.0,Tuesday,21
Fremont,2026-02-11 15:04:00,2026-02-11 15:09:00,5.0,Wednesday,15
Fremont,2026-02-11 18:12:00,2026-02-11 18:21:00,9.0,Wednesday,18
Fremont,2026-02-11 22:34:00,2026-02-11 22:43:00,9.0,Wednesday,22
Fremont,2026-02-12 09:02:00,2026-02-12 09:10:00,8.0,Thursday,9
Fremont,2026-02-12 09:22:00,2026-02-12 09:28:00,6.0,Thursday,9
Fremont,2026-02-12 13:36:00,2026-02-12 13:42:00,6.0,Thursday,13
Fremont,2026-02-12 14:31:00,2026-02-12 14:36:00,5.0,Thursday,14
Fremont,2026-02-12 14:45:00,2026-02-12 14:49:00,4.0,Thursday,14
Fremont,2026-02-12 15:17:00,2026-02-12 15:22:00,5.0,Thursday,15
Fremont,2026-02-12 22:18:00,2026-02-12 22:24:00,6.0,Thursday,22
Fremont,2026-02-13 03:10:00,2026-02-13 03:15:00,5.0,Friday,3
Fremont,2026-02-13 11:11:00,2026-02-13 11:15:00,4.0,Friday,11
Fremont,2026-02-13 14:42:00,2026-02-13 14:47:00,5.0,Friday,14
Fremont,2026-02-13 18:01:00,2026-02-13 18:07:00,6.0,Friday,18
Fremont,2026-02-13 19:19:00,2026-02-13 19:25:00,6.0,Friday,19
Fremont,2026-02-13 23:46:00,2026-02-13 23:51:00,5.0,Friday,23
Fremont,2026-02-14 08:18:00,2026-02-14 08:22:00,4.0,Saturday,8
Fremont,2026-02-14 10:20:00,2026-02-14 10:25:00,5.0,Saturday,10
Fremont,2026-02-14 12:13:00,2026-02-14 12:18:00,5.0,Saturday,12
Fremont,2026-02-14 13:51:00,2026-02-14 13:57:00,6.0,Saturday,13
Fremont,2026-02-14 14:06:00,2026-02-14 14:10:00,4.0,Saturday,14
Fremont,2026-02-14 15:30:00,2026-02-14 15:39:00,9.0,Saturday,15
Fremont,2026-02-14 16:06:00,2026-02-14 16:11:00,5.0,Saturday,16
Fremont,2026-02-14 18:37:00,2026-02-14 18:41:00,4.0,Saturday,18
Fremont,2026-02-14 19:44:00,2026-02-14 19:52:00,8.0,Saturday,19
Fremont,2026-02-15 10:38:00,2026-02-15 10:43:00,5.0,Sunday,10
Fremont,2026-02-15 11:50:00,2026-02-15 11:55:00,5.0,Sunday,11
Fremont,2026-02-15 12:07:00,2026-02-15 12:12:00,5.0,Sunday,12
Fremont,2026-02-15 12:27:00,2026-02-15 12:32:00,5.0,Sunday,12
Fremont,2026-02-15 14:13:00,2026-02-15 14:17:00,4.0,Sunday,14
Fremont,2026-02-15 14:28:00,2026-02-15 14:33:00,5.0,Sunday,14
Fremont,2026-02-15 15:35:00,2026-02-15 15:46:00,11.0,Sunday,15
Fremont,2026-02-15 17:28:00,2026-02-15 17:32:00,4.0,Sunday,17
Fremont,2026-02-15 19:33:00,2026-02-15 19:41:00,8.0,Sunday,19
Fremont,2026-02-16 10:48:00,2026-02-16 10:53:00,5.0,Monday,10
Fremont,2026-02-16 11:09:00,2026-02-16 11:14:00,5.0,Monday,11
Fremont,2026-02-16 11:22:00,2026-02-16 11:27:00,5.0,Monday,11
Fremont,2026-02-16 12:26:00,2026-02-16 12:31:00,5.0,Monday,12
Fremont,2026-02-16 13:12:00,2026-02-16 13:16:00,4.0,Monday,13
Fremont,2026-02-16 16:23:00,2026-02-16 16:35:00,12.0,Monday,16
Fremont,2026-02-16 22:10:00,2026-02-16 22:17:00,7.0,Monday,22
Fremont,2026-02-17 12:20:00,2026-02-17 12:24:00,4.0,Tuesday,12
Fremont,2026-02-17 13:19:00,2026-02-17 13:23:00,4.0,Tuesday,13
Fremont,2026-02-17 13:32:00,2026-02-17 13:36:00,4.0,Tuesday,13
Fremont,2026-02-17 15:24:00,2026-02-17 15:33:00,9.0,Tuesday,15
Fremont,2026-02-17 19:37:00,2026-02-17 19:44:00,7.0,Tuesday,19
Fremont,2026-02-18 14:47:00,2026-02-18 14:55:00,8.0,Wednesday,14
Fremont,2026-02-18 15:31:00,2026-02-18 15:35:00,4.0,Wednesday,15
Fremont,2026-02-18 19:23:00,2026-02-18 19:30:00,7.0,Wednesday,19
Fremont,2026-02-19 09:03:00,2026-02-19 09:08:00,5.0,Thursday,9
Fremont,2026-02-19 11:10:00,2026-02-19 11:14:00,4.0,Thursday,11
Fremont,2026-02-19 12:02:00,2026-02-19 12:06:00,4.0,Thursday,12
Fremont,2026-02-19 13:01:00,2026-02-19 13:05:00,4.0,Thursday,13
Fremont,2026-02-19 14:24:00,2026-02-19 14:30:00,6.0,Thursday,14
Fremont,2026-02-19 19:55:00,2026-02-19 20:02:00,7.0,Thursday,19
Fremont,2026-02-20 13:50:00,2026-02-20 13:55:00,5.0,Friday,13
Fremont,2026-02-20 15:50:00,2026-02-20 15:54:00,4.0,Friday,15
Fremont,2026-02-20 18:16:00,2026-02-20 18:23:00,7.0,Friday,18
Fremont,2026-02-20 22:29:00,2026-02-20 22:34:00,5.0,Friday,22
Fremont,2026-02-21 08:25:00,2026-02-21 08:29:00,4.0,Saturday,8
Fremont,2026-02-21 12:01:00,2026-02-21 12:05:00,4.0,Saturday,12
Fremont,2026-02-21 13:24:00,2026-02-21 13:31:00,7.0,Saturday,13
Fremont,2026-02-21 15:04:00,2026-02-21 15:08:00,4.0,Saturday,15
Fremont,2026-02-21 17:57:00,2026-02-21 18:04:00,7.0,Saturday,17
Fremont,2026-02-22 10:06:00,2026-02-22 10:11:00,5.0,Sunday,10
Fremont,2026-02-22 13:47:00,2026-02-22 13:53:00,6.0,Sunday,13
Fremont,2026-02-22 18:57:00,2026-02-22 19:03:00,6.0,Sunday,18
Fremont,2026-02-23 09:29:00,2026-02-23 09:34:00,5.0,Monday,9
Fremont,2026-02-23 09:43:00,2026-02-23 09:50:00,7.0,Monday,9
Fremont,2026-02-23 15:17:00,2026-02-23 15:25:00,8.0,Monday,15
Fremont,2026-02-23 18:08:00,2026-02-23 18:12:00,4.0,Monday,18
Fremont,2026-02-23 19:53:00,2026-02-23 19:57:00,4.0,Monday,19
Fremont,2026-02-23 22:05:00,2026-02-23 22:09:00,4.0,Monday,22
Fremont,2026-02-24 09:02:00,2026-02-24 09:09:00,7.0,Tuesday,9
Fremont,2026-02-24 09:54:00,2026-02-24 09:59:00,5.0,Tuesday,9
Fremont,2026-02-24 10:31:00,2026-02-24 10:35:00,4.0,Tuesday,10
Fremont,2026-02-24 12:35:00,2026-02-24 12:40:00,5.0,Tuesday,12
Fremont,2026-02-24 13:14:00,2026-02-24 13:20:00,6.0,Tuesday,13
Fremont,2026-02-24 18:45:00,2026-02-24 18:52:00,7.0,Tuesday,18
Fremont,2026-02-24 19:10:00,2026-02-24 19:14:00,4.0,Tuesday,19
Fremont,2026-02-25 09:59:00,2026-02-25 10:04:00,5.0,Wednesday,9
Fremont,2026-02-25 12:32:00,2026-02-25 12:38:00,6.0,Wednesday,12
Fremont,2026-02-25 12:51:00,2026-02-25 12:55:00,4.0,Wednesday,12
Fremont,2026-02-25 13:05:00,2026-02-25 13:10:00,5.0,Wednesday,13
Fremont,2026-02-25 14:10:00,2026-02-25 14:14:00,4.0,Wednesday,14
Fremont,2026-02-25 15:08:00,2026-02-25 15:12:00,4.0,Wednesday,15
Fremont,2026-02-25 18:14:00,2026-02-25 18:21:00,7.0,Wednesday,18
Fremont,2026-02-25 22:12:00,2026-02-25 22:19:00,7.0,Wednesday,22
Fremont,2026-02-26 09:06:00,2026-02-26 09:11:00,5.0,Thursday,9
Fremont,2026-02-26 09:23:00,2026-02-26 09:29:00,6.0,Thursday,9
Fremont,2026-02-26 12:37:00,2026-02-26 12:41:00,4.0,Thursday,12
Fremont,2026-02-26 14:19:00,2026-02-26 14:24:00,5.0,Thursday,14
Fremont,2026-02-26 14:54:00,2026-02-26 15:01:00,7.0,Thursday,14
Fremont,2026-02-26 22:12:00,2026-02-26 22:19:00,7.0,Thursday,22
Fremont,2026-02-27 06:55:00,2026-02-27 07:01:00,6.0,Friday,6
Fremont,2026-02-27 09:40:00,2026-02-27 09:43:00,3.0,Friday,9
Fremont,2026-02-27 09:49:00,2026-02-27 09:54:00,5.0,Friday,9
Fremont,2026-02-27 10:01:00,2026-02-27 10:07:00,6.0,Friday,10
Fremont,2026-02-27 10:23:00,2026-02-27 10:27:00,4.0,Friday,10
Fremont,2026-02-27 10:42:00,2026-02-27 10:47:00,5.0,Friday,10
Fremont,2026-02-27 10:56:00,2026-02-27 11:00:00,4.0,Friday,10
Fremont,2026-02-27 11:30:00,2026-02-27 11:35:00,5.0,Friday,11
Fremont,2026-02-27 12:44:00,2026-02-27 12:49:00,5.0,Friday,12
Fremont,2026-02-27 13:07:00,2026-02-27 13:11:00,4.0,Friday,13
Fremont,2026-02-27 13:41:00,2026-02-27 13:44:00,3.0,Friday,13
Fremont,2026-02-27 15:15:00,2026-02-27 15:20:00,5.0,Friday,15
Fremont,2026-02-27 15:44:00,2026-02-27 15:48:00,4.0,Friday,15
Fremont,2026-02-27 18:19:00,2026-02-27 18:28:00,9.0,Friday,18
Fremont,2026-02-27 18:55:00,2026-02-27 19:00:00,5.0,Friday,18
Fremont,2026-02-27 23:58:00,2026-02-28 00:04:00,6.0,Friday,23
Fremont,2026-02-28 07:18:00,2026-02-28 07:22:00,4.0,Saturday,7
Fremont,2026-02-28 09:21:00,2026-02-28 09:27:00,6.0,Saturday,9
Fremont,2026-02-28 09:59:00,2026-02-28 10:03:00,4.0,Saturday,9
Fremont,2026-02-28 10:22:00,2026-02-28 10:26:00,4.0,Saturday,10
Fremont,2026-02-28 10:33:00,2026-02-28 10:40:00,7.0,Saturday,10
Fremont,2026-02-28 10:47:00,2026-02-28 10:53:00,6.0,Saturday,10
Fremont,2026-02-28 11:46:00,2026-02-28 11:51:00,5.0,Saturday,11
Fremont,2026-02-28 12:04:00,2026-02-28 12:08:00,4.0,Saturday,12
Fremont,2026-02-28 12:35:00,2026-02-28 12:41:00,6.0,Saturday,12
Fremont,2026-02-28 12:51:00,2026-02-28 12:56:00,5.0,Saturday,12
Fremont,2026-02-28 15:10:00,2026-02-28 15:15:00,5.0,Saturday,15
Fremont,2026-02-28 15:29:00,2026-02-28 15:33:00,4.0,Saturday,15
Fremont,2026-02-28 15:44:00,2026-02-28 15:48:00,4.0,Saturday,15
Fremont,2026-02-28 16:11:00,2026-02-28 16:16:00,5.0,Saturday,16
Fremont,2026-02-28 16:33:00,2026-02-28 16:37:00,4.0,Saturday,16
Fremont,2026-03-01 10:01:00,2026-03-01 10:08:00,7.0,Sunday,10
Fremont,2026-03-01 10:19:00,2026-03-01 10:24:00,5.0,Sunday,10
Fremont,2026-03-01 10:28:00,2026-03-01 10:36:00,8.0,Sunday,10
Fremont,2026-03-01 11:50:00,2026-03-01 11:54:00,4.0,Sunday,11
Fremont,2026-03-01 13:07:00,2026-03-01 13:12:00,5.0,Sunday,13
Fremont,2026-03-01 14:43:00,2026-03-01 14:50:00,7.0,Sunday,14
Fremont,2026-03-01 15:02:00,2026-03-01 15:07:00,5.0,Sunday,15
Fremont,2026-03-01 15:25:00,2026-03-01 15:28:00,3.0,Sunday,15
Fremont,2026-03-01 15:45:00,2026-03-01 15:49:00,4.0,Sunday,15
Fremont,2026-03-01 16:51:00,2026-03-01 16:54:00,3.0,Sunday,16
Fremont,2026-03-01 17:09:00,2026-03-01 17:13:00,4.0,Sunday,17
Fremont,2026-03-01 17:44:00,2026-03-01 17:48:00,4.0,Sunday,17
Fremont,2026-03-01 18:47:00,2026-03-01 18:51:00,4.0,Sunday,18
Fremont,2026-03-02 05:33:00,2026-03-02 05:38:00,5.0,Monday,5
Fremont,2026-03-02 09:02:00,2026-03-02 09:09:00,7.0,Monday,9
Fremont,2026-03-02 11:03:00,2026-03-02 11:10:00,7.0,Monday,11
Fremont,2026-03-02 12:22:00,2026-03-02 12:27:00,5.0,Monday,12
Fremont,2026-03-02 12:57:00,2026-03-02 13:02:00,5.0,Monday,12
Fremont,2026-03-02 18:31:00,2026-03-02 18:40:00,9.0,Monday,18
Fremont,2026-03-02 22:26:00,2026-03-02 22:33:00,7.0,Monday,22
Fremont,2026-03-03 05:30:00,2026-03-03 05:35:00,5.0,Tuesday,5
Fremont,2026-03-03 09:19:00,2026-03-03 09:25:00,6.0,Tuesday,9
Fremont,2026-03-03 18:32:00,2026-03-03 18:41:00,9.0,Tuesday,18
Fremont,2026-03-03 22:36:00,2026-03-03 22:44:00,8.0,Tuesday,22
Fremont,2026-03-04 09:01:00,2026-03-04 09:09:00,8.0,Wednesday,9
Fremont,2026-03-04 12:32:00,2026-03-04 12:36:00,4.0,Wednesday,12
Fremont,2026-03-04 14:07:00,2026-03-04 14:12:00,5.0,Wednesday,14
Fremont,2026-03-04 21:39:00,2026-03-04 21:45:00,6.0,Wednesday,21
Fremont,2026-03-05 05:24:00,2026-03-05 05:29:00,5.0,Thursday,5
Fremont,2026-03-05 09:19:00,2026-03-05 09:25:00,6.0,Thursday,9
Fremont,2026-03-05 11:35:00,2026-03-05 11:39:00,4.0,Thursday,11
Fremont,2026-03-05 14:32:00,2026-03-05 14:37:00,5.0,Thursday,14
Fremont,2026-03-06 05:27:00,2026-03-06 05:34:00,7.0,Friday,5
Fremont,2026-03-06 10:48:00,2026-03-06 10:55:00,7.0,Friday,10
Fremont,2026-03-06 11:33:00,2026-03-06 11:38:00,5.0,Friday,11
Fremont,2026-03-06 11:44:00,2026-03-06 11:48:00,4.0,Friday,11
Fremont,2026-03-06 11:59:00,2026-03-06 12:03:00,4.0,Friday,11
Fremont,2026-03-06 12:16:00,2026-03-06 12:19:00,3.0,Friday,12
Fremont,2026-03-06 12:39:00,2026-03-06 12:44:00,5.0,Friday,12
Fremont,2026-03-06 13:14:00,2026-03-06 13:18:00,4.0,Friday,13
Fremont,2026-03-06 14:10:00,2026-03-06 14:13:00,3.0,Friday,14
Fremont,2026-03-06 14:28:00,2026-03-06 14:32:00,4.0,Friday,14
Fremont,2026-03-06 18:34:00,2026-03-06 18:42:00,8.0,Friday,18
Fremont,2026-03-06 20:14:00,2026-03-06 20:22:00,8.0,Friday,20
Fremont,2026-03-07 17:19:00,2026-03-07 17:24:00,5.0,Saturday,17
Fremont,2026-03-07 18:19:00,2026-03-07 18:23:00,4.0,Saturday,18
Fremont,2026-03-08 09:23:00,2026-03-08 09:28:00,5.0,Sunday,9
Fremont,2026-03-08 11:50:00,2026-03-08 11:55:00,5.0,Sunday,11
Fremont,2026-03-08 16:36:00,2026-03-08 16:41:00,5.0,Sunday,16
Fremont,2026-03-09 09:17:00,2026-03-09 09:23:00,6.0,Monday,9
Fremont,2026-03-09 09:41:00,2026-03-09 09:46:00,5.0,Monday,9
Fremont,2026-03-09 10:31:00,2026-03-09 10:35:00,4.0,Monday,10
Fremont,2026-03-09 12:06:00,2026-03-09 12:12:00,6.0,Monday,12
Fremont,2026-03-09 18:31:00,2026-03-09 18:35:00,4.0,Monday,18
Fremont,2026-03-09 18:56:00,2026-03-09 19:01:00,5.0,Monday,18
Fremont,2026-03-09 19:09:00,2026-03-09 19:15:00,6.0,Monday,19
Fremont,2026-03-10 06:52:00,2026-03-10 06:56:00,4.0,Tuesday,6
Fremont,2026-03-10 09:13:00,2026-03-10 09:17:00,4.0,Tuesday,9
Fremont,2026-03-10 09:26:00,2026-03-10 09:30:00,4.0,Tuesday,9
Fremont,2026-03-10 12:28:00,2026-03-10 12:32:00,4.0,Tuesday,12
Fremont,2026-03-10 14:48:00,2026-03-10 14:52:00,4.0,Tuesday,14
Fremont,2026-03-10 19:17:00,2026-03-10 19:21:00,4.0,Tuesday,19
Fremont,2026-03-10 20:05:00,2026-03-10 20:09:00,4.0,Tuesday,20
Fremont,2026-03-11 09:44:00,2026-03-11 09:47:00,3.0,Wednesday,9
Fremont,2026-03-11 12:27:00,2026-03-11 12:33:00,6.0,Wednesday,12
Fremont,2026-03-11 13:54:00,2026-03-11 13:58:00,4.0,Wednesday,13
Fremont,2026-03-12 10:39:00,2026-03-12 10:44:00,5.0,Thursday,10
Fremont,2026-03-12 10:55:00,2026-03-12 10:59:00,4.0,Thursday,10
Fremont,2026-03-12 12:51:00,2026-03-12 12:56:00,5.0,Thursday,12
Fremont,2026-03-12 13:15:00,2026-03-12 13:21:00,6.0,Thursday,13
Fremont,2026-03-12 14:42:00,2026-03-12 14:49:00,7.0,Thursday,14
Fremont,2026-03-12 18:11:00,2026-03-12 18:18:00,7.0,Thursday,18
Fremont,2026-03-12 22:12:00,2026-03-12 22:18:00,6.0,Thursday,22
Fremont,2026-03-13 09:10:00,2026-03-13 09:15:00,5.0,Friday,9
Fremont,2026-03-13 10:53:00,2026-03-13 10:58:00,5.0,Friday,10
Fremont,2026-03-13 11:20:00,2026-03-13 11:24:00,4.0,Friday,11
Fremont,2026-03-13 12:16:00,2026-03-13 12:20:00,4.0,Friday,12
Fremont,2026-03-13 13:19:00,2026-03-13 13:26:00,7.0,Friday,13
Fremont,2026-03-13 14:09:00,2026-03-13 14:14:00,5.0,Friday,14
Fremont,2026-03-13 14:57:00,2026-03-13 15:02:00,5.0,Friday,14
Fremont,2026-03-13 15:25:00,2026-03-13 15:30:00,5.0,Friday,15
Fremont,2026-03-13 18:10:00,2026-03-13 18:25:00,15.0,Friday,18
Fremont,2026-03-13 22:26:00,2026-03-13 22:33:00,7.0,Friday,22
Fremont,2026-03-14 08:32:00,2026-03-14 08:36:00,4.0,Saturday,8
Fremont,2026-03-14 11:42:00,2026-03-14 11:46:00,4.0,Saturday,11
Fremont,2026-03-14 13:30:00,2026-03-14 13:34:00,4.0,Saturday,13
Fremont,2026-03-14 15:11:00,2026-03-14 15:15:00,4.0,Saturday,15
Fremont,2026-03-15 12:10:00,2026-03-15 12:16:00,6.0,Sunday,12
Fremont,2026-03-15 14:27:00,2026-03-15 14:32:00,5.0,Sunday,14
Fremont,2026-03-15 15:55:00,2026-03-15 15:59:00,4.0,Sunday,15
Fremont,2026-03-16 05:32:00,2026-03-16 05:56:00,24.0,Monday,5
Fremont,2026-03-16 06:18:00,2026-03-16 06:22:00,4.0,Monday,6
Fremont,2026-03-16 09:01:00,2026-03-16 09:06:00,5.0,Monday,9
Fremont,2026-03-16 09:14:00,2026-03-16 09:20:00,6.0,Monday,9
Fremont,2026-03-16 09:29:00,2026-03-16 09:35:00,6.0,Monday,9
Fremont,2026-03-16 10:26:00,2026-03-16 10:30:00,4.0,Monday,10
Fremont,2026-03-16 10:49:00,2026-03-16 10:55:00,6.0,Monday,10
Fremont,2026-03-16 12:27:00,2026-03-16 12:31:00,4.0,Monday,12
Fremont,2026-03-16 13:17:00,2026-03-16 13:20:00,3.0,Monday,13
Fremont,2026-03-16 14:52:00,2026-03-16 15:24:00,32.0,Monday,14
Fremont,2026-03-16 15:43:00,2026-03-16 15:48:00,5.0,Monday,15
Fremont,2026-03-16 16:00:00,2026-03-16 16:05:00,5.0,Monday,16
Fremont,2026-03-16 18:16:00,2026-03-16 18:23:00,7.0,Monday,18
Fremont,2026-03-16 23:14:00,2026-03-16 23:21:00,7.0,Monday,23
Fremont,2026-03-17 09:28:00,2026-03-17 09:38:00,10.0,Tuesday,9
Fremont,2026-03-17 15:21:00,2026-03-17 15:36:00,15.0,Tuesday,15
Fremont,2026-03-17 15:47:00,2026-03-17 15:52:00,5.0,Tuesday,15
Fremont,2026-03-17 18:02:00,2026-03-17 18:08:00,6.0,Tuesday,18
Fremont,2026-03-17 18:25:00,2026-03-17 18:28:00,3.0,Tuesday,18
Fremont,2026-03-17 18:33:00,2026-03-17 18:38:00,5.0,Tuesday,18
Fremont,2026-03-17 23:15:00,2026-03-17 23:25:00,10.0,Tuesday,23
Fremont,2026-03-18 09:02:00,2026-03-18 09:07:00,5.0,Wednesday,9
Fremont,2026-03-18 09:36:00,2026-03-18 09:48:00,12.0,Wednesday,9
Fremont,2026-03-18 10:26:00,2026-03-18 10:35:00,9.0,Wednesday,10
Fremont,2026-03-18 10:51:00,2026-03-18 10:59:00,8.0,Wednesday,10
Fremont,2026-03-18 11:24:00,2026-03-18 11:29:00,5.0,Wednesday,11
Fremont,2026-03-18 11:39:00,2026-03-18 11:45:00,6.0,Wednesday,11
Fremont,2026-03-18 12:58:00,2026-03-18 13:02:00,4.0,Wednesday,12
Fremont,2026-03-18 15:09:00,2026-03-18 15:12:00,3.0,Wednesday,15
Fremont,2026-03-18 18:44:00,2026-03-18 18:52:00,8.0,Wednesday,18
Fremont,2026-03-18 20:00:00,2026-03-18 20:06:00,6.0,Wednesday,20
Fremont,2026-03-18 23:49:00,2026-03-18 23:54:00,5.0,Wednesday,23
Fremont,2026-03-19 09:34:00,2026-03-19 09:39:00,5.0,Thursday,9
Fremont,2026-03-19 10:17:00,2026-03-19 10:21:00,4.0,Thursday,10
Fremont,2026-03-19 11:22:00,2026-03-19 11:25:00,3.0,Thursday,11
Fremont,2026-03-19 11:38:00,2026-03-19 11:43:00,5.0,Thursday,11
Fremont,2026-03-19 12:03:00,2026-03-19 12:07:00,4.0,Thursday,12
Fremont,2026-03-19 14:24:00,2026-03-19 14:28:00,4.0,Thursday,14
Fremont,2026-03-19 15:03:00,2026-03-19 15:09:00,6.0,Thursday,15
Fremont,2026-03-20 05:40:00,2026-03-20 05:45:00,5.0,Friday,5
Fremont,2026-03-20 09:29:00,2026-03-20 09:33:00,4.0,Friday,9
Fremont,2026-03-20 11:36:00,2026-03-20 11:40:00,4.0,Friday,11
Fremont,2026-03-20 12:28:00,2026-03-20 12:32:00,4.0,Friday,12
Fremont,2026-03-20 13:20:00,2026-03-20 13:23:00,3.0,Friday,13
Fremont,2026-03-20 13:37:00,2026-03-20 13:41:00,4.0,Friday,13
Fremont,2026-03-20 14:19:00,2026-03-20 14:23:00,4.0,Friday,14
Fremont,2026-03-20 18:21:00,2026-03-20 18:25:00,4.0,Friday,18
Fremont,2026-03-20 18:43:00,2026-03-20 18:49:00,6.0,Friday,18
Fremont,2026-03-20 20:18:00,2026-03-20 20:22:00,4.0,Friday,20
Fremont,2026-03-21 00:05:00,2026-03-21 01:01:00,56.0,Saturday,0
Fremont,2026-03-21 01:37:00,2026-03-21 01:40:00,3.0,Saturday,1
Fremont,2026-03-21 01:51:00,2026-03-21 01:55:00,4.0,Saturday,1
Fremont,2026-03-21 07:19:00,2026-03-21 07:31:00,12.0,Saturday,7
Fremont,2026-03-21 08:38:00,2026-03-21 08:42:00,4.0,Saturday,8
Fremont,2026-03-21 09:09:00,2026-03-21 09:16:00,7.0,Saturday,9
Fremont,2026-03-21 09:51:00,2026-03-21 09:55:00,4.0,Saturday,9
Fremont,2026-03-21 10:13:00,2026-03-21 10:17:00,4.0,Saturday,10
Fremont,2026-03-21 14:38:00,2026-03-21 14:43:00,5.0,Saturday,14
Fremont,2026-03-21 15:24:00,2026-03-21 15:28:00,4.0,Saturday,15
Fremont,2026-03-21 15:50:00,2026-03-21 15:54:00,4.0,Saturday,15
Fremont,2026-03-21 16:04:00,2026-03-21 16:08:00,4.0,Saturday,16
Fremont,2026-03-21 16:22:00,2026-03-21 16:26:00,4.0,Saturday,16
Fremont,2026-03-21 17:22:00,2026-03-21 17:27:00,5.0,Saturday,17
Fremont,2026-03-21 17:51:00,2026-03-21 17:55:00,4.0,Saturday,17
Fremont,2026-03-21 18:35:00,2026-03-21 18:40:00,5.0,Saturday,18
Fremont,2026-03-21 20:06:00,2026-03-21 20:09:00,3.0,Saturday,20
Fremont,2026-03-21 21:03:00,2026-03-21 21:08:00,5.0,Saturday,21
Fremont,2026-03-22 12:53:00,2026-03-22 13:47:00,54.0,Sunday,12
Fremont,2026-03-22 14:43:00,2026-03-22 15:10:00,27.0,Sunday,14
Fremont,2026-03-22 15:52:00,2026-03-22 15:59:00,7.0,Sunday,15
Fremont,2026-03-22 16:13:00,2026-03-22 16:19:00,6.0,Sunday,16
Fremont,2026-03-22 17:06:00,2026-03-22 17:07:00,1.0,Sunday,17
Fremont,2026-03-22 17:28:00,2026-03-22 17:31:00,3.0,Sunday,17
Fremont,2026-03-22 17:55:00,2026-03-22 17:59:00,4.0,Sunday,17
Fremont,2026-03-22 18:13:00,2026-03-22 18:18:00,5.0,Sunday,18
Fremont,2026-03-22 18:35:00,2026-03-22 18:39:00,4.0,Sunday,18
Fremont,2026-03-23 09:29:00,2026-03-23 09:38:00,9.0,Monday,9
Fremont,2026-03-23 10:55:00,2026-03-23 11:00:00,5.0,Monday,10
Fremont,2026-03-23 11:17:00,2026-03-23 11:28:00,11.0,Monday,11
Fremont,2026-03-23 11:42:00,2026-03-23 11:47:00,5.0,Monday,11
Fremont,2026-03-23 12:46:00,2026-03-23 12:55:00,9.0,Monday,12
Fremont,2026-03-23 13:30:00,2026-03-23 13:31:00,1.0,Monday,13
Fremont,2026-03-23 13:39:00,2026-03-23 13:45:00,6.0,Monday,13
Fremont,2026-03-23 14:56:00,2026-03-23 15:01:00,5.0,Monday,14
Fremont,2026-03-23 15:20:00,2026-03-23 15:29:00,9.0,Monday,15
Fremont,2026-03-23 20:21:00,2026-03-23 20:29:00,8.0,Monday,20
Fremont,2026-03-24 06:25:00,2026-03-24 06:29:00,4.0,Tuesday,6
Fremont,2026-03-24 06:53:00,2026-03-24 06:58:00,5.0,Tuesday,6
Fremont,2026-03-24 11:14:00,2026-03-24 11:19:00,5.0,Tuesday,11
Fremont,2026-03-24 11:31:00,2026-03-24 11:35:00,4.0,Tuesday,11
Fremont,2026-03-24 14:33:00,2026-03-24 14:40:00,7.0,Tuesday,14
Fremont,2026-03-24 14:47:00,2026-03-24 14:48:00,1.0,Tuesday,14
Fremont,2026-03-24 15:08:00,2026-03-24 15:16:00,8.0,Tuesday,15
Fremont,2026-03-24 15:45:00,2026-03-24 15:51:00,6.0,Tuesday,15
Fremont,2026-03-24 16:01:00,2026-03-24 16:06:00,5.0,Tuesday,16
Fremont,2026-03-24 19:36:00,2026-03-24 19:40:00,4.0,Tuesday,19
Fremont,2026-03-25 11:08:00,2026-03-25 11:13:00,5.0,Wednesday,11
Fremont,2026-03-25 12:06:00,2026-03-25 12:12:00,6.0,Wednesday,12
Fremont,2026-03-25 12:37:00,2026-03-25 12:41:00,4.0,Wednesday,12
Fremont,2026-03-26 05:24:00,2026-03-26 05:30:00,6.0,Thursday,5
Fremont,2026-03-26 09:07:00,2026-03-26 09:13:00,6.0,Thursday,9
Fremont,2026-03-26 09:27:00,2026-03-26 09:34:00,7.0,Thursday,9
Fremont,2026-03-26 10:40:00,2026-03-26 10:44:00,4.0,Thursday,10
Fremont,2026-03-26 12:05:00,2026-03-26 12:10:00,5.0,Thursday,12
Fremont,2026-03-26 13:19:00,2026-03-26 13:23:00,4.0,Thursday,13
Fremont,2026-03-26 14:09:00,2026-03-26 14:13:00,4.0,Thursday,14
Fremont,2026-03-26 14:42:00,2026-03-26 14:46:00,4.0,Thursday,14
Fremont,2026-03-27 01:36:00,2026-03-27 01:41:00,5.0,Friday,1
Fremont,2026-03-27 09:22:00,2026-03-27 09:25:00,3.0,Friday,9
Fremont,2026-03-27 09:36:00,2026-03-27 09:41:00,5.0,Friday,9
Fremont,2026-03-27 10:37:00,2026-03-27 11:15:00,38.0,Friday,10
Fremont,2026-03-27 14:18:00,2026-03-27 14:43:00,25.0,Friday,14
Fremont,2026-03-27 15:51:00,2026-03-27 15:57:00,6.0,Friday,15
Fremont,2026-03-27 18:43:00,2026-03-27 18:50:00,7.0,Friday,18
Fremont,2026-03-27 20:25:00,2026-03-27 20:30:00,5.0,Friday,20
Fremont,2026-03-28 11:34:00,2026-03-28 11:38:00,4.0,Saturday,11
Fremont,2026-03-28 14:22:00,2026-03-28 14:27:00,5.0,Saturday,14
Fremont,2026-03-28 15:08:00,2026-03-28 15:12:00,4.0,Saturday,15
Fremont,2026-03-28 15:31:00,2026-03-28 15:38:00,7.0,Saturday,15
Fremont,2026-03-28 16:33:00,2026-03-28 16:38:00,5.0,Saturday,16
Fremont,2026-03-28 19:59:00,2026-03-28 20:04:00,5.0,Saturday,19
Fremont,2026-03-29 13:39:00,2026-03-29 13:44:00,5.0,Sunday,13
Fremont,2026-03-29 15:06:00,2026-03-29 15:11:00,5.0,Sunday,15
Fremont,2026-03-29 16:18:00,2026-03-29 16:21:00,3.0,Sunday,16
Fremont,2026-03-29 17:09:00,2026-03-29 17:14:00,5.0,Sunday,17
Fremont,2026-03-29 20:34:00,2026-03-29 20:38:00,4.0,Sunday,20
Fremont,2026-03-30 13:14:00,2026-03-30 13:17:00,3.0,Monday,13
Fremont,2026-03-30 14:09:00,2026-03-30 14:13:00,4.0,Monday,14
Fremont,2026-03-30 14:27:00,2026-03-30 14:31:00,4.0,Monday,14
Fremont,2026-03-30 14:48:00,2026-03-30 14:52:00,4.0,Monday,14
Montlake,2025-01-02 12:03:00,2025-01-02 12:10:00,7.0,Thursday,12
Montlake,2025-01-02 12:50:00,2025-01-02 12:52:00,2.0,Thursday,12
Montlake,2025-01-04 08:50:00,2025-01-04 08:56:00,6.0,Saturday,8
Montlake,2025-01-06 06:58:00,2025-01-06 07:04:00,6.0,Monday,6
Montlake,2025-01-08 19:01:00,2025-01-08 19:06:00,5.0,Wednesday,19
Montlake,2025-01-08 19:39:00,2025-01-08 19:44:00,5.0,Wednesday,19
Montlake,2025-01-12 11:17:00,2025-01-12 11:22:00,5.0,Sunday,11
Montlake,2025-01-12 15:24:00,2025-01-12 15:28:00,4.0,Sunday,15
Montlake,2025-01-13 14:00:00,2025-01-13 14:07:00,7.0,Monday,14
Montlake,2025-01-14 11:39:00,2025-01-14 11:45:00,6.0,Tuesday,11
Montlake,2025-01-14 15:00:00,2025-01-14 15:06:00,6.0,Tuesday,15
Montlake,2025-01-16 19:02:00,2025-01-16 19:07:00,5.0,Thursday,19
Montlake,2025-01-16 19:42:00,2025-01-16 19:48:00,6.0,Thursday,19
Montlake,2025-01-19 09:41:00,2025-01-19 09:42:00,1.0,Sunday,9
Montlake,2025-01-19 11:59:00,2025-01-19 12:04:00,5.0,Sunday,11
Montlake,2025-01-19 15:26:00,2025-01-19 15:31:00,5.0,Sunday,15
Montlake,2025-01-24 10:44:00,2025-01-24 10:50:00,6.0,Friday,10
Montlake,2025-01-24 19:01:00,2025-01-24 19:06:00,5.0,Friday,19
Montlake,2025-01-24 19:44:00,2025-01-24 19:50:00,6.0,Friday,19
Montlake,2025-01-25 08:30:00,2025-01-25 08:32:00,2.0,Saturday,8
Montlake,2025-01-25 10:00:00,2025-01-25 10:05:00,5.0,Saturday,10
Montlake,2025-01-25 12:18:00,2025-01-25 12:23:00,5.0,Saturday,12
Montlake,2025-01-25 15:42:00,2025-01-25 15:46:00,4.0,Saturday,15
Montlake,2025-01-26 11:44:00,2025-01-26 11:48:00,4.0,Sunday,11
Montlake,2025-01-26 15:58:00,2025-01-26 16:03:00,5.0,Sunday,15
Montlake,2025-01-27 13:31:00,2025-01-27 13:36:00,5.0,Monday,13
Montlake,2025-01-29 06:29:00,2025-01-29 06:35:00,6.0,Wednesday,6
Montlake,2025-01-29 19:01:00,2025-01-29 19:06:00,5.0,Wednesday,19
Montlake,2025-01-29 19:38:00,2025-01-29 19:44:00,6.0,Wednesday,19
Montlake,2025-01-30 10:12:00,2025-01-30 10:18:00,6.0,Thursday,10
Montlake,2025-01-30 13:01:00,2025-01-30 13:06:00,5.0,Thursday,13
Montlake,2025-01-30 14:01:00,2025-01-30 14:07:00,6.0,Thursday,14
Montlake,2025-02-04 11:40:00,2025-02-04 11:46:00,6.0,Tuesday,11
Montlake,2025-02-06 11:20:00,2025-02-06 11:26:00,6.0,Thursday,11
Montlake,2025-02-08 10:48:00,2025-02-08 10:55:00,7.0,Saturday,10
Montlake,2025-02-09 11:50:00,2025-02-09 11:55:00,5.0,Sunday,11
Montlake,2025-02-09 14:57:00,2025-02-09 15:02:00,5.0,Sunday,14
Montlake,2025-02-10 11:51:00,2025-02-10 12:00:00,9.0,Monday,11
Montlake,2025-02-10 12:14:00,2025-02-10 12:22:00,8.0,Monday,12
Montlake,2025-02-11 14:01:00,2025-02-11 14:06:00,5.0,Tuesday,14
Montlake,2025-02-12 15:01:00,2025-02-12 15:07:00,6.0,Wednesday,15
Montlake,2025-02-12 19:01:00,2025-02-12 19:06:00,5.0,Wednesday,19
Montlake,2025-02-12 19:41:00,2025-02-12 19:46:00,5.0,Wednesday,19
Montlake,2025-02-13 01:02:00,2025-02-13 01:09:00,7.0,Thursday,1
Montlake,2025-02-13 01:11:00,2025-02-13 01:19:00,8.0,Thursday,1
Montlake,2025-02-13 01:20:00,2025-02-13 01:25:00,5.0,Thursday,1
Montlake,2025-02-14 10:39:00,2025-02-14 10:46:00,7.0,Friday,10
Montlake,2025-02-16 11:23:00,2025-02-16 11:30:00,7.0,Sunday,11
Montlake,2025-02-16 16:11:00,2025-02-16 16:15:00,4.0,Sunday,16
Montlake,2025-02-16 18:08:00,2025-02-16 18:15:00,7.0,Sunday,18
Montlake,2025-02-16 21:27:00,2025-02-16 21:34:00,7.0,Sunday,21
Montlake,2025-02-18 12:26:00,2025-02-18 12:33:00,7.0,Tuesday,12
Montlake,2025-02-18 12:46:00,2025-02-18 12:55:00,9.0,Tuesday,12
Montlake,2025-02-18 15:51:00,2025-02-18 15:59:00,8.0,Tuesday,15
Montlake,2025-02-19 13:33:00,2025-02-19 13:40:00,7.0,Wednesday,13
Montlake,2025-02-19 19:22:00,2025-02-19 19:29:00,7.0,Wednesday,19
Montlake,2025-02-20 12:16:00,2025-02-20 12:24:00,8.0,Thursday,12
Montlake,2025-02-20 13:37:00,2025-02-20 13:43:00,6.0,Thursday,13
Montlake,2025-02-20 16:24:00,2025-02-20 16:32:00,8.0,Thursday,16
Montlake,2025-02-21 13:31:00,2025-02-21 13:37:00,6.0,Friday,13
Montlake,2025-02-21 16:10:00,2025-02-21 16:17:00,7.0,Friday,16
Montlake,2025-02-21 21:31:00,2025-02-21 21:36:00,5.0,Friday,21
Montlake,2025-02-22 09:22:00,2025-02-22 09:28:00,6.0,Saturday,9
Montlake,2025-02-22 09:35:00,2025-02-22 09:41:00,6.0,Saturday,9
Montlake,2025-02-22 09:56:00,2025-02-22 10:01:00,5.0,Saturday,9
Montlake,2025-02-22 10:08:00,2025-02-22 10:13:00,5.0,Saturday,10
Montlake,2025-02-22 10:18:00,2025-02-22 10:24:00,6.0,Saturday,10
Montlake,2025-02-22 13:37:00,2025-02-22 13:42:00,5.0,Saturday,13
Montlake,2025-02-22 16:13:00,2025-02-22 16:18:00,5.0,Saturday,16
Montlake,2025-02-22 16:28:00,2025-02-22 16:34:00,6.0,Saturday,16
Montlake,2025-02-22 16:41:00,2025-02-22 16:47:00,6.0,Saturday,16
Montlake,2025-02-22 16:56:00,2025-02-22 17:02:00,6.0,Saturday,16
Montlake,2025-02-22 19:27:00,2025-02-22 19:33:00,6.0,Saturday,19
Montlake,2025-02-23 11:00:00,2025-02-23 11:08:00,8.0,Sunday,11
Montlake,2025-02-23 13:54:00,2025-02-23 14:01:00,7.0,Sunday,13
Montlake,2025-02-24 10:05:00,2025-02-24 10:09:00,4.0,Monday,10
Montlake,2025-02-26 10:26:00,2025-02-26 10:33:00,7.0,Wednesday,10
Montlake,2025-02-26 10:48:00,2025-02-26 10:54:00,6.0,Wednesday,10
Montlake,2025-02-26 12:25:00,2025-02-26 12:31:00,6.0,Wednesday,12
Montlake,2025-02-27 09:58:00,2025-02-27 09:59:00,1.0,Thursday,9
Montlake,2025-02-27 10:26:00,2025-02-27 10:38:00,12.0,Thursday,10
Montlake,2025-02-27 10:42:00,2025-02-27 10:43:00,1.0,Thursday,10
Montlake,2025-02-27 11:01:00,2025-02-27 11:06:00,5.0,Thursday,11
Montlake,2025-02-28 19:04:00,2025-02-28 19:11:00,7.0,Friday,19
Montlake,2025-03-01 10:10:00,2025-03-01 10:16:00,6.0,Saturday,10
Montlake,2025-03-01 11:35:00,2025-03-01 11:39:00,4.0,Saturday,11
Montlake,2025-03-01 15:20:00,2025-03-01 15:24:00,4.0,Saturday,15
Montlake,2025-03-02 12:44:00,2025-03-02 12:48:00,4.0,Sunday,12
Montlake,2025-03-02 13:46:00,2025-03-02 13:51:00,5.0,Sunday,13
Montlake,2025-03-04 10:33:00,2025-03-04 10:39:00,6.0,Tuesday,10
Montlake,2025-03-05 11:44:00,2025-03-05 11:50:00,6.0,Wednesday,11
Montlake,2025-03-05 13:01:00,2025-03-05 13:06:00,5.0,Wednesday,13
Montlake,2025-03-05 14:01:00,2025-03-05 14:06:00,5.0,Wednesday,14
Montlake,2025-03-05 19:01:00,2025-03-05 19:06:00,5.0,Wednesday,19
Montlake,2025-03-05 19:40:00,2025-03-05 19:45:00,5.0,Wednesday,19
Montlake,2025-03-06 11:49:00,2025-03-06 11:55:00,6.0,Thursday,11
Montlake,2025-03-07 10:24:00,2025-03-07 10:29:00,5.0,Friday,10
Montlake,2025-03-07 11:24:00,2025-03-07 11:30:00,6.0,Friday,11
Montlake,2025-03-07 12:06:00,2025-03-07 12:11:00,5.0,Friday,12
Montlake,2025-03-07 19:01:00,2025-03-07 19:07:00,6.0,Friday,19
Montlake,2025-03-09 14:03:00,2025-03-09 14:08:00,5.0,Sunday,14
Montlake,2025-03-11 14:01:00,2025-03-11 14:06:00,5.0,Tuesday,14
Montlake,2025-03-12 06:49:00,2025-03-12 06:55:00,6.0,Wednesday,6
Montlake,2025-03-12 19:01:00,2025-03-12 19:06:00,5.0,Wednesday,19
Montlake,2025-03-12 19:39:00,2025-03-12 19:45:00,6.0,Wednesday,19
Montlake,2025-03-13 10:07:00,2025-03-13 10:13:00,6.0,Thursday,10
Montlake,2025-03-13 14:31:00,2025-03-13 14:36:00,5.0,Thursday,14
Montlake,2025-03-14 13:31:00,2025-03-14 13:37:00,6.0,Friday,13
Montlake,2025-03-16 18:24:00,2025-03-16 18:29:00,5.0,Sunday,18
Montlake,2025-03-18 10:20:00,2025-03-18 10:26:00,6.0,Tuesday,10
Montlake,2025-03-18 19:01:00,2025-03-18 19:06:00,5.0,Tuesday,19
Montlake,2025-03-22 11:33:00,2025-03-22 11:39:00,6.0,Saturday,11
Montlake,2025-03-22 16:06:00,2025-03-22 16:12:00,6.0,Saturday,16
Montlake,2025-03-23 11:27:00,2025-03-23 11:32:00,5.0,Sunday,11
Montlake,2025-03-26 12:19:00,2025-03-26 12:28:00,9.0,Wednesday,12
Montlake,2025-03-26 13:30:00,2025-03-26 13:41:00,11.0,Wednesday,13
Montlake,2025-03-26 19:01:00,2025-03-26 19:07:00,6.0,Wednesday,19
Montlake,2025-03-26 19:33:00,2025-03-26 19:40:00,7.0,Wednesday,19
Montlake,2025-03-28 19:32:00,2025-03-28 19:38:00,6.0,Friday,19
Montlake,2025-03-28 20:55:00,2025-03-28 21:02:00,7.0,Friday,20
Montlake,2025-03-29 13:29:00,2025-03-29 13:34:00,5.0,Saturday,13
Montlake,2025-03-30 11:36:00,2025-03-30 11:43:00,7.0,Sunday,11
Montlake,2025-03-30 15:34:00,2025-03-30 15:39:00,5.0,Sunday,15
Montlake,2025-03-30 21:27:00,2025-03-30 21:34:00,7.0,Sunday,21
Montlake,2025-03-31 09:59:00,2025-03-31 10:04:00,5.0,Monday,9
Montlake,2025-03-31 11:02:00,2025-03-31 11:08:00,6.0,Monday,11
Montlake,2025-03-31 19:43:00,2025-03-31 19:50:00,7.0,Monday,19
Montlake,2025-04-01 10:03:00,2025-04-01 10:08:00,5.0,Tuesday,10
Montlake,2025-04-02 10:31:00,2025-04-02 10:36:00,5.0,Wednesday,10
Montlake,2025-04-03 15:01:00,2025-04-03 15:06:00,5.0,Thursday,15
Montlake,2025-04-04 13:01:00,2025-04-04 13:07:00,6.0,Friday,13
Montlake,2025-04-05 07:47:00,2025-04-05 07:52:00,5.0,Saturday,7
Montlake,2025-04-05 12:41:00,2025-04-05 12:46:00,5.0,Saturday,12
Montlake,2025-04-05 13:28:00,2025-04-05 13:34:00,6.0,Saturday,13
Montlake,2025-04-05 15:03:00,2025-04-05 15:08:00,5.0,Saturday,15
Montlake,2025-04-05 15:22:00,2025-04-05 15:29:00,7.0,Saturday,15
Montlake,2025-04-05 17:22:00,2025-04-05 17:28:00,6.0,Saturday,17
Montlake,2025-04-05 17:34:00,2025-04-05 17:40:00,6.0,Saturday,17
Montlake,2025-04-05 18:33:00,2025-04-05 18:40:00,7.0,Saturday,18
Montlake,2025-04-05 18:46:00,2025-04-05 18:50:00,4.0,Saturday,18
Montlake,2025-04-05 19:13:00,2025-04-05 19:19:00,6.0,Saturday,19
Montlake,2025-04-05 19:30:00,2025-04-05 19:36:00,6.0,Saturday,19
Montlake,2025-04-06 16:26:00,2025-04-06 16:31:00,5.0,Sunday,16
Montlake,2025-04-07 11:34:00,2025-04-07 11:38:00,4.0,Monday,11
Montlake,2025-04-08 12:37:00,2025-04-08 12:40:00,3.0,Tuesday,12
Montlake,2025-04-09 19:01:00,2025-04-09 19:06:00,5.0,Wednesday,19
Montlake,2025-04-09 19:36:00,2025-04-09 19:42:00,6.0,Wednesday,19
Montlake,2025-04-10 10:41:00,2025-04-10 10:50:00,9.0,Thursday,10
Montlake,2025-04-11 10:08:00,2025-04-11 10:14:00,6.0,Friday,10
Montlake,2025-04-11 10:38:00,2025-04-11 10:44:00,6.0,Friday,10
Montlake,2025-04-11 12:18:00,2025-04-11 12:23:00,5.0,Friday,12
Montlake,2025-04-11 14:01:00,2025-04-11 14:12:00,11.0,Friday,14
Montlake,2025-04-11 19:42:00,2025-04-11 19:48:00,6.0,Friday,19
Montlake,2025-04-12 13:14:00,2025-04-12 13:20:00,6.0,Saturday,13
Montlake,2025-04-12 15:41:00,2025-04-12 15:46:00,5.0,Saturday,15
Montlake,2025-04-13 10:32:00,2025-04-13 10:38:00,6.0,Sunday,10
Montlake,2025-04-13 12:41:00,2025-04-13 12:46:00,5.0,Sunday,12
Montlake,2025-04-13 13:23:00,2025-04-13 13:28:00,5.0,Sunday,13
Montlake,2025-04-13 17:59:00,2025-04-13 18:04:00,5.0,Sunday,17
Montlake,2025-04-14 14:01:00,2025-04-14 14:06:00,5.0,Monday,14
Montlake,2025-04-14 15:01:00,2025-04-14 15:06:00,5.0,Monday,15
Montlake,2025-04-15 10:49:00,2025-04-15 10:51:00,2.0,Tuesday,10
Montlake,2025-04-15 10:55:00,2025-04-15 11:01:00,6.0,Tuesday,10
Montlake,2025-04-15 13:01:00,2025-04-15 13:08:00,7.0,Tuesday,13
Montlake,2025-04-16 19:01:00,2025-04-16 19:06:00,5.0,Wednesday,19
Montlake,2025-04-16 19:40:00,2025-04-16 19:44:00,4.0,Wednesday,19
Montlake,2025-04-17 13:01:00,2025-04-17 13:07:00,6.0,Thursday,13
Montlake,2025-04-17 14:31:00,2025-04-17 14:37:00,6.0,Thursday,14
Montlake,2025-04-18 06:55:00,2025-04-18 07:01:00,6.0,Friday,6
Montlake,2025-04-19 16:29:00,2025-04-19 16:34:00,5.0,Saturday,16
Montlake,2025-04-19 17:10:00,2025-04-19 17:15:00,5.0,Saturday,17
Montlake,2025-04-19 18:34:00,2025-04-19 18:40:00,6.0,Saturday,18
Montlake,2025-04-20 09:11:00,2025-04-20 09:17:00,6.0,Sunday,9
Montlake,2025-04-20 11:26:00,2025-04-20 11:31:00,5.0,Sunday,11
Montlake,2025-04-20 14:10:00,2025-04-20 14:16:00,6.0,Sunday,14
Montlake,2025-04-20 21:36:00,2025-04-20 21:42:00,6.0,Sunday,21
Montlake,2025-04-23 14:01:00,2025-04-23 14:06:00,5.0,Wednesday,14
Montlake,2025-04-24 11:17:00,2025-04-24 11:22:00,5.0,Thursday,11
Montlake,2025-04-24 20:21:00,2025-04-24 20:27:00,6.0,Thursday,20
Montlake,2025-04-25 06:26:00,2025-04-25 06:34:00,8.0,Friday,6
Montlake,2025-04-25 11:27:00,2025-04-25 11:37:00,10.0,Friday,11
Montlake,2025-04-25 11:56:00,2025-04-25 12:02:00,6.0,Friday,11
Montlake,2025-04-25 12:33:00,2025-04-25 12:38:00,5.0,Friday,12
Montlake,2025-04-25 13:15:00,2025-04-25 13:21:00,6.0,Friday,13
Montlake,2025-04-25 13:41:00,2025-04-25 13:47:00,6.0,Friday,13
Montlake,2025-04-25 14:33:00,2025-04-25 14:39:00,6.0,Friday,14
Montlake,2025-04-25 19:19:00,2025-04-25 19:24:00,5.0,Friday,19
Montlake,2026-01-23 19:09:00,2026-01-23 19:16:00,7.0,Friday,19
Montlake,2026-01-23 20:07:00,2026-01-23 20:12:00,5.0,Friday,20
Montlake,2026-01-25 12:36:00,2026-01-25 12:42:00,6.0,Sunday,12
Montlake,2026-01-25 15:16:00,2026-01-25 15:21:00,5.0,Sunday,15
Montlake,2026-01-31 08:20:00,2026-01-31 08:23:00,3.0,Saturday,8
Montlake,2026-01-31 08:41:00,2026-01-31 08:46:00,5.0,Saturday,8
Montlake,2026-01-31 09:03:00,2026-01-31 09:06:00,3.0,Saturday,9
Montlake,2026-01-31 09:48:00,2026-01-31 09:53:00,5.0,Saturday,9
Montlake,2026-01-31 12:40:00,2026-01-31 12:45:00,5.0,Saturday,12
Montlake,2026-01-31 14:10:00,2026-01-31 14:15:00,5.0,Saturday,14
Montlake,2026-01-31 15:18:00,2026-01-31 15:24:00,6.0,Saturday,15
Montlake,2026-01-31 16:22:00,2026-01-31 16:28:00,6.0,Saturday,16
Montlake,2026-01-31 17:38:00,2026-01-31 17:43:00,5.0,Saturday,17
Montlake,2026-01-31 18:16:00,2026-01-31 18:21:00,5.0,Saturday,18
Montlake,2026-01-31 18:52:00,2026-01-31 18:57:00,5.0,Saturday,18
Montlake,2026-02-01 12:31:00,2026-02-01 12:36:00,5.0,Sunday,12
Montlake,2026-02-01 14:22:00,2026-02-01 14:27:00,5.0,Sunday,14
Montlake,2026-02-02 10:51:00,2026-02-02 10:57:00,6.0,Monday,10
Montlake,2026-02-05 01:08:00,2026-02-05 01:15:00,7.0,Thursday,1
Montlake,2026-02-05 01:17:00,2026-02-05 01:24:00,7.0,Thursday,1
Montlake,2026-02-05 01:26:00,2026-02-05 01:31:00,5.0,Thursday,1
Montlake,2026-02-05 11:53:00,2026-02-05 11:59:00,6.0,Thursday,11
Montlake,2026-02-05 13:31:00,2026-02-05 13:37:00,6.0,Thursday,13
Montlake,2026-02-05 15:01:00,2026-02-05 15:06:00,5.0,Thursday,15
Montlake,2026-02-06 19:02:00,2026-02-06 19:03:00,1.0,Friday,19
Montlake,2026-02-06 19:04:00,2026-02-06 19:09:00,5.0,Friday,19
Montlake,2026-02-07 09:41:00,2026-02-07 09:42:00,1.0,Saturday,9
Montlake,2026-02-07 11:44:00,2026-02-07 11:49:00,5.0,Saturday,11
Montlake,2026-02-07 12:21:00,2026-02-07 12:26:00,5.0,Saturday,12
Montlake,2026-02-09 10:00:00,2026-02-09 10:06:00,6.0,Monday,10
Montlake,2026-02-09 11:56:00,2026-02-09 12:03:00,7.0,Monday,11
Montlake,2026-02-11 10:34:00,2026-02-11 10:41:00,7.0,Wednesday,10
Montlake,2026-02-11 14:31:00,2026-02-11 14:37:00,6.0,Wednesday,14
Montlake,2026-02-12 11:31:00,2026-02-12 11:37:00,6.0,Thursday,11
Montlake,2026-02-12 13:59:00,2026-02-12 14:04:00,5.0,Thursday,13
Montlake,2026-02-13 09:07:00,2026-02-13 09:13:00,6.0,Friday,9
Montlake,2026-02-13 10:10:00,2026-02-13 10:19:00,9.0,Friday,10
Montlake,2026-02-13 12:37:00,2026-02-13 12:43:00,6.0,Friday,12
Montlake,2026-02-14 12:35:00,2026-02-14 12:40:00,5.0,Saturday,12
Montlake,2026-02-14 15:06:00,2026-02-14 15:11:00,5.0,Saturday,15
Montlake,2026-02-16 11:21:00,2026-02-16 11:29:00,8.0,Monday,11
Montlake,2026-02-18 13:10:00,2026-02-18 13:16:00,6.0,Wednesday,13
Montlake,2026-02-18 14:23:00,2026-02-18 14:28:00,5.0,Wednesday,14
Montlake,2026-02-18 20:00:00,2026-02-18 20:06:00,6.0,Wednesday,20
Montlake,2026-02-19 12:03:00,2026-02-19 12:09:00,6.0,Thursday,12
Montlake,2026-02-19 12:27:00,2026-02-19 12:33:00,6.0,Thursday,12
Montlake,2026-02-23 10:28:00,2026-02-23 10:36:00,8.0,Monday,10
Montlake,2026-02-23 10:54:00,2026-02-23 10:59:00,5.0,Monday,10
Montlake,2026-02-28 10:13:00,2026-02-28 10:19:00,6.0,Saturday,10
Montlake,2026-02-28 12:19:00,2026-02-28 12:25:00,6.0,Saturday,12
Montlake,2026-03-01 11:06:00,2026-03-01 11:11:00,5.0,Sunday,11
Montlake,2026-03-01 14:06:00,2026-03-01 14:12:00,6.0,Sunday,14
Montlake,2026-03-01 17:48:00,2026-03-01 17:53:00,5.0,Sunday,17
Montlake,2026-03-02 11:38:00,2026-03-02 11:45:00,7.0,Monday,11
Montlake,2026-03-02 14:31:00,2026-03-02 14:36:00,5.0,Monday,14
Montlake,2026-03-02 19:00:00,2026-03-02 19:11:00,11.0,Monday,19
Montlake,2026-03-02 22:03:00,2026-03-02 22:11:00,8.0,Monday,22
Montlake,2026-03-03 19:01:00,2026-03-03 19:09:00,8.0,Tuesday,19
Montlake,2026-03-03 22:15:00,2026-03-03 22:21:00,6.0,Tuesday,22
Montlake,2026-03-04 12:03:00,2026-03-04 12:09:00,6.0,Wednesday,12
Montlake,2026-03-05 11:26:00,2026-03-05 11:32:00,6.0,Thursday,11
Montlake,2026-03-06 20:41:00,2026-03-06 20:49:00,8.0,Friday,20
Montlake,2026-03-06 23:42:00,2026-03-06 23:49:00,7.0,Friday,23
Montlake,2026-03-07 09:04:00,2026-03-07 09:08:00,4.0,Saturday,9
Montlake,2026-03-07 11:34:00,2026-03-07 11:39:00,5.0,Saturday,11
Montlake,2026-03-07 11:54:00,2026-03-07 11:59:00,5.0,Saturday,11
Montlake,2026-03-07 16:28:00,2026-03-07 16:33:00,5.0,Saturday,16
Montlake,2026-03-11 11:27:00,2026-03-11 11:33:00,6.0,Wednesday,11
Montlake,2026-03-12 14:01:00,2026-03-12 14:07:00,6.0,Thursday,14
Montlake,2026-03-12 18:41:00,2026-03-12 18:50:00,9.0,Thursday,18
Montlake,2026-03-12 21:48:00,2026-03-12 21:55:00,7.0,Thursday,21
Montlake,2026-03-13 10:01:00,2026-03-13 10:07:00,6.0,Friday,10
Montlake,2026-03-13 14:28:00,2026-03-13 14:33:00,5.0,Friday,14
Montlake,2026-03-13 18:58:00,2026-03-13 19:06:00,8.0,Friday,18
Montlake,2026-03-13 21:56:00,2026-03-13 22:09:00,13.0,Friday,21
Montlake,2026-03-14 16:28:00,2026-03-14 16:33:00,5.0,Saturday,16
Montlake,2026-03-16 10:01:00,2026-03-16 10:07:00,6.0,Monday,10
Montlake,2026-03-16 11:26:00,2026-03-16 11:33:00,7.0,Monday,11
Montlake,2026-03-16 19:01:00,2026-03-16 19:07:00,6.0,Monday,19
Montlake,2026-03-16 22:51:00,2026-03-16 22:58:00,7.0,Monday,22
Montlake,2026-03-17 10:35:00,2026-03-17 10:41:00,6.0,Tuesday,10
Montlake,2026-03-17 11:34:00,2026-03-17 11:39:00,5.0,Tuesday,11
Montlake,2026-03-17 19:01:00,2026-03-17 19:08:00,7.0,Tuesday,19
Montlake,2026-03-17 22:54:00,2026-03-17 23:01:00,7.0,Tuesday,22
Montlake,2026-03-18 19:15:00,2026-03-18 19:24:00,9.0,Wednesday,19
Montlake,2026-03-18 23:17:00,2026-03-18 23:22:00,5.0,Wednesday,23
Montlake,2026-03-20 19:09:00,2026-03-20 19:16:00,7.0,Friday,19
Montlake,2026-03-20 19:47:00,2026-03-20 19:52:00,5.0,Friday,19
Montlake,2026-03-20 23:36:00,2026-03-20 23:43:00,7.0,Friday,23
Montlake,2026-03-21 11:55:00,2026-03-21 12:01:00,6.0,Saturday,11
Montlake,2026-03-21 14:45:00,2026-03-21 14:50:00,5.0,Saturday,14
Montlake,2026-03-22 11:19:00,2026-03-22 11:24:00,5.0,Sunday,11
Montlake,2026-03-22 12:12:00,2026-03-22 12:17:00,5.0,Sunday,12
Montlake,2026-03-22 13:17:00,2026-03-22 13:22:00,5.0,Sunday,13
Montlake,2026-03-23 15:48:00,2026-03-23 15:56:00,8.0,Monday,15
Montlake,2026-03-23 19:59:00,2026-03-23 20:06:00,7.0,Monday,19
Montlake,2026-03-24 11:01:00,2026-03-24 11:07:00,6.0,Tuesday,11
Montlake,2026-03-26 11:38:00,2026-03-26 11:44:00,6.0,Thursday,11
Montlake,2026-03-26 14:01:00,2026-03-26 14:07:00,6.0,Thursday,14
Montlake,2026-03-27 00:00:00,2026-03-27 01:01:00,61.0,Friday,0
Montlake,2026-03-27 01:04:00,2026-03-27 01:12:00,8.0,Friday,1
Montlake,2026-03-27 14:32:00,2026-03-27 14:37:00,5.0,Friday,14
Montlake,2026-03-27 15:01:00,2026-03-27 15:07:00,6.0,Friday,15
Montlake,2026-03-28 11:04:00,2026-03-28 12:42:00,98.0,Saturday,11
Montlake,2026-03-28 17:09:00,2026-03-28 17:15:00,6.0,Saturday,17
Montlake,2026-03-28 20:17:00,2026-03-28 20:22:00,5.0,Saturday,20
Montlake,2026-03-29 17:10:00,2026-03-29 17:15:00,5.0,Sunday,17
Montlake,2026-03-30 14:01:00,2026-03-30 14:06:00,5.0,Monday,14
South Park,2026-01-24 11:36:00,2026-01-24 11:38:00,2.0,Saturday,11
South Park,2026-01-24 11:56:00,2026-01-24 12:05:00,9.0,Saturday,11
South Park,2026-01-24 12:41:00,2026-01-24 12:51:00,10.0,Saturday,12
South Park,2026-01-24 13:13:00,2026-01-24 13:19:00,6.0,Saturday,13
South Park,2026-01-24 14:32:00,2026-01-24 14:37:00,5.0,Saturday,14
South Park,2026-01-26 09:12:00,2026-01-26 09:17:00,5.0,Monday,9
South Park,2026-01-26 10:31:00,2026-01-26 10:39:00,8.0,Monday,10
South Park,2026-01-26 11:11:00,2026-01-26 11:24:00,13.0,Monday,11
South Park,2026-01-26 11:34:00,2026-01-26 11:48:00,14.0,Monday,11
South Park,2026-01-26 12:15:00,2026-01-26 12:22:00,7.0,Monday,12
South Park,2026-01-26 12:37:00,2026-01-26 12:44:00,7.0,Monday,12
South Park,2026-01-26 12:58:00,2026-01-26 13:04:00,6.0,Monday,12
South Park,2026-01-26 13:13:00,2026-01-26 13:20:00,7.0,Monday,13
South Park,2026-01-26 13:28:00,2026-01-26 13:33:00,5.0,Monday,13
South Park,2026-01-26 13:51:00,2026-01-26 13:57:00,6.0,Monday,13
South Park,2026-01-27 09:09:00,2026-01-27 09:15:00,6.0,Tuesday,9
South Park,2026-01-27 09:36:00,2026-01-27 09:42:00,6.0,Tuesday,9
South Park,2026-01-27 09:54:00,2026-01-27 09:59:00,5.0,Tuesday,9
South Park,2026-01-27 11:25:00,2026-01-27 11:32:00,7.0,Tuesday,11
South Park,2026-01-27 13:53:00,2026-01-27 13:59:00,6.0,Tuesday,13
South Park,2026-01-28 08:34:00,2026-01-28 08:39:00,5.0,Wednesday,8
South Park,2026-01-28 08:51:00,2026-01-28 08:56:00,5.0,Wednesday,8
South Park,2026-01-28 09:05:00,2026-01-28 09:10:00,5.0,Wednesday,9
South Park,2026-01-28 09:28:00,2026-01-28 09:33:00,5.0,Wednesday,9
South Park,2026-01-28 09:43:00,2026-01-28 09:49:00,6.0,Wednesday,9
South Park,2026-01-28 10:14:00,2026-01-28 10:19:00,5.0,Wednesday,10
South Park,2026-01-28 11:07:00,2026-01-28 11:12:00,5.0,Wednesday,11
South Park,2026-01-28 11:57:00,2026-01-28 12:03:00,6.0,Wednesday,11
South Park,2026-01-28 12:47:00,2026-01-28 12:55:00,8.0,Wednesday,12
South Park,2026-01-28 13:26:00,2026-01-28 13:31:00,5.0,Wednesday,13
South Park,2026-01-28 13:48:00,2026-01-28 13:52:00,4.0,Wednesday,13
South Park,2026-01-29 17:55:00,2026-01-29 18:01:00,6.0,Thursday,17
South Park,2026-01-29 18:22:00,2026-01-29 18:27:00,5.0,Thursday,18
South Park,2026-01-29 18:49:00,2026-01-29 18:54:00,5.0,Thursday,18
South Park,2026-01-29 19:35:00,2026-01-29 19:41:00,6.0,Thursday,19
South Park,2026-01-29 20:14:00,2026-01-29 20:20:00,6.0,Thursday,20
South Park,2026-01-29 20:50:00,2026-01-29 20:55:00,5.0,Thursday,20
South Park,2026-01-31 07:23:00,2026-01-31 07:34:00,11.0,Saturday,7
South Park,2026-02-04 09:17:00,2026-02-04 09:22:00,5.0,Wednesday,9
South Park,2026-02-08 08:40:00,2026-02-08 08:48:00,8.0,Sunday,8
South Park,2026-02-09 08:31:00,2026-02-09 08:36:00,5.0,Monday,8
South Park,2026-02-10 10:52:00,2026-02-10 10:59:00,7.0,Tuesday,10
South Park,2026-02-12 10:28:00,2026-02-12 10:34:00,6.0,Thursday,10
South Park,2026-02-12 10:53:00,2026-02-12 10:59:00,6.0,Thursday,10
South Park,2026-02-15 11:23:00,2026-02-15 11:28:00,5.0,Sunday,11
South Park,2026-02-15 16:35:00,2026-02-15 16:41:00,6.0,Sunday,16
South Park,2026-02-20 11:13:00,2026-02-20 11:18:00,5.0,Friday,11
South Park,2026-02-22 08:05:00,2026-02-22 08:10:00,5.0,Sunday,8
South Park,2026-02-24 09:34:00,2026-02-24 09:40:00,6.0,Tuesday,9
South Park,2026-02-24 10:01:00,2026-02-24 10:05:00,4.0,Tuesday,10
South Park,2026-02-28 04:44:00,2026-02-28 04:49:00,5.0,Saturday,4
South Park,2026-02-28 06:03:00,2026-02-28 06:10:00,7.0,Saturday,6
South Park,2026-02-28 06:45:00,2026-02-28 06:50:00,5.0,Saturday,6
South Park,2026-02-28 09:42:00,2026-02-28 09:47:00,5.0,Saturday,9
South Park,2026-02-28 11:11:00,2026-02-28 11:12:00,1.0,Saturday,11
South Park,2026-02-28 11:45:00,2026-02-28 11:50:00,5.0,Saturday,11
South Park,2026-03-01 15:19:00,2026-03-01 15:25:00,6.0,Sunday,15
South Park,2026-03-03 10:02:00,2026-03-03 10:12:00,10.0,Tuesday,10
South Park,2026-03-03 10:55:00,2026-03-03 11:06:00,11.0,Tuesday,10
South Park,2026-03-10 12:14:00,2026-03-10 12:21:00,7.0,Tuesday,12
South Park,2026-03-12 08:58:00,2026-03-12 09:07:00,9.0,Thursday,8
South Park,2026-03-12 10:01:00,2026-03-12 10:08:00,7.0,Thursday,10
South Park,2026-03-12 11:46:00,2026-03-12 11:52:00,6.0,Thursday,11
South Park,2026-03-17 09:17:00,2026-03-17 09:22:00,5.0,Tuesday,9
South Park,2026-03-17 10:34:00,2026-03-17 10:39:00,5.0,Tuesday,10
South Park,2026-03-17 12:44:00,2026-03-17 12:52:00,8.0,Tuesday,12
South Park,2026-03-17 13:04:00,2026-03-17 13:08:00,4.0,Tuesday,13
South Park,2026-03-19 14:11:00,2026-03-19 14:21:00,10.0,Thursday,14
South Park,2026-03-22 17:17:00,2026-03-22 17:23:00,6.0,Sunday,17
South Park,2026-03-23 12:34:00,2026-03-23 12:40:00,6.0,Monday,12
South Park,2026-03-24 11:48:00,2026-03-24 11:58:00,10.0,Tuesday,11
South Park,2026-03-25 18:16:00,2026-03-25 18:21:00,5.0,Wednesday,18
University,2025-01-02 15:57:00,2025-01-02 16:04:00,7.0,Thursday,15
University,2025-01-02 19:40:00,2025-01-02 19:46:00,6.0,Thursday,19
University,2025-01-03 06:48:00,2025-01-03 06:52:00,4.0,Friday,6
University,2025-01-03 12:23:00,2025-01-03 12:28:00,5.0,Friday,12
University,2025-01-03 13:45:00,2025-01-03 13:49:00,4.0,Friday,13
University,2025-01-03 18:31:00,2025-01-03 18:37:00,6.0,Friday,18
University,2025-01-03 22:02:00,2025-01-03 22:08:00,6.0,Friday,22
University,2025-01-04 08:40:00,2025-01-04 08:45:00,5.0,Saturday,8
University,2025-01-04 10:11:00,2025-01-04 10:15:00,4.0,Saturday,10
University,2025-01-04 10:37:00,2025-01-04 10:41:00,4.0,Saturday,10
University,2025-01-04 16:56:00,2025-01-04 17:03:00,7.0,Saturday,16
University,2025-01-04 17:18:00,2025-01-04 17:21:00,3.0,Saturday,17
University,2025-01-04 20:35:00,2025-01-04 20:40:00,5.0,Saturday,20
University,2025-01-05 08:20:00,2025-01-05 08:25:00,5.0,Sunday,8
University,2025-01-05 08:57:00,2025-01-05 09:02:00,5.0,Sunday,8
University,2025-01-05 13:37:00,2025-01-05 13:41:00,4.0,Sunday,13
University,2025-01-05 14:57:00,2025-01-05 15:00:00,3.0,Sunday,14
University,2025-01-05 17:32:00,2025-01-05 17:36:00,4.0,Sunday,17
University,2025-01-05 18:47:00,2025-01-05 18:53:00,6.0,Sunday,18
University,2025-01-05 22:33:00,2025-01-05 22:40:00,7.0,Sunday,22
University,2025-01-06 06:50:00,2025-01-06 06:55:00,5.0,Monday,6
University,2025-01-06 09:15:00,2025-01-06 09:17:00,2.0,Monday,9
University,2025-01-06 09:22:00,2025-01-06 09:24:00,2.0,Monday,9
University,2025-01-06 09:34:00,2025-01-06 09:35:00,1.0,Monday,9
University,2025-01-06 09:41:00,2025-01-06 09:42:00,1.0,Monday,9
University,2025-01-06 11:28:00,2025-01-06 11:33:00,5.0,Monday,11
University,2025-01-06 15:28:00,2025-01-06 15:34:00,6.0,Monday,15
University,2025-01-06 20:16:00,2025-01-06 20:23:00,7.0,Monday,20
University,2025-01-07 09:21:00,2025-01-07 09:23:00,2.0,Tuesday,9
University,2025-01-07 10:52:00,2025-01-07 10:56:00,4.0,Tuesday,10
University,2025-01-07 13:13:00,2025-01-07 13:17:00,4.0,Tuesday,13
University,2025-01-07 16:02:00,2025-01-07 16:08:00,6.0,Tuesday,16
University,2025-01-07 19:40:00,2025-01-07 19:46:00,6.0,Tuesday,19
University,2025-01-08 10:22:00,2025-01-08 10:26:00,4.0,Wednesday,10
University,2025-01-08 18:29:00,2025-01-08 18:35:00,6.0,Wednesday,18
University,2025-01-08 18:48:00,2025-01-08 18:52:00,4.0,Wednesday,18
University,2025-01-08 19:46:00,2025-01-08 19:51:00,5.0,Wednesday,19
University,2025-01-08 22:23:00,2025-01-08 22:30:00,7.0,Wednesday,22
University,2025-01-09 18:33:00,2025-01-09 18:39:00,6.0,Thursday,18
University,2025-01-09 22:13:00,2025-01-09 22:20:00,7.0,Thursday,22
University,2025-01-10 14:59:00,2025-01-10 15:06:00,7.0,Friday,14
University,2025-01-10 19:37:00,2025-01-10 19:43:00,6.0,Friday,19
University,2025-01-11 12:58:00,2025-01-11 13:02:00,4.0,Saturday,12
University,2025-01-11 14:35:00,2025-01-11 14:42:00,7.0,Saturday,14
University,2025-01-11 21:20:00,2025-01-11 21:26:00,6.0,Saturday,21
University,2025-01-12 09:54:00,2025-01-12 09:58:00,4.0,Sunday,9
University,2025-01-12 11:27:00,2025-01-12 11:32:00,5.0,Sunday,11
University,2025-01-12 12:16:00,2025-01-12 12:21:00,5.0,Sunday,12
University,2025-01-12 12:55:00,2025-01-12 12:59:00,4.0,Sunday,12
University,2025-01-12 13:28:00,2025-01-12 13:34:00,6.0,Sunday,13
University,2025-01-12 15:07:00,2025-01-12 15:10:00,3.0,Sunday,15
University,2025-01-12 15:13:00,2025-01-12 15:17:00,4.0,Sunday,15
University,2025-01-12 21:06:00,2025-01-12 21:12:00,6.0,Sunday,21
University,2025-01-13 11:14:00,2025-01-13 11:18:00,4.0,Monday,11
University,2025-01-13 13:28:00,2025-01-13 13:30:00,2.0,Monday,13
University,2025-01-13 13:34:00,2025-01-13 13:38:00,4.0,Monday,13
University,2025-01-13 14:10:00,2025-01-13 14:16:00,6.0,Monday,14
University,2025-01-13 14:41:00,2025-01-13 14:47:00,6.0,Monday,14
University,2025-01-13 21:09:00,2025-01-13 21:15:00,6.0,Monday,21
University,2025-01-14 11:30:00,2025-01-14 11:35:00,5.0,Tuesday,11
University,2025-01-14 14:47:00,2025-01-14 14:52:00,5.0,Tuesday,14
University,2025-01-14 14:58:00,2025-01-14 15:05:00,7.0,Tuesday,14
University,2025-01-14 21:19:00,2025-01-14 21:25:00,6.0,Tuesday,21
University,2025-01-15 15:16:00,2025-01-15 15:23:00,7.0,Wednesday,15
University,2025-01-15 19:37:00,2025-01-15 19:43:00,6.0,Wednesday,19
University,2025-01-16 18:54:00,2025-01-16 18:59:00,5.0,Thursday,18
University,2025-01-16 19:50:00,2025-01-16 19:55:00,5.0,Thursday,19
University,2025-01-17 18:11:00,2025-01-17 18:16:00,5.0,Friday,18
University,2025-01-17 20:50:00,2025-01-17 20:55:00,5.0,Friday,20
University,2025-01-18 11:07:00,2025-01-18 11:11:00,4.0,Saturday,11
University,2025-01-19 08:22:00,2025-01-19 08:24:00,2.0,Sunday,8
University,2025-01-19 08:35:00,2025-01-19 08:36:00,1.0,Sunday,8
University,2025-01-19 12:08:00,2025-01-19 12:13:00,5.0,Sunday,12
University,2025-01-19 14:13:00,2025-01-19 14:18:00,5.0,Sunday,14
University,2025-01-19 14:29:00,2025-01-19 14:34:00,5.0,Sunday,14
University,2025-01-19 15:20:00,2025-01-19 15:23:00,3.0,Sunday,15
University,2025-01-19 17:44:00,2025-01-19 17:48:00,4.0,Sunday,17
University,2025-01-22 09:02:00,2025-01-22 09:06:00,4.0,Wednesday,9
University,2025-01-24 10:13:00,2025-01-24 10:17:00,4.0,Friday,10
University,2025-01-24 10:55:00,2025-01-24 11:00:00,5.0,Friday,10
University,2025-01-24 18:44:00,2025-01-24 18:47:00,3.0,Friday,18
University,2025-01-24 19:52:00,2025-01-24 19:56:00,4.0,Friday,19
University,2025-01-25 08:38:00,2025-01-25 08:44:00,6.0,Saturday,8
University,2025-01-25 09:37:00,2025-01-25 09:42:00,5.0,Saturday,9
University,2025-01-25 10:08:00,2025-01-25 10:13:00,5.0,Saturday,10
University,2025-01-25 12:05:00,2025-01-25 12:11:00,6.0,Saturday,12
University,2025-01-25 12:29:00,2025-01-25 12:34:00,5.0,Saturday,12
University,2025-01-25 13:53:00,2025-01-25 13:57:00,4.0,Saturday,13
University,2025-01-25 15:55:00,2025-01-25 15:59:00,4.0,Saturday,15
University,2025-01-25 16:36:00,2025-01-25 16:40:00,4.0,Saturday,16
University,2025-01-25 17:34:00,2025-01-25 17:39:00,5.0,Saturday,17
University,2025-01-26 11:58:00,2025-01-26 12:02:00,4.0,Sunday,11
University,2025-01-26 12:04:00,2025-01-26 12:09:00,5.0,Sunday,12
University,2025-01-26 12:18:00,2025-01-26 12:22:00,4.0,Sunday,12
University,2025-01-26 15:05:00,2025-01-26 15:10:00,5.0,Sunday,15
University,2025-01-26 15:51:00,2025-01-26 15:54:00,3.0,Sunday,15
University,2025-01-26 18:38:00,2025-01-26 18:42:00,4.0,Sunday,18
University,2025-01-27 13:09:00,2025-01-27 13:15:00,6.0,Monday,13
University,2025-01-29 06:56:00,2025-01-29 07:01:00,5.0,Wednesday,6
University,2025-01-29 18:40:00,2025-01-29 18:44:00,4.0,Wednesday,18
University,2025-01-29 19:46:00,2025-01-29 19:51:00,5.0,Wednesday,19
University,2025-01-30 13:45:00,2025-01-30 13:51:00,6.0,Thursday,13
University,2025-02-02 11:59:00,2025-02-02 12:03:00,4.0,Sunday,11
University,2025-02-02 12:19:00,2025-02-02 12:23:00,4.0,Sunday,12
University,2025-02-02 14:14:00,2025-02-02 14:17:00,3.0,Sunday,14
University,2025-02-02 15:15:00,2025-02-02 15:18:00,3.0,Sunday,15
University,2025-02-03 11:32:00,2025-02-03 11:36:00,4.0,Monday,11
University,2025-02-04 11:50:00,2025-02-04 11:55:00,5.0,Tuesday,11
University,2025-02-06 22:02:00,2025-02-06 22:07:00,5.0,Thursday,22
University,2025-02-07 09:44:00,2025-02-07 09:48:00,4.0,Friday,9
University,2025-02-08 10:58:00,2025-02-08 11:05:00,7.0,Saturday,10
University,2025-02-09 08:16:00,2025-02-09 08:18:00,2.0,Sunday,8
University,2025-02-09 08:44:00,2025-02-09 08:46:00,2.0,Sunday,8
University,2025-02-09 08:58:00,2025-02-09 09:03:00,5.0,Sunday,8
University,2025-02-09 09:39:00,2025-02-09 09:44:00,5.0,Sunday,9
University,2025-02-09 11:23:00,2025-02-09 11:28:00,5.0,Sunday,11
University,2025-02-09 11:36:00,2025-02-09 11:41:00,5.0,Sunday,11
University,2025-02-09 11:58:00,2025-02-09 12:03:00,5.0,Sunday,11
University,2025-02-09 12:22:00,2025-02-09 12:26:00,4.0,Sunday,12
University,2025-02-09 14:03:00,2025-02-09 14:07:00,4.0,Sunday,14
University,2025-02-09 14:19:00,2025-02-09 14:23:00,4.0,Sunday,14
University,2025-02-09 14:49:00,2025-02-09 14:53:00,4.0,Sunday,14
University,2025-02-10 11:49:00,2025-02-10 11:53:00,4.0,Monday,11
University,2025-02-10 12:03:00,2025-02-10 12:08:00,5.0,Monday,12
University,2025-02-11 13:27:00,2025-02-11 13:32:00,5.0,Tuesday,13
University,2025-02-11 14:53:00,2025-02-11 14:58:00,5.0,Tuesday,14
University,2025-02-12 11:11:00,2025-02-12 11:12:00,1.0,Wednesday,11
University,2025-02-12 15:13:00,2025-02-12 15:19:00,6.0,Wednesday,15
University,2025-02-12 18:45:00,2025-02-12 18:49:00,4.0,Wednesday,18
University,2025-02-12 19:48:00,2025-02-12 19:53:00,5.0,Wednesday,19
University,2025-02-13 14:51:00,2025-02-13 14:56:00,5.0,Thursday,14
University,2025-02-14 10:30:00,2025-02-14 10:35:00,5.0,Friday,10
University,2025-02-15 10:18:00,2025-02-15 10:23:00,5.0,Saturday,10
University,2025-02-16 10:07:00,2025-02-16 10:12:00,5.0,Sunday,10
University,2025-02-16 11:34:00,2025-02-16 11:38:00,4.0,Sunday,11
University,2025-02-16 12:00:00,2025-02-16 12:04:00,4.0,Sunday,12
University,2025-02-16 12:08:00,2025-02-16 12:12:00,4.0,Sunday,12
University,2025-02-16 13:20:00,2025-02-16 13:24:00,4.0,Sunday,13
University,2025-02-16 15:49:00,2025-02-16 15:53:00,4.0,Sunday,15
University,2025-02-16 16:03:00,2025-02-16 16:06:00,3.0,Sunday,16
University,2025-02-16 17:58:00,2025-02-16 18:05:00,7.0,Sunday,17
University,2025-02-16 18:23:00,2025-02-16 18:26:00,3.0,Sunday,18
University,2025-02-16 21:35:00,2025-02-16 21:43:00,8.0,Sunday,21
University,2025-02-17 09:50:00,2025-02-17 09:52:00,2.0,Monday,9
University,2025-02-17 12:31:00,2025-02-17 12:32:00,1.0,Monday,12
University,2025-02-17 17:18:00,2025-02-17 17:36:00,18.0,Monday,17
University,2025-02-17 20:47:00,2025-02-17 20:53:00,6.0,Monday,20
University,2025-02-17 21:06:00,2025-02-17 21:10:00,4.0,Monday,21
University,2025-02-18 11:36:00,2025-02-18 11:43:00,7.0,Tuesday,11
University,2025-02-18 12:32:00,2025-02-18 12:46:00,14.0,Tuesday,12
University,2025-02-18 16:00:00,2025-02-18 16:07:00,7.0,Tuesday,16
University,2025-02-19 13:25:00,2025-02-19 13:32:00,7.0,Wednesday,13
University,2025-02-19 19:30:00,2025-02-19 19:39:00,9.0,Wednesday,19
University,2025-02-20 12:06:00,2025-02-20 12:12:00,6.0,Thursday,12
University,2025-02-20 12:21:00,2025-02-20 12:24:00,3.0,Thursday,12
University,2025-02-20 13:28:00,2025-02-20 13:34:00,6.0,Thursday,13
University,2025-02-20 13:42:00,2025-02-20 13:45:00,3.0,Thursday,13
University,2025-02-20 15:25:00,2025-02-20 15:31:00,6.0,Thursday,15
University,2025-02-20 16:33:00,2025-02-20 16:40:00,7.0,Thursday,16
University,2025-02-21 13:23:00,2025-02-21 13:31:00,8.0,Friday,13
University,2025-02-21 13:52:00,2025-02-21 13:57:00,5.0,Friday,13
University,2025-02-21 16:18:00,2025-02-21 16:26:00,8.0,Friday,16
University,2025-02-21 21:19:00,2025-02-21 21:23:00,4.0,Friday,21
University,2025-02-22 09:18:00,2025-02-22 09:22:00,4.0,Saturday,9
University,2025-02-22 09:26:00,2025-02-22 09:31:00,5.0,Saturday,9
University,2025-02-22 09:47:00,2025-02-22 09:51:00,4.0,Saturday,9
University,2025-02-22 09:56:00,2025-02-22 10:01:00,5.0,Saturday,9
University,2025-02-22 16:28:00,2025-02-22 16:32:00,4.0,Saturday,16
University,2025-02-22 16:39:00,2025-02-22 16:44:00,5.0,Saturday,16
University,2025-02-22 17:01:00,2025-02-22 17:05:00,4.0,Saturday,17
University,2025-02-22 17:06:00,2025-02-22 17:11:00,5.0,Saturday,17
University,2025-02-22 17:20:00,2025-02-22 17:24:00,4.0,Saturday,17
University,2025-02-22 19:34:00,2025-02-22 19:39:00,5.0,Saturday,19
University,2025-02-23 07:33:00,2025-02-23 07:37:00,4.0,Sunday,7
University,2025-02-23 10:49:00,2025-02-23 10:56:00,7.0,Sunday,10
University,2025-02-23 14:01:00,2025-02-23 14:09:00,8.0,Sunday,14
University,2025-02-24 06:35:00,2025-02-24 06:40:00,5.0,Monday,6
University,2025-02-24 10:15:00,2025-02-24 10:21:00,6.0,Monday,10
University,2025-02-24 10:50:00,2025-02-24 10:54:00,4.0,Monday,10
University,2025-02-25 18:41:00,2025-02-25 18:47:00,6.0,Tuesday,18
University,2025-02-25 22:00:00,2025-02-25 22:05:00,5.0,Tuesday,22
University,2025-02-26 06:23:00,2025-02-26 06:29:00,6.0,Wednesday,6
University,2025-02-26 10:35:00,2025-02-26 10:41:00,6.0,Wednesday,10
University,2025-02-26 12:21:00,2025-02-26 12:26:00,5.0,Wednesday,12
University,2025-02-26 13:34:00,2025-02-26 13:38:00,4.0,Wednesday,13
University,2025-02-26 15:36:00,2025-02-26 15:44:00,8.0,Wednesday,15
University,2025-02-26 19:06:00,2025-02-26 19:11:00,5.0,Wednesday,19
University,2025-02-26 21:08:00,2025-02-26 21:13:00,5.0,Wednesday,21
University,2025-02-27 11:11:00,2025-02-27 11:15:00,4.0,Thursday,11
University,2025-02-27 11:51:00,2025-02-27 11:55:00,4.0,Thursday,11
University,2025-02-27 14:33:00,2025-02-27 14:40:00,7.0,Thursday,14
University,2025-02-27 18:09:00,2025-02-27 18:15:00,6.0,Thursday,18
University,2025-02-28 10:08:00,2025-02-28 10:12:00,4.0,Friday,10
University,2025-02-28 10:19:00,2025-02-28 10:24:00,5.0,Friday,10
University,2025-02-28 12:45:00,2025-02-28 12:50:00,5.0,Friday,12
University,2025-02-28 13:30:00,2025-02-28 13:34:00,4.0,Friday,13
University,2025-02-28 14:02:00,2025-02-28 14:06:00,4.0,Friday,14
University,2025-02-28 15:28:00,2025-02-28 15:35:00,7.0,Friday,15
University,2025-02-28 19:12:00,2025-02-28 19:18:00,6.0,Friday,19
University,2025-02-28 19:20:00,2025-02-28 19:24:00,4.0,Friday,19
University,2025-03-01 10:21:00,2025-03-01 10:27:00,6.0,Saturday,10
University,2025-03-01 11:25:00,2025-03-01 11:29:00,4.0,Saturday,11
University,2025-03-01 12:53:00,2025-03-01 13:01:00,8.0,Saturday,12
University,2025-03-01 14:26:00,2025-03-01 14:30:00,4.0,Saturday,14
University,2025-03-01 14:38:00,2025-03-01 14:43:00,5.0,Saturday,14
University,2025-03-01 16:16:00,2025-03-01 16:19:00,3.0,Saturday,16
University,2025-03-01 19:29:00,2025-03-01 19:32:00,3.0,Saturday,19
University,2025-03-01 21:00:00,2025-03-01 21:04:00,4.0,Saturday,21
University,2025-03-02 07:01:00,2025-03-02 07:02:00,1.0,Sunday,7
University,2025-03-02 12:53:00,2025-03-02 12:57:00,4.0,Sunday,12
University,2025-03-02 13:34:00,2025-03-02 13:38:00,4.0,Sunday,13
University,2025-03-02 22:38:00,2025-03-02 22:43:00,5.0,Sunday,22
University,2025-03-03 02:36:00,2025-03-03 02:41:00,5.0,Monday,2
University,2025-03-03 19:24:00,2025-03-03 19:30:00,6.0,Monday,19
University,2025-03-03 23:27:00,2025-03-03 23:32:00,5.0,Monday,23
University,2025-03-04 10:23:00,2025-03-04 10:28:00,5.0,Tuesday,10
University,2025-03-04 14:50:00,2025-03-04 15:09:00,19.0,Tuesday,14
University,2025-03-04 15:48:00,2025-03-04 15:53:00,5.0,Tuesday,15
University,2025-03-04 21:36:00,2025-03-04 21:43:00,7.0,Tuesday,21
University,2025-03-05 12:26:00,2025-03-05 12:30:00,4.0,Wednesday,12
University,2025-03-05 13:13:00,2025-03-05 13:19:00,6.0,Wednesday,13
University,2025-03-05 13:52:00,2025-03-05 13:56:00,4.0,Wednesday,13
University,2025-03-05 15:35:00,2025-03-05 15:41:00,6.0,Wednesday,15
University,2025-03-05 18:39:00,2025-03-05 18:43:00,4.0,Wednesday,18
University,2025-03-05 19:51:00,2025-03-05 19:58:00,7.0,Wednesday,19
University,2025-03-06 11:40:00,2025-03-06 11:45:00,5.0,Thursday,11
University,2025-03-06 15:04:00,2025-03-06 15:09:00,5.0,Thursday,15
University,2025-03-06 18:29:00,2025-03-06 18:35:00,6.0,Thursday,18
University,2025-03-06 22:15:00,2025-03-06 22:21:00,6.0,Thursday,22
University,2025-03-07 10:16:00,2025-03-07 10:20:00,4.0,Friday,10
University,2025-03-07 11:51:00,2025-03-07 11:55:00,4.0,Friday,11
University,2025-03-07 15:36:00,2025-03-07 15:42:00,6.0,Friday,15
University,2025-03-07 18:30:00,2025-03-07 18:33:00,3.0,Friday,18
University,2025-03-07 19:13:00,2025-03-07 19:17:00,4.0,Friday,19
University,2025-03-07 19:46:00,2025-03-07 19:53:00,7.0,Friday,19
University,2025-03-08 14:12:00,2025-03-08 14:16:00,4.0,Saturday,14
University,2025-03-08 15:56:00,2025-03-08 16:00:00,4.0,Saturday,15
University,2025-03-08 18:09:00,2025-03-08 18:13:00,4.0,Saturday,18
University,2025-03-09 07:47:00,2025-03-09 07:49:00,2.0,Sunday,7
University,2025-03-09 07:53:00,2025-03-09 07:54:00,1.0,Sunday,7
University,2025-03-09 08:32:00,2025-03-09 08:37:00,5.0,Sunday,8
University,2025-03-09 08:47:00,2025-03-09 08:52:00,5.0,Sunday,8
University,2025-03-09 09:32:00,2025-03-09 09:34:00,2.0,Sunday,9
University,2025-03-09 09:47:00,2025-03-09 09:49:00,2.0,Sunday,9
University,2025-03-09 10:14:00,2025-03-09 10:21:00,7.0,Sunday,10
University,2025-03-09 10:54:00,2025-03-09 11:00:00,6.0,Sunday,10
University,2025-03-09 12:03:00,2025-03-09 12:08:00,5.0,Sunday,12
University,2025-03-09 14:13:00,2025-03-09 14:17:00,4.0,Sunday,14
University,2025-03-10 14:06:00,2025-03-10 14:11:00,5.0,Monday,14
University,2025-03-10 15:23:00,2025-03-10 15:28:00,5.0,Monday,15
University,2025-03-10 20:25:00,2025-03-10 20:30:00,5.0,Monday,20
University,2025-03-11 14:10:00,2025-03-11 14:15:00,5.0,Tuesday,14
University,2025-03-11 15:42:00,2025-03-11 15:48:00,6.0,Tuesday,15
University,2025-03-11 20:08:00,2025-03-11 20:14:00,6.0,Tuesday,20
University,2025-03-12 06:42:00,2025-03-12 06:47:00,5.0,Wednesday,6
University,2025-03-12 18:29:00,2025-03-12 18:34:00,5.0,Wednesday,18
University,2025-03-12 18:47:00,2025-03-12 18:51:00,4.0,Wednesday,18
University,2025-03-12 19:48:00,2025-03-12 19:53:00,5.0,Wednesday,19
University,2025-03-12 22:25:00,2025-03-12 22:30:00,5.0,Wednesday,22
University,2025-03-13 10:16:00,2025-03-13 10:21:00,5.0,Thursday,10
University,2025-03-13 14:17:00,2025-03-13 14:21:00,4.0,Thursday,14
University,2025-03-13 18:35:00,2025-03-13 18:41:00,6.0,Thursday,18
University,2025-03-13 22:26:00,2025-03-13 22:31:00,5.0,Thursday,22
University,2025-03-14 11:51:00,2025-03-14 11:55:00,4.0,Friday,11
University,2025-03-14 13:07:00,2025-03-14 13:13:00,6.0,Friday,13
University,2025-03-14 13:42:00,2025-03-14 13:48:00,6.0,Friday,13
University,2025-03-14 15:31:00,2025-03-14 15:36:00,5.0,Friday,15
University,2025-03-14 19:00:00,2025-03-14 19:07:00,7.0,Friday,19
University,2025-03-16 17:57:00,2025-03-16 18:01:00,4.0,Sunday,17
University,2025-03-17 15:12:00,2025-03-17 15:20:00,8.0,Monday,15
University,2025-03-17 18:55:00,2025-03-17 19:00:00,5.0,Monday,18
University,2025-03-18 10:10:00,2025-03-18 10:15:00,5.0,Tuesday,10
University,2025-03-18 14:55:00,2025-03-18 15:02:00,7.0,Tuesday,14
University,2025-03-18 18:40:00,2025-03-18 18:45:00,5.0,Tuesday,18
University,2025-03-18 18:49:00,2025-03-18 18:55:00,6.0,Tuesday,18
University,2025-03-19 10:16:00,2025-03-19 10:21:00,5.0,Wednesday,10
University,2025-03-19 11:23:00,2025-03-19 11:29:00,6.0,Wednesday,11
University,2025-03-19 11:42:00,2025-03-19 11:47:00,5.0,Wednesday,11
University,2025-03-19 12:01:00,2025-03-19 12:06:00,5.0,Wednesday,12
University,2025-03-19 12:14:00,2025-03-19 12:20:00,6.0,Wednesday,12
University,2025-03-19 13:02:00,2025-03-19 13:07:00,5.0,Wednesday,13
University,2025-03-19 13:13:00,2025-03-19 13:18:00,5.0,Wednesday,13
University,2025-03-19 13:33:00,2025-03-19 13:37:00,4.0,Wednesday,13
University,2025-03-19 13:52:00,2025-03-19 13:56:00,4.0,Wednesday,13
University,2025-03-19 14:05:00,2025-03-19 14:11:00,6.0,Wednesday,14
University,2025-03-19 14:37:00,2025-03-19 14:46:00,9.0,Wednesday,14
University,2025-03-19 18:00:00,2025-03-19 18:06:00,6.0,Wednesday,18
University,2025-03-20 09:47:00,2025-03-20 09:52:00,5.0,Thursday,9
University,2025-03-20 10:01:00,2025-03-20 10:05:00,4.0,Thursday,10
University,2025-03-20 10:32:00,2025-03-20 10:37:00,5.0,Thursday,10
University,2025-03-20 11:04:00,2025-03-20 11:10:00,6.0,Thursday,11
University,2025-03-20 13:34:00,2025-03-20 13:40:00,6.0,Thursday,13
University,2025-03-20 13:54:00,2025-03-20 14:01:00,7.0,Thursday,13
University,2025-03-20 14:55:00,2025-03-20 15:11:00,16.0,Thursday,14
University,2025-03-20 15:28:00,2025-03-20 15:39:00,11.0,Thursday,15
University,2025-03-20 15:54:00,2025-03-20 16:02:00,8.0,Thursday,15
University,2025-03-20 16:17:00,2025-03-20 16:24:00,7.0,Thursday,16
University,2025-03-20 16:39:00,2025-03-20 16:46:00,7.0,Thursday,16
University,2025-03-20 16:59:00,2025-03-20 17:02:00,3.0,Thursday,16
University,2025-03-20 17:12:00,2025-03-20 17:16:00,4.0,Thursday,17
University,2025-03-20 18:26:00,2025-03-20 18:32:00,6.0,Thursday,18
University,2025-03-20 21:38:00,2025-03-20 21:44:00,6.0,Thursday,21
University,2025-03-21 10:07:00,2025-03-21 10:11:00,4.0,Friday,10
University,2025-03-21 10:44:00,2025-03-21 10:48:00,4.0,Friday,10
University,2025-03-21 11:10:00,2025-03-21 11:15:00,5.0,Friday,11
University,2025-03-21 11:23:00,2025-03-21 11:28:00,5.0,Friday,11
University,2025-03-21 11:39:00,2025-03-21 11:43:00,4.0,Friday,11
University,2025-03-21 13:48:00,2025-03-21 13:53:00,5.0,Friday,13
University,2025-03-21 13:58:00,2025-03-21 14:02:00,4.0,Friday,13
University,2025-03-21 15:19:00,2025-03-21 15:24:00,5.0,Friday,15
University,2025-03-21 19:40:00,2025-03-21 19:46:00,6.0,Friday,19
University,2025-03-22 11:23:00,2025-03-22 11:28:00,5.0,Saturday,11
University,2025-03-22 15:54:00,2025-03-22 15:59:00,5.0,Saturday,15
University,2025-03-22 16:15:00,2025-03-22 16:20:00,5.0,Saturday,16
University,2025-03-22 16:25:00,2025-03-22 16:30:00,5.0,Saturday,16
University,2025-03-22 19:04:00,2025-03-22 19:09:00,5.0,Saturday,19
University,2025-03-22 20:46:00,2025-03-22 20:51:00,5.0,Saturday,20
University,2025-03-22 22:34:00,2025-03-22 22:38:00,4.0,Saturday,22
University,2025-03-23 11:35:00,2025-03-23 11:41:00,6.0,Sunday,11
University,2025-03-23 16:46:00,2025-03-23 16:50:00,4.0,Sunday,16
University,2025-03-23 17:47:00,2025-03-23 17:52:00,5.0,Sunday,17
University,2025-03-23 19:16:00,2025-03-23 19:21:00,5.0,Sunday,19
University,2025-03-23 20:12:00,2025-03-23 20:16:00,4.0,Sunday,20
University,2025-03-24 14:46:00,2025-03-24 14:52:00,6.0,Monday,14
University,2025-03-24 18:58:00,2025-03-24 19:03:00,5.0,Monday,18
University,2025-03-25 12:15:00,2025-03-25 12:19:00,4.0,Tuesday,12
University,2025-03-25 13:42:00,2025-03-25 13:46:00,4.0,Tuesday,13
University,2025-03-25 15:06:00,2025-03-25 15:12:00,6.0,Tuesday,15
University,2025-03-25 18:16:00,2025-03-25 18:18:00,2.0,Tuesday,18
University,2025-03-25 19:26:00,2025-03-25 19:31:00,5.0,Tuesday,19
University,2025-03-26 12:31:00,2025-03-26 12:37:00,6.0,Wednesday,12
University,2025-03-26 15:14:00,2025-03-26 15:21:00,7.0,Wednesday,15
University,2025-03-26 18:02:00,2025-03-26 18:06:00,4.0,Wednesday,18
University,2025-03-26 18:47:00,2025-03-26 18:52:00,5.0,Wednesday,18
University,2025-03-26 19:04:00,2025-03-26 19:09:00,5.0,Wednesday,19
University,2025-03-26 19:42:00,2025-03-26 19:46:00,4.0,Wednesday,19
University,2025-03-27 16:21:00,2025-03-27 16:28:00,7.0,Thursday,16
University,2025-03-27 19:52:00,2025-03-27 19:57:00,5.0,Thursday,19
University,2025-03-28 10:32:00,2025-03-28 10:37:00,5.0,Friday,10
University,2025-03-28 14:27:00,2025-03-28 14:33:00,6.0,Friday,14
University,2025-03-28 19:26:00,2025-03-28 19:30:00,4.0,Friday,19
University,2025-03-28 21:04:00,2025-03-28 21:09:00,5.0,Friday,21
University,2025-03-29 08:41:00,2025-03-29 08:47:00,6.0,Saturday,8
University,2025-03-29 13:40:00,2025-03-29 13:46:00,6.0,Saturday,13
University,2025-03-30 11:27:00,2025-03-30 11:32:00,5.0,Sunday,11
University,2025-03-30 15:25:00,2025-03-30 15:29:00,4.0,Sunday,15
University,2025-03-30 21:40:00,2025-03-30 21:44:00,4.0,Sunday,21
University,2025-03-31 10:54:00,2025-03-31 10:59:00,5.0,Monday,10
University,2025-03-31 18:46:00,2025-03-31 18:53:00,7.0,Monday,18
University,2025-03-31 19:52:00,2025-03-31 19:57:00,5.0,Monday,19
University,2025-03-31 23:04:00,2025-03-31 23:10:00,6.0,Monday,23
University,2025-04-01 10:10:00,2025-04-01 10:14:00,4.0,Tuesday,10
University,2025-04-01 14:48:00,2025-04-01 14:54:00,6.0,Tuesday,14
University,2025-04-01 18:29:00,2025-04-01 18:36:00,7.0,Tuesday,18
University,2025-04-02 14:55:00,2025-04-02 15:02:00,7.0,Wednesday,14
University,2025-04-02 18:46:00,2025-04-02 18:53:00,7.0,Wednesday,18
University,2025-04-03 10:28:00,2025-04-03 10:31:00,3.0,Thursday,10
University,2025-04-03 11:26:00,2025-04-03 11:30:00,4.0,Thursday,11
University,2025-04-03 14:01:00,2025-04-03 14:06:00,5.0,Thursday,14
University,2025-04-03 15:09:00,2025-04-03 15:14:00,5.0,Thursday,15
University,2025-04-03 15:55:00,2025-04-03 16:01:00,6.0,Thursday,15
University,2025-04-03 20:00:00,2025-04-03 20:07:00,7.0,Thursday,20
University,2025-04-04 10:00:00,2025-04-04 10:03:00,3.0,Friday,10
University,2025-04-04 10:10:00,2025-04-04 10:14:00,4.0,Friday,10
University,2025-04-04 11:28:00,2025-04-04 11:34:00,6.0,Friday,11
University,2025-04-04 12:14:00,2025-04-04 12:19:00,5.0,Friday,12
University,2025-04-04 12:30:00,2025-04-04 12:35:00,5.0,Friday,12
University,2025-04-04 12:43:00,2025-04-04 12:47:00,4.0,Friday,12
University,2025-04-04 13:15:00,2025-04-04 13:19:00,4.0,Friday,13
University,2025-04-04 18:35:00,2025-04-04 18:42:00,7.0,Friday,18
University,2025-04-04 22:21:00,2025-04-04 22:28:00,7.0,Friday,22
University,2025-04-05 07:58:00,2025-04-05 08:02:00,4.0,Saturday,7
University,2025-04-05 11:55:00,2025-04-05 11:59:00,4.0,Saturday,11
University,2025-04-05 12:32:00,2025-04-05 12:36:00,4.0,Saturday,12
University,2025-04-05 12:45:00,2025-04-05 12:51:00,6.0,Saturday,12
University,2025-04-05 13:07:00,2025-04-05 13:12:00,5.0,Saturday,13
University,2025-04-05 13:21:00,2025-04-05 13:26:00,5.0,Saturday,13
University,2025-04-05 14:52:00,2025-04-05 14:56:00,4.0,Saturday,14
University,2025-04-05 15:12:00,2025-04-05 15:16:00,4.0,Saturday,15
University,2025-04-05 15:37:00,2025-04-05 15:41:00,4.0,Saturday,15
University,2025-04-05 17:27:00,2025-04-05 17:32:00,5.0,Saturday,17
University,2025-04-05 17:36:00,2025-04-05 17:40:00,4.0,Saturday,17
University,2025-04-05 18:24:00,2025-04-05 18:28:00,4.0,Saturday,18
University,2025-04-05 18:57:00,2025-04-05 19:01:00,4.0,Saturday,18
University,2025-04-05 19:22:00,2025-04-05 19:26:00,4.0,Saturday,19
University,2025-04-05 19:38:00,2025-04-05 19:44:00,6.0,Saturday,19
University,2025-04-06 11:09:00,2025-04-06 11:14:00,5.0,Sunday,11
University,2025-04-06 12:47:00,2025-04-06 12:52:00,5.0,Sunday,12
University,2025-04-06 13:17:00,2025-04-06 13:23:00,6.0,Sunday,13
University,2025-04-06 14:24:00,2025-04-06 14:27:00,3.0,Sunday,14
University,2025-04-06 14:44:00,2025-04-06 14:48:00,4.0,Sunday,14
University,2025-04-06 16:18:00,2025-04-06 16:22:00,4.0,Sunday,16
University,2025-04-06 17:25:00,2025-04-06 17:30:00,5.0,Sunday,17
University,2025-04-07 09:03:00,2025-04-07 09:08:00,5.0,Monday,9
University,2025-04-07 10:52:00,2025-04-07 10:57:00,5.0,Monday,10
University,2025-04-07 11:21:00,2025-04-07 11:26:00,5.0,Monday,11
University,2025-04-07 12:04:00,2025-04-07 12:09:00,5.0,Monday,12
University,2025-04-07 12:48:00,2025-04-07 12:53:00,5.0,Monday,12
University,2025-04-07 15:11:00,2025-04-07 15:17:00,6.0,Monday,15
University,2025-04-07 21:09:00,2025-04-07 21:16:00,7.0,Monday,21
University,2025-04-08 12:46:00,2025-04-08 12:49:00,3.0,Tuesday,12
University,2025-04-08 15:41:00,2025-04-08 15:47:00,6.0,Tuesday,15
University,2025-04-09 01:35:00,2025-04-09 01:40:00,5.0,Wednesday,1
University,2025-04-09 10:39:00,2025-04-09 10:43:00,4.0,Wednesday,10
University,2025-04-09 13:57:00,2025-04-09 14:05:00,8.0,Wednesday,13
University,2025-04-09 14:22:00,2025-04-09 14:32:00,10.0,Wednesday,14
University,2025-04-09 14:42:00,2025-04-09 14:53:00,11.0,Wednesday,14
University,2025-04-09 15:22:00,2025-04-09 15:27:00,5.0,Wednesday,15
University,2025-04-09 15:31:00,2025-04-09 15:34:00,3.0,Wednesday,15
University,2025-04-09 18:24:00,2025-04-09 18:30:00,6.0,Wednesday,18
University,2025-04-09 18:48:00,2025-04-09 18:53:00,5.0,Wednesday,18
University,2025-04-09 19:43:00,2025-04-09 19:48:00,5.0,Wednesday,19
University,2025-04-09 22:05:00,2025-04-09 22:11:00,6.0,Wednesday,22
University,2025-04-10 10:56:00,2025-04-10 11:05:00,9.0,Thursday,10
University,2025-04-10 15:29:00,2025-04-10 15:33:00,4.0,Thursday,15
University,2025-04-10 15:48:00,2025-04-10 15:55:00,7.0,Thursday,15
University,2025-04-11 00:01:00,2025-04-11 00:07:00,6.0,Friday,0
University,2025-04-11 09:58:00,2025-04-11 10:02:00,4.0,Friday,9
University,2025-04-11 10:46:00,2025-04-11 10:51:00,5.0,Friday,10
University,2025-04-11 11:21:00,2025-04-11 11:25:00,4.0,Friday,11
University,2025-04-11 12:10:00,2025-04-11 12:14:00,4.0,Friday,12
University,2025-04-11 13:40:00,2025-04-11 13:48:00,8.0,Friday,13
University,2025-04-11 13:57:00,2025-04-11 14:04:00,7.0,Friday,13
University,2025-04-11 15:46:00,2025-04-11 15:53:00,7.0,Friday,15
University,2025-04-11 18:26:00,2025-04-11 18:30:00,4.0,Friday,18
University,2025-04-11 19:10:00,2025-04-11 19:16:00,6.0,Friday,19
University,2025-04-11 19:42:00,2025-04-11 19:46:00,4.0,Friday,19
University,2025-04-11 19:51:00,2025-04-11 19:54:00,3.0,Friday,19
University,2025-04-12 10:08:00,2025-04-12 10:13:00,5.0,Saturday,10
University,2025-04-12 12:45:00,2025-04-12 12:50:00,5.0,Saturday,12
University,2025-04-12 13:06:00,2025-04-12 13:10:00,4.0,Saturday,13
University,2025-04-12 15:41:00,2025-04-12 15:45:00,4.0,Saturday,15
University,2025-04-12 15:50:00,2025-04-12 15:54:00,4.0,Saturday,15
University,2025-04-12 16:49:00,2025-04-12 16:52:00,3.0,Saturday,16
University,2025-04-13 10:20:00,2025-04-13 10:28:00,8.0,Sunday,10
University,2025-04-13 12:16:00,2025-04-13 12:20:00,4.0,Sunday,12
University,2025-04-13 12:55:00,2025-04-13 13:02:00,7.0,Sunday,12
University,2025-04-13 13:11:00,2025-04-13 13:16:00,5.0,Sunday,13
University,2025-04-13 14:04:00,2025-04-13 14:09:00,5.0,Sunday,14
University,2025-04-13 14:29:00,2025-04-13 14:33:00,4.0,Sunday,14
University,2025-04-13 17:57:00,2025-04-13 18:03:00,6.0,Sunday,17
University,2025-04-13 18:09:00,2025-04-13 18:13:00,4.0,Sunday,18
University,2025-04-13 18:52:00,2025-04-13 18:57:00,5.0,Sunday,18
University,2025-04-14 13:29:00,2025-04-14 13:33:00,4.0,Monday,13
University,2025-04-14 15:13:00,2025-04-14 15:16:00,3.0,Monday,15
University,2025-04-14 15:43:00,2025-04-14 15:50:00,7.0,Monday,15
University,2025-04-14 19:35:00,2025-04-14 19:40:00,5.0,Monday,19
University,2025-04-15 12:37:00,2025-04-15 12:41:00,4.0,Tuesday,12
University,2025-04-15 13:12:00,2025-04-15 13:17:00,5.0,Tuesday,13
University,2025-04-15 15:42:00,2025-04-15 15:49:00,7.0,Tuesday,15
University,2025-04-15 19:24:00,2025-04-15 19:29:00,5.0,Tuesday,19
University,2025-04-16 11:30:00,2025-04-16 11:34:00,4.0,Wednesday,11
University,2025-04-16 18:44:00,2025-04-16 18:48:00,4.0,Wednesday,18
University,2025-04-16 19:47:00,2025-04-16 19:52:00,5.0,Wednesday,19
University,2025-04-17 09:35:00,2025-04-17 09:42:00,7.0,Thursday,9
University,2025-04-17 12:34:00,2025-04-17 12:38:00,4.0,Thursday,12
University,2025-04-17 13:10:00,2025-04-17 13:15:00,5.0,Thursday,13
University,2025-04-17 13:35:00,2025-04-17 13:38:00,3.0,Thursday,13
University,2025-04-17 13:51:00,2025-04-17 13:55:00,4.0,Thursday,13
University,2025-04-17 14:11:00,2025-04-17 14:15:00,4.0,Thursday,14
University,2025-04-17 19:38:00,2025-04-17 19:44:00,6.0,Thursday,19
University,2025-04-18 06:48:00,2025-04-18 06:54:00,6.0,Friday,6
University,2025-04-18 10:18:00,2025-04-18 10:22:00,4.0,Friday,10
University,2025-04-18 14:45:00,2025-04-18 14:49:00,4.0,Friday,14
University,2025-04-18 18:39:00,2025-04-18 18:44:00,5.0,Friday,18
University,2025-04-19 12:58:00,2025-04-19 13:03:00,5.0,Saturday,12
University,2025-04-19 16:21:00,2025-04-19 16:25:00,4.0,Saturday,16
University,2025-04-19 17:02:00,2025-04-19 17:06:00,4.0,Saturday,17
University,2025-04-19 18:45:00,2025-04-19 18:49:00,4.0,Saturday,18
University,2025-04-20 09:04:00,2025-04-20 09:08:00,4.0,Sunday,9
University,2025-04-20 14:18:00,2025-04-20 14:23:00,5.0,Sunday,14
University,2025-04-20 15:04:00,2025-04-20 15:07:00,3.0,Sunday,15
University,2025-04-22 09:01:00,2025-04-22 09:06:00,5.0,Tuesday,9
University,2025-04-22 09:19:00,2025-04-22 09:23:00,4.0,Tuesday,9
University,2025-04-22 11:55:00,2025-04-22 11:59:00,4.0,Tuesday,11
University,2025-04-22 18:30:00,2025-04-22 18:35:00,5.0,Tuesday,18
University,2025-04-22 22:02:00,2025-04-22 22:08:00,6.0,Tuesday,22
University,2025-04-23 09:29:00,2025-04-23 09:33:00,4.0,Wednesday,9
University,2025-04-23 10:12:00,2025-04-23 10:16:00,4.0,Wednesday,10
University,2025-04-23 10:53:00,2025-04-23 10:57:00,4.0,Wednesday,10
University,2025-04-23 14:10:00,2025-04-23 14:16:00,6.0,Wednesday,14
University,2025-04-23 15:34:00,2025-04-23 15:41:00,7.0,Wednesday,15
University,2025-04-23 18:14:00,2025-04-23 18:19:00,5.0,Wednesday,18
University,2025-04-23 19:28:00,2025-04-23 19:34:00,6.0,Wednesday,19
University,2025-04-24 11:26:00,2025-04-24 11:30:00,4.0,Thursday,11
University,2025-04-24 11:40:00,2025-04-24 11:45:00,5.0,Thursday,11
University,2025-04-24 12:07:00,2025-04-24 12:12:00,5.0,Thursday,12
University,2025-04-24 20:12:00,2025-04-24 20:18:00,6.0,Thursday,20
University,2025-04-25 06:15:00,2025-04-25 06:21:00,6.0,Friday,6
University,2025-04-25 12:06:00,2025-04-25 12:12:00,6.0,Friday,12
University,2025-04-25 12:44:00,2025-04-25 12:50:00,6.0,Friday,12
University,2025-04-25 13:28:00,2025-04-25 13:32:00,4.0,Friday,13
University,2025-04-25 14:05:00,2025-04-25 14:10:00,5.0,Friday,14
University,2025-04-25 14:48:00,2025-04-25 14:53:00,5.0,Friday,14
University,2025-04-25 18:30:00,2025-04-25 18:36:00,6.0,Friday,18
University,2025-04-25 19:03:00,2025-04-25 19:07:00,4.0,Friday,19
University,2025-04-25 19:23:00,2025-04-25 19:26:00,3.0,Friday,19
University,2025-04-25 19:27:00,2025-04-25 19:33:00,6.0,Friday,19
University,2025-04-26 07:44:00,2025-04-26 07:50:00,6.0,Saturday,7
University,2026-01-23 19:17:00,2026-01-23 19:22:00,5.0,Friday,19
University,2026-01-23 19:35:00,2026-01-23 19:41:00,6.0,Friday,19
University,2026-01-23 19:51:00,2026-01-23 19:54:00,3.0,Friday,19
University,2026-01-24 15:24:00,2026-01-24 15:30:00,6.0,Saturday,15
University,2026-01-24 19:07:00,2026-01-24 19:12:00,5.0,Saturday,19
University,2026-01-25 12:44:00,2026-01-25 12:48:00,4.0,Sunday,12
University,2026-01-25 15:06:00,2026-01-25 15:10:00,4.0,Sunday,15
University,2026-01-25 15:47:00,2026-01-25 15:54:00,7.0,Sunday,15
University,2026-01-26 14:21:00,2026-01-26 14:27:00,6.0,Monday,14
University,2026-01-27 13:06:00,2026-01-27 13:11:00,5.0,Tuesday,13
University,2026-01-27 15:22:00,2026-01-27 15:28:00,6.0,Tuesday,15
University,2026-01-27 19:09:00,2026-01-27 19:15:00,6.0,Tuesday,19
University,2026-01-28 19:33:00,2026-01-28 19:40:00,7.0,Wednesday,19
University,2026-01-28 23:28:00,2026-01-28 23:33:00,5.0,Wednesday,23
University,2026-01-29 10:12:00,2026-01-29 10:16:00,4.0,Thursday,10
University,2026-01-29 13:24:00,2026-01-29 13:28:00,4.0,Thursday,13
University,2026-01-29 15:14:00,2026-01-29 15:18:00,4.0,Thursday,15
University,2026-01-29 15:33:00,2026-01-29 15:40:00,7.0,Thursday,15
University,2026-01-29 15:51:00,2026-01-29 15:55:00,4.0,Thursday,15
University,2026-01-29 19:15:00,2026-01-29 19:21:00,6.0,Thursday,19
University,2026-01-30 18:32:00,2026-01-30 18:38:00,6.0,Friday,18
University,2026-01-30 22:04:00,2026-01-30 22:09:00,5.0,Friday,22
University,2026-01-31 08:10:00,2026-01-31 08:14:00,4.0,Saturday,8
University,2026-01-31 08:31:00,2026-01-31 08:36:00,5.0,Saturday,8
University,2026-01-31 09:24:00,2026-01-31 09:28:00,4.0,Saturday,9
University,2026-01-31 09:37:00,2026-01-31 09:41:00,4.0,Saturday,9
University,2026-01-31 10:37:00,2026-01-31 10:41:00,4.0,Saturday,10
University,2026-01-31 10:48:00,2026-01-31 10:53:00,5.0,Saturday,10
University,2026-01-31 11:58:00,2026-01-31 12:02:00,4.0,Saturday,11
University,2026-01-31 12:21:00,2026-01-31 12:25:00,4.0,Saturday,12
University,2026-01-31 12:47:00,2026-01-31 12:54:00,7.0,Saturday,12
University,2026-01-31 14:19:00,2026-01-31 14:24:00,5.0,Saturday,14
University,2026-01-31 14:39:00,2026-01-31 14:43:00,4.0,Saturday,14
University,2026-01-31 15:16:00,2026-01-31 15:19:00,3.0,Saturday,15
University,2026-01-31 15:31:00,2026-01-31 15:36:00,5.0,Saturday,15
University,2026-01-31 16:34:00,2026-01-31 16:41:00,7.0,Saturday,16
University,2026-01-31 17:29:00,2026-01-31 17:33:00,4.0,Saturday,17
University,2026-01-31 18:26:00,2026-01-31 18:30:00,4.0,Saturday,18
University,2026-01-31 19:01:00,2026-01-31 19:05:00,4.0,Saturday,19
University,2026-02-01 12:02:00,2026-02-01 12:07:00,5.0,Sunday,12
University,2026-02-01 12:40:00,2026-02-01 12:43:00,3.0,Sunday,12
University,2026-02-01 14:13:00,2026-02-01 14:18:00,5.0,Sunday,14
University,2026-02-01 14:25:00,2026-02-01 14:29:00,4.0,Sunday,14
University,2026-02-01 14:32:00,2026-02-01 14:36:00,4.0,Sunday,14
University,2026-02-01 14:51:00,2026-02-01 14:57:00,6.0,Sunday,14
University,2026-02-01 19:05:00,2026-02-01 19:12:00,7.0,Sunday,19
University,2026-02-02 10:37:00,2026-02-02 10:42:00,5.0,Monday,10
University,2026-02-05 10:39:00,2026-02-05 10:43:00,4.0,Thursday,10
University,2026-02-05 12:04:00,2026-02-05 12:09:00,5.0,Thursday,12
University,2026-02-05 13:04:00,2026-02-05 13:08:00,4.0,Thursday,13
University,2026-02-05 15:16:00,2026-02-05 15:20:00,4.0,Thursday,15
University,2026-02-06 09:57:00,2026-02-06 10:01:00,4.0,Friday,9
University,2026-02-06 11:48:00,2026-02-06 11:53:00,5.0,Friday,11
University,2026-02-06 13:51:00,2026-02-06 13:56:00,5.0,Friday,13
University,2026-02-06 18:33:00,2026-02-06 18:40:00,7.0,Friday,18
University,2026-02-06 22:04:00,2026-02-06 22:08:00,4.0,Friday,22
University,2026-02-07 00:39:00,2026-02-07 00:45:00,6.0,Saturday,0
University,2026-02-08 08:29:00,2026-02-08 08:34:00,5.0,Sunday,8
University,2026-02-08 08:44:00,2026-02-08 08:48:00,4.0,Sunday,8
University,2026-02-08 09:25:00,2026-02-08 09:30:00,5.0,Sunday,9
University,2026-02-08 09:40:00,2026-02-08 09:45:00,5.0,Sunday,9
University,2026-02-08 10:37:00,2026-02-08 10:42:00,5.0,Sunday,10
University,2026-02-08 11:08:00,2026-02-08 11:12:00,4.0,Sunday,11
University,2026-02-08 12:06:00,2026-02-08 12:10:00,4.0,Sunday,12
University,2026-02-08 13:44:00,2026-02-08 13:48:00,4.0,Sunday,13
University,2026-02-08 14:45:00,2026-02-08 14:49:00,4.0,Sunday,14
University,2026-02-09 09:24:00,2026-02-09 09:29:00,5.0,Monday,9
University,2026-02-10 11:38:00,2026-02-10 11:43:00,5.0,Tuesday,11
University,2026-02-10 21:21:00,2026-02-10 21:28:00,7.0,Tuesday,21
University,2026-02-11 10:52:00,2026-02-11 10:58:00,6.0,Wednesday,10
University,2026-02-11 14:43:00,2026-02-11 14:49:00,6.0,Wednesday,14
University,2026-02-11 18:32:00,2026-02-11 18:38:00,6.0,Wednesday,18
University,2026-02-11 22:20:00,2026-02-11 22:27:00,7.0,Wednesday,22
University,2026-02-12 14:08:00,2026-02-12 14:13:00,5.0,Thursday,14
University,2026-02-12 22:37:00,2026-02-12 22:44:00,7.0,Thursday,22
University,2026-02-13 02:51:00,2026-02-13 02:57:00,6.0,Friday,2
University,2026-02-13 08:59:00,2026-02-13 09:08:00,9.0,Friday,8
University,2026-02-13 12:43:00,2026-02-13 12:48:00,5.0,Friday,12
University,2026-02-13 19:38:00,2026-02-13 19:44:00,6.0,Friday,19
University,2026-02-13 23:28:00,2026-02-13 23:34:00,6.0,Friday,23
University,2026-02-14 12:27:00,2026-02-14 12:32:00,5.0,Saturday,12
University,2026-02-14 13:48:00,2026-02-14 13:52:00,4.0,Saturday,13
University,2026-02-14 15:19:00,2026-02-14 15:23:00,4.0,Saturday,15
University,2026-02-14 15:50:00,2026-02-14 15:57:00,7.0,Saturday,15
University,2026-02-14 19:29:00,2026-02-14 19:36:00,7.0,Saturday,19
University,2026-02-15 08:57:00,2026-02-15 08:59:00,2.0,Sunday,8
University,2026-02-15 09:16:00,2026-02-15 09:18:00,2.0,Sunday,9
University,2026-02-15 12:02:00,2026-02-15 12:08:00,6.0,Sunday,12
University,2026-02-15 12:16:00,2026-02-15 12:21:00,5.0,Sunday,12
University,2026-02-15 12:42:00,2026-02-15 12:47:00,5.0,Sunday,12
University,2026-02-15 14:00:00,2026-02-15 14:02:00,2.0,Sunday,14
University,2026-02-15 14:08:00,2026-02-15 14:13:00,5.0,Sunday,14
University,2026-02-15 14:21:00,2026-02-15 14:25:00,4.0,Sunday,14
University,2026-02-15 15:13:00,2026-02-15 15:16:00,3.0,Sunday,15
University,2026-02-15 15:54:00,2026-02-15 16:00:00,6.0,Sunday,15
University,2026-02-15 19:21:00,2026-02-15 19:27:00,6.0,Sunday,19
University,2026-02-16 11:11:00,2026-02-16 11:17:00,6.0,Monday,11
University,2026-02-16 14:01:00,2026-02-16 14:05:00,4.0,Monday,14
University,2026-02-16 16:50:00,2026-02-16 16:57:00,7.0,Monday,16
University,2026-02-16 21:57:00,2026-02-16 22:04:00,7.0,Monday,21
University,2026-02-17 15:47:00,2026-02-17 15:52:00,5.0,Tuesday,15
University,2026-02-17 19:24:00,2026-02-17 19:30:00,6.0,Tuesday,19
University,2026-02-18 12:59:00,2026-02-18 13:02:00,3.0,Wednesday,12
University,2026-02-18 14:28:00,2026-02-18 14:33:00,5.0,Wednesday,14
University,2026-02-18 15:12:00,2026-02-18 15:19:00,7.0,Wednesday,15
University,2026-02-18 19:11:00,2026-02-18 19:16:00,5.0,Wednesday,19
University,2026-02-18 19:48:00,2026-02-18 19:52:00,4.0,Wednesday,19
University,2026-02-19 12:15:00,2026-02-19 12:20:00,5.0,Thursday,12
University,2026-02-19 12:38:00,2026-02-19 12:43:00,5.0,Thursday,12
University,2026-02-19 14:44:00,2026-02-19 14:50:00,6.0,Thursday,14
University,2026-02-19 19:39:00,2026-02-19 19:45:00,6.0,Thursday,19
University,2026-02-20 18:33:00,2026-02-20 18:40:00,7.0,Friday,18
University,2026-02-20 22:14:00,2026-02-20 22:20:00,6.0,Friday,22
University,2026-02-21 13:45:00,2026-02-21 13:52:00,7.0,Saturday,13
University,2026-02-21 17:45:00,2026-02-21 17:50:00,5.0,Saturday,17
University,2026-02-22 09:26:00,2026-02-22 09:28:00,2.0,Sunday,9
University,2026-02-22 14:10:00,2026-02-22 14:16:00,6.0,Sunday,14
University,2026-02-22 18:44:00,2026-02-22 18:50:00,6.0,Sunday,18
University,2026-02-23 10:06:00,2026-02-23 10:11:00,5.0,Monday,10
University,2026-02-23 15:39:00,2026-02-23 15:44:00,5.0,Monday,15
University,2026-02-24 18:32:00,2026-02-24 18:38:00,6.0,Tuesday,18
University,2026-02-25 18:31:00,2026-02-25 18:37:00,6.0,Wednesday,18
University,2026-02-25 22:00:00,2026-02-25 22:06:00,6.0,Wednesday,22
University,2026-02-26 10:52:00,2026-02-26 10:56:00,4.0,Thursday,10
University,2026-02-26 11:11:00,2026-02-26 11:15:00,4.0,Thursday,11
University,2026-02-26 15:15:00,2026-02-26 15:21:00,6.0,Thursday,15
University,2026-02-26 21:56:00,2026-02-26 22:02:00,6.0,Thursday,21
University,2026-02-27 09:25:00,2026-02-27 09:31:00,6.0,Friday,9
University,2026-02-27 10:08:00,2026-02-27 10:13:00,5.0,Friday,10
University,2026-02-27 11:17:00,2026-02-27 11:21:00,4.0,Friday,11
University,2026-02-27 17:59:00,2026-02-27 18:03:00,4.0,Friday,17
University,2026-02-27 18:40:00,2026-02-27 18:47:00,7.0,Friday,18
University,2026-02-27 23:36:00,2026-02-27 23:42:00,6.0,Friday,23
University,2026-02-28 07:02:00,2026-02-28 07:07:00,5.0,Saturday,7
University,2026-02-28 10:25:00,2026-02-28 10:30:00,5.0,Saturday,10
University,2026-02-28 12:05:00,2026-02-28 12:10:00,5.0,Saturday,12
University,2026-02-28 12:31:00,2026-02-28 12:35:00,4.0,Saturday,12
University,2026-02-28 13:38:00,2026-02-28 13:43:00,5.0,Saturday,13
University,2026-02-28 15:26:00,2026-02-28 15:30:00,4.0,Saturday,15
University,2026-02-28 15:43:00,2026-02-28 15:47:00,4.0,Saturday,15
University,2026-02-28 16:30:00,2026-02-28 16:34:00,4.0,Saturday,16
University,2026-02-28 16:47:00,2026-02-28 16:50:00,3.0,Saturday,16
University,2026-03-01 17:36:00,2026-03-01 17:39:00,3.0,Sunday,17
University,2026-03-02 11:28:00,2026-03-02 11:33:00,5.0,Monday,11
University,2026-03-02 12:22:00,2026-03-02 12:27:00,5.0,Monday,12
University,2026-03-02 18:51:00,2026-03-02 18:59:00,8.0,Monday,18
University,2026-03-02 22:11:00,2026-03-02 22:18:00,7.0,Monday,22
University,2026-03-03 18:51:00,2026-03-03 19:00:00,9.0,Tuesday,18
University,2026-03-03 22:22:00,2026-03-03 22:28:00,6.0,Tuesday,22
University,2026-03-04 12:14:00,2026-03-04 12:18:00,4.0,Wednesday,12
University,2026-03-05 11:16:00,2026-03-05 11:20:00,4.0,Thursday,11
University,2026-03-05 14:17:00,2026-03-05 14:22:00,5.0,Thursday,14
University,2026-03-06 13:00:00,2026-03-06 13:04:00,4.0,Friday,13
University,2026-03-06 13:55:00,2026-03-06 13:59:00,4.0,Friday,13
University,2026-03-06 14:07:00,2026-03-06 14:11:00,4.0,Friday,14
University,2026-03-06 18:03:00,2026-03-06 18:07:00,4.0,Friday,18
University,2026-03-06 20:32:00,2026-03-06 20:40:00,8.0,Friday,20
University,2026-03-06 23:50:00,2026-03-06 23:56:00,6.0,Friday,23
University,2026-03-07 08:36:00,2026-03-07 08:40:00,4.0,Saturday,8
University,2026-03-07 11:24:00,2026-03-07 11:29:00,5.0,Saturday,11
University,2026-03-07 12:02:00,2026-03-07 12:06:00,4.0,Saturday,12
University,2026-03-07 16:36:00,2026-03-07 16:40:00,4.0,Saturday,16
University,2026-03-07 17:34:00,2026-03-07 17:38:00,4.0,Saturday,17
University,2026-03-07 18:34:00,2026-03-07 18:37:00,3.0,Saturday,18
University,2026-03-08 12:06:00,2026-03-08 12:10:00,4.0,Sunday,12
University,2026-03-09 10:11:00,2026-03-09 10:16:00,5.0,Monday,10
University,2026-03-10 12:05:00,2026-03-10 12:09:00,4.0,Tuesday,12
University,2026-03-10 15:14:00,2026-03-10 15:17:00,3.0,Tuesday,15
University,2026-03-12 14:13:00,2026-03-12 14:18:00,5.0,Thursday,14
University,2026-03-12 18:33:00,2026-03-12 18:41:00,8.0,Thursday,18
University,2026-03-12 21:56:00,2026-03-12 22:03:00,7.0,Thursday,21
University,2026-03-13 09:33:00,2026-03-13 09:38:00,5.0,Friday,9
University,2026-03-13 13:39:00,2026-03-13 13:44:00,5.0,Friday,13
University,2026-03-13 14:37:00,2026-03-13 14:42:00,5.0,Friday,14
University,2026-03-13 18:38:00,2026-03-13 18:46:00,8.0,Friday,18
University,2026-03-13 22:09:00,2026-03-13 22:16:00,7.0,Friday,22
University,2026-03-14 16:45:00,2026-03-14 16:48:00,3.0,Saturday,16
University,2026-03-16 10:09:00,2026-03-16 10:14:00,5.0,Monday,10
University,2026-03-16 11:12:00,2026-03-16 11:17:00,5.0,Monday,11
University,2026-03-16 18:35:00,2026-03-16 18:42:00,7.0,Monday,18
University,2026-03-16 23:00:00,2026-03-16 23:06:00,6.0,Monday,23
University,2026-03-17 10:26:00,2026-03-17 10:32:00,6.0,Tuesday,10
University,2026-03-17 11:40:00,2026-03-17 11:46:00,6.0,Tuesday,11
University,2026-03-17 18:47:00,2026-03-17 18:55:00,8.0,Tuesday,18
University,2026-03-17 23:00:00,2026-03-17 23:07:00,7.0,Tuesday,23
University,2026-03-18 19:05:00,2026-03-18 19:17:00,12.0,Wednesday,19
University,2026-03-18 23:26:00,2026-03-18 23:32:00,6.0,Wednesday,23
University,2026-03-20 11:17:00,2026-03-20 11:21:00,4.0,Friday,11
University,2026-03-20 13:20:00,2026-03-20 13:24:00,4.0,Friday,13
University,2026-03-20 13:56:00,2026-03-20 14:00:00,4.0,Friday,13
University,2026-03-20 18:03:00,2026-03-20 18:06:00,3.0,Friday,18
University,2026-03-20 18:58:00,2026-03-20 19:06:00,8.0,Friday,18
University,2026-03-20 19:58:00,2026-03-20 20:01:00,3.0,Friday,19
University,2026-03-20 23:45:00,2026-03-20 23:53:00,8.0,Friday,23
University,2026-03-21 07:02:00,2026-03-21 07:06:00,4.0,Saturday,7
University,2026-03-21 09:27:00,2026-03-21 09:33:00,6.0,Saturday,9
University,2026-03-21 11:47:00,2026-03-21 11:52:00,5.0,Saturday,11
University,2026-03-21 13:23:00,2026-03-21 13:29:00,6.0,Saturday,13
University,2026-03-21 13:42:00,2026-03-21 13:47:00,5.0,Saturday,13
University,2026-03-21 14:53:00,2026-03-21 14:58:00,5.0,Saturday,14
University,2026-03-21 15:31:00,2026-03-21 15:37:00,6.0,Saturday,15
University,2026-03-21 17:37:00,2026-03-21 17:42:00,5.0,Saturday,17
University,2026-03-21 18:05:00,2026-03-21 18:10:00,5.0,Saturday,18
University,2026-03-21 20:19:00,2026-03-21 20:23:00,4.0,Saturday,20
University,2026-03-22 08:34:00,2026-03-22 08:39:00,5.0,Sunday,8
University,2026-03-22 08:49:00,2026-03-22 08:54:00,5.0,Sunday,8
University,2026-03-22 09:09:00,2026-03-22 09:10:00,1.0,Sunday,9
University,2026-03-22 09:22:00,2026-03-22 09:24:00,2.0,Sunday,9
University,2026-03-22 09:40:00,2026-03-22 09:45:00,5.0,Sunday,9
University,2026-03-22 09:56:00,2026-03-22 10:01:00,5.0,Sunday,9
University,2026-03-22 13:03:00,2026-03-22 13:08:00,5.0,Sunday,13
University,2026-03-23 09:14:00,2026-03-23 09:19:00,5.0,Monday,9
University,2026-03-23 12:58:00,2026-03-23 13:02:00,4.0,Monday,12
University,2026-03-23 15:39:00,2026-03-23 15:47:00,8.0,Monday,15
University,2026-03-23 18:15:00,2026-03-23 18:19:00,4.0,Monday,18
University,2026-03-23 20:06:00,2026-03-23 20:14:00,8.0,Monday,20
University,2026-03-24 06:01:00,2026-03-24 06:06:00,5.0,Tuesday,6
University,2026-03-24 11:15:00,2026-03-24 11:19:00,4.0,Tuesday,11
University,2026-03-25 19:11:00,2026-03-25 19:16:00,5.0,Wednesday,19
University,2026-03-25 19:57:00,2026-03-25 20:01:00,4.0,Wednesday,19
University,2026-03-26 11:49:00,2026-03-26 11:53:00,4.0,Thursday,11
University,2026-03-26 13:34:00,2026-03-26 13:38:00,4.0,Thursday,13
University,2026-03-26 14:44:00,2026-03-26 14:49:00,5.0,Thursday,14
University,2026-03-26 15:01:00,2026-03-26 15:05:00,4.0,Thursday,15
University,2026-03-27 11:26:00,2026-03-27 11:32:00,6.0,Friday,11
University,2026-03-27 12:17:00,2026-03-27 13:53:00,96.0,Friday,12
University,2026-03-27 14:53:00,2026-03-27 14:58:00,5.0,Friday,14
University,2026-03-27 23:05:00,2026-03-27 23:12:00,7.0,Friday,23
University,2026-03-28 12:16:00,2026-03-28 12:22:00,6.0,Saturday,12
University,2026-03-28 14:00:00,2026-03-28 14:07:00,7.0,Saturday,14
University,2026-03-28 14:31:00,2026-03-28 14:38:00,7.0,Saturday,14
University,2026-03-28 15:46:00,2026-03-28 15:51:00,5.0,Saturday,15
University,2026-03-28 20:26:00,2026-03-28 20:30:00,4.0,Saturday,20
University,2026-03-30 13:34:00,2026-03-30 13:38:00,4.0,Monday,13
University,2026-03-30 13:53:00,2026-03-30 13:57:00,4.0,Monday,13
